experiment_id=phase1-placement-sensitivity-v1
scenario=homogeneous_control speeds=[1.0, 1.0, 1.0, 1.0, 1.0, 1.0, 1.0, 1.0] partitions=20
  trial scenario=homogeneous_control partition_id=uniform partition=10-10-10-10-10-10-10-10 lambda=0.006 safe=True first_violation=None event_count=204 peak_prefill=1 peak_decode=4 minimum_link_headroom_mb_s=584.631518 peak_memory_gb=24.773
  trial scenario=homogeneous_control partition_id=uniform partition=10-10-10-10-10-10-10-10 lambda=0.0065 safe=True first_violation=None event_count=204 peak_prefill=1 peak_decode=5 minimum_link_headroom_mb_s=358.41104 peak_memory_gb=25.0322
  trial scenario=homogeneous_control partition_id=uniform partition=10-10-10-10-10-10-10-10 lambda=0.007 safe=True first_violation=None event_count=204 peak_prefill=1 peak_decode=5 minimum_link_headroom_mb_s=358.516848 peak_memory_gb=25.0274
  trial scenario=homogeneous_control partition_id=uniform partition=10-10-10-10-10-10-10-10 lambda=0.0075 safe=True first_violation=None event_count=204 peak_prefill=1 peak_decode=6 minimum_link_headroom_mb_s=119.685981 peak_memory_gb=25.6667
  trial scenario=homogeneous_control partition_id=uniform partition=10-10-10-10-10-10-10-10 lambda=0.008 safe=True first_violation=None event_count=204 peak_prefill=1 peak_decode=6 minimum_link_headroom_mb_s=119.797075 peak_memory_gb=25.6619
  trial scenario=homogeneous_control partition_id=uniform partition=10-10-10-10-10-10-10-10 lambda=0.0085 safe=True first_violation=None event_count=204 peak_prefill=1 peak_decode=6 minimum_link_headroom_mb_s=120.032956 peak_memory_gb=25.6523
  trial scenario=homogeneous_control partition_id=uniform partition=10-10-10-10-10-10-10-10 lambda=0.009 safe=True first_violation=None event_count=204 peak_prefill=1 peak_decode=6 minimum_link_headroom_mb_s=119.830963 peak_memory_gb=25.6619
  trial scenario=homogeneous_control partition_id=uniform partition=10-10-10-10-10-10-10-10 lambda=0.0095 safe=False first_violation=network event_count=166 peak_prefill=1 peak_decode=6 minimum_link_headroom_mb_s=-134.718641 peak_memory_gb=25.6571
  trial scenario=homogeneous_control partition_id=uniform partition=10-10-10-10-10-10-10-10 lambda=0.01 safe=False first_violation=network event_count=116 peak_prefill=1 peak_decode=6 minimum_link_headroom_mb_s=-104.795979 peak_memory_gb=24.7385
  trial scenario=homogeneous_control partition_id=uniform partition=10-10-10-10-10-10-10-10 lambda=0.0105 safe=False first_violation=network event_count=116 peak_prefill=1 peak_decode=6 minimum_link_headroom_mb_s=-104.795979 peak_memory_gb=24.7289
  trial scenario=homogeneous_control partition_id=uniform partition=10-10-10-10-10-10-10-10 lambda=0.011 safe=False first_violation=network event_count=104 peak_prefill=1 peak_decode=6 minimum_link_headroom_mb_s=-112.032912 peak_memory_gb=24.8201
  trial scenario=homogeneous_control partition_id=uniform partition=10-10-10-10-10-10-10-10 lambda=0.0115 safe=False first_violation=network event_count=102 peak_prefill=1 peak_decode=6 minimum_link_headroom_mb_s=-111.79799 peak_memory_gb=24.8201
  trial scenario=homogeneous_control partition_id=uniform partition=10-10-10-10-10-10-10-10 lambda=0.012 safe=False first_violation=network event_count=101 peak_prefill=1 peak_decode=6 minimum_link_headroom_mb_s=-111.677362 peak_memory_gb=24.8201
  trial scenario=homogeneous_control partition_id=uniform partition=10-10-10-10-10-10-10-10 lambda=0.0125 safe=False first_violation=network event_count=74 peak_prefill=1 peak_decode=6 minimum_link_headroom_mb_s=-107.115817 peak_memory_gb=24.8153
  trial scenario=homogeneous_control partition_id=uniform partition=10-10-10-10-10-10-10-10 lambda=0.013 safe=False first_violation=network event_count=74 peak_prefill=1 peak_decode=6 minimum_link_headroom_mb_s=-107.115817 peak_memory_gb=24.8153
  trial scenario=homogeneous_control partition_id=uniform partition=10-10-10-10-10-10-10-10 lambda=0.0135 safe=False first_violation=network event_count=73 peak_prefill=1 peak_decode=6 minimum_link_headroom_mb_s=-106.992345 peak_memory_gb=24.8153
  trial scenario=homogeneous_control partition_id=uniform partition=10-10-10-10-10-10-10-10 lambda=0.014 safe=False first_violation=network event_count=73 peak_prefill=1 peak_decode=6 minimum_link_headroom_mb_s=-106.992345 peak_memory_gb=24.8153
  trial scenario=homogeneous_control partition_id=uniform partition=10-10-10-10-10-10-10-10 lambda=0.0145 safe=False first_violation=network event_count=71 peak_prefill=1 peak_decode=6 minimum_link_headroom_mb_s=-106.760412 peak_memory_gb=24.9017
  trial scenario=homogeneous_control partition_id=uniform partition=10-10-10-10-10-10-10-10 lambda=0.015 safe=False first_violation=network event_count=68 peak_prefill=1 peak_decode=6 minimum_link_headroom_mb_s=-106.429294 peak_memory_gb=24.8969
  trial scenario=homogeneous_control partition_id=uniform partition=10-10-10-10-10-10-10-10 lambda=0.0155 safe=False first_violation=network event_count=68 peak_prefill=1 peak_decode=6 minimum_link_headroom_mb_s=-106.429294 peak_memory_gb=24.8969
  trial scenario=homogeneous_control partition_id=uniform partition=10-10-10-10-10-10-10-10 lambda=0.016 safe=False first_violation=network event_count=68 peak_prefill=1 peak_decode=6 minimum_link_headroom_mb_s=-106.429294 peak_memory_gb=24.8969
  trial scenario=homogeneous_control partition_id=uniform partition=10-10-10-10-10-10-10-10 lambda=0.0165 safe=False first_violation=network event_count=60 peak_prefill=1 peak_decode=6 minimum_link_headroom_mb_s=-107.014876 peak_memory_gb=24.8969
  trial scenario=homogeneous_control partition_id=uniform partition=10-10-10-10-10-10-10-10 lambda=0.017 safe=False first_violation=network event_count=60 peak_prefill=1 peak_decode=6 minimum_link_headroom_mb_s=-107.014876 peak_memory_gb=24.8969
  trial scenario=homogeneous_control partition_id=uniform partition=10-10-10-10-10-10-10-10 lambda=0.0175 safe=False first_violation=network event_count=59 peak_prefill=1 peak_decode=6 minimum_link_headroom_mb_s=-106.895125 peak_memory_gb=24.8969
  trial scenario=homogeneous_control partition_id=uniform partition=10-10-10-10-10-10-10-10 lambda=0.018 safe=False first_violation=network event_count=26 peak_prefill=1 peak_decode=6 minimum_link_headroom_mb_s=-115.647505 peak_memory_gb=24.8921
  trial scenario=homogeneous_control partition_id=uniform partition=10-10-10-10-10-10-10-10 lambda=0.0185 safe=False first_violation=network event_count=26 peak_prefill=1 peak_decode=6 minimum_link_headroom_mb_s=-115.647505 peak_memory_gb=24.8921
  trial scenario=homogeneous_control partition_id=uniform partition=10-10-10-10-10-10-10-10 lambda=0.019 safe=False first_violation=network event_count=26 peak_prefill=1 peak_decode=6 minimum_link_headroom_mb_s=-115.647505 peak_memory_gb=24.8873
  trial scenario=homogeneous_control partition_id=uniform partition=10-10-10-10-10-10-10-10 lambda=0.0195 safe=False first_violation=network event_count=26 peak_prefill=1 peak_decode=6 minimum_link_headroom_mb_s=-115.647505 peak_memory_gb=24.8825
  trial scenario=homogeneous_control partition_id=uniform partition=10-10-10-10-10-10-10-10 lambda=0.02 safe=False first_violation=network event_count=25 peak_prefill=1 peak_decode=6 minimum_link_headroom_mb_s=-115.537242 peak_memory_gb=24.8825
  trial scenario=homogeneous_control partition_id=uniform partition=10-10-10-10-10-10-10-10 lambda=0.0205 safe=False first_violation=network event_count=25 peak_prefill=1 peak_decode=6 minimum_link_headroom_mb_s=-115.537242 peak_memory_gb=24.8825
  trial scenario=homogeneous_control partition_id=uniform partition=10-10-10-10-10-10-10-10 lambda=0.021 safe=False first_violation=network event_count=25 peak_prefill=1 peak_decode=6 minimum_link_headroom_mb_s=-115.537242 peak_memory_gb=24.8825
  trial scenario=homogeneous_control partition_id=uniform partition=10-10-10-10-10-10-10-10 lambda=0.0215 safe=False first_violation=network event_count=24 peak_prefill=1 peak_decode=6 minimum_link_headroom_mb_s=-115.421618 peak_memory_gb=24.8825
  trial scenario=homogeneous_control partition_id=uniform partition=10-10-10-10-10-10-10-10 lambda=0.022 safe=False first_violation=network event_count=24 peak_prefill=1 peak_decode=6 minimum_link_headroom_mb_s=-115.421618 peak_memory_gb=24.8825
  uniform            partition=[10, 10, 10, 10, 10, 10, 10, 10] safe=0.009 unsafe=0.0095 violation=network monotonic=True
  trial scenario=homogeneous_control partition_id=random_00 partition=8-12-8-9-10-9-13-11 lambda=0.006 safe=True first_violation=None event_count=204 peak_prefill=1 peak_decode=4 minimum_link_headroom_mb_s=584.631518 peak_memory_gb=30.4049
  trial scenario=homogeneous_control partition_id=random_00 partition=8-12-8-9-10-9-13-11 lambda=0.0065 safe=True first_violation=None event_count=204 peak_prefill=1 peak_decode=5 minimum_link_headroom_mb_s=358.41104 peak_memory_gb=30.74186
  trial scenario=homogeneous_control partition_id=random_00 partition=8-12-8-9-10-9-13-11 lambda=0.007 safe=True first_violation=None event_count=204 peak_prefill=1 peak_decode=5 minimum_link_headroom_mb_s=358.516848 peak_memory_gb=30.73562
  trial scenario=homogeneous_control partition_id=random_00 partition=8-12-8-9-10-9-13-11 lambda=0.0075 safe=True first_violation=None event_count=204 peak_prefill=1 peak_decode=6 minimum_link_headroom_mb_s=119.685981 peak_memory_gb=31.56671
  trial scenario=homogeneous_control partition_id=random_00 partition=8-12-8-9-10-9-13-11 lambda=0.008 safe=True first_violation=None event_count=204 peak_prefill=1 peak_decode=6 minimum_link_headroom_mb_s=119.797075 peak_memory_gb=31.56047
  trial scenario=homogeneous_control partition_id=random_00 partition=8-12-8-9-10-9-13-11 lambda=0.0085 safe=True first_violation=None event_count=204 peak_prefill=1 peak_decode=6 minimum_link_headroom_mb_s=120.032956 peak_memory_gb=31.54799
  trial scenario=homogeneous_control partition_id=random_00 partition=8-12-8-9-10-9-13-11 lambda=0.009 safe=True first_violation=None event_count=204 peak_prefill=1 peak_decode=6 minimum_link_headroom_mb_s=119.830963 peak_memory_gb=31.56047
  trial scenario=homogeneous_control partition_id=random_00 partition=8-12-8-9-10-9-13-11 lambda=0.0095 safe=False first_violation=network event_count=166 peak_prefill=1 peak_decode=6 minimum_link_headroom_mb_s=-134.718641 peak_memory_gb=31.55423
  trial scenario=homogeneous_control partition_id=random_00 partition=8-12-8-9-10-9-13-11 lambda=0.01 safe=False first_violation=network event_count=116 peak_prefill=1 peak_decode=6 minimum_link_headroom_mb_s=-104.795979 peak_memory_gb=30.36005
  trial scenario=homogeneous_control partition_id=random_00 partition=8-12-8-9-10-9-13-11 lambda=0.0105 safe=False first_violation=network event_count=116 peak_prefill=1 peak_decode=6 minimum_link_headroom_mb_s=-104.795979 peak_memory_gb=30.34757
  trial scenario=homogeneous_control partition_id=random_00 partition=8-12-8-9-10-9-13-11 lambda=0.011 safe=False first_violation=network event_count=104 peak_prefill=1 peak_decode=6 minimum_link_headroom_mb_s=-112.032912 peak_memory_gb=30.46613
  trial scenario=homogeneous_control partition_id=random_00 partition=8-12-8-9-10-9-13-11 lambda=0.0115 safe=False first_violation=network event_count=102 peak_prefill=1 peak_decode=6 minimum_link_headroom_mb_s=-111.79799 peak_memory_gb=30.46613
  trial scenario=homogeneous_control partition_id=random_00 partition=8-12-8-9-10-9-13-11 lambda=0.012 safe=False first_violation=network event_count=101 peak_prefill=1 peak_decode=6 minimum_link_headroom_mb_s=-111.677362 peak_memory_gb=30.46613
  trial scenario=homogeneous_control partition_id=random_00 partition=8-12-8-9-10-9-13-11 lambda=0.0125 safe=False first_violation=network event_count=74 peak_prefill=1 peak_decode=6 minimum_link_headroom_mb_s=-107.115817 peak_memory_gb=30.45989
  trial scenario=homogeneous_control partition_id=random_00 partition=8-12-8-9-10-9-13-11 lambda=0.013 safe=False first_violation=network event_count=74 peak_prefill=1 peak_decode=6 minimum_link_headroom_mb_s=-107.115817 peak_memory_gb=30.45989
  trial scenario=homogeneous_control partition_id=random_00 partition=8-12-8-9-10-9-13-11 lambda=0.0135 safe=False first_violation=network event_count=73 peak_prefill=1 peak_decode=6 minimum_link_headroom_mb_s=-106.992345 peak_memory_gb=30.45989
  trial scenario=homogeneous_control partition_id=random_00 partition=8-12-8-9-10-9-13-11 lambda=0.014 safe=False first_violation=network event_count=73 peak_prefill=1 peak_decode=6 minimum_link_headroom_mb_s=-106.992345 peak_memory_gb=30.45989
  trial scenario=homogeneous_control partition_id=random_00 partition=8-12-8-9-10-9-13-11 lambda=0.0145 safe=False first_violation=network event_count=71 peak_prefill=1 peak_decode=6 minimum_link_headroom_mb_s=-106.760412 peak_memory_gb=30.57221
  trial scenario=homogeneous_control partition_id=random_00 partition=8-12-8-9-10-9-13-11 lambda=0.015 safe=False first_violation=network event_count=68 peak_prefill=1 peak_decode=6 minimum_link_headroom_mb_s=-106.429294 peak_memory_gb=30.56597
  trial scenario=homogeneous_control partition_id=random_00 partition=8-12-8-9-10-9-13-11 lambda=0.0155 safe=False first_violation=network event_count=68 peak_prefill=1 peak_decode=6 minimum_link_headroom_mb_s=-106.429294 peak_memory_gb=30.56597
  trial scenario=homogeneous_control partition_id=random_00 partition=8-12-8-9-10-9-13-11 lambda=0.016 safe=False first_violation=network event_count=68 peak_prefill=1 peak_decode=6 minimum_link_headroom_mb_s=-106.429294 peak_memory_gb=30.56597
  trial scenario=homogeneous_control partition_id=random_00 partition=8-12-8-9-10-9-13-11 lambda=0.0165 safe=False first_violation=network event_count=60 peak_prefill=1 peak_decode=6 minimum_link_headroom_mb_s=-107.014876 peak_memory_gb=30.56597
  trial scenario=homogeneous_control partition_id=random_00 partition=8-12-8-9-10-9-13-11 lambda=0.017 safe=False first_violation=network event_count=60 peak_prefill=1 peak_decode=6 minimum_link_headroom_mb_s=-107.014876 peak_memory_gb=30.56597
  trial scenario=homogeneous_control partition_id=random_00 partition=8-12-8-9-10-9-13-11 lambda=0.0175 safe=False first_violation=network event_count=59 peak_prefill=1 peak_decode=6 minimum_link_headroom_mb_s=-106.895125 peak_memory_gb=30.56597
  trial scenario=homogeneous_control partition_id=random_00 partition=8-12-8-9-10-9-13-11 lambda=0.018 safe=False first_violation=network event_count=26 peak_prefill=1 peak_decode=6 minimum_link_headroom_mb_s=-115.647505 peak_memory_gb=30.55973
  trial scenario=homogeneous_control partition_id=random_00 partition=8-12-8-9-10-9-13-11 lambda=0.0185 safe=False first_violation=network event_count=26 peak_prefill=1 peak_decode=6 minimum_link_headroom_mb_s=-115.647505 peak_memory_gb=30.55973
  trial scenario=homogeneous_control partition_id=random_00 partition=8-12-8-9-10-9-13-11 lambda=0.019 safe=False first_violation=network event_count=26 peak_prefill=1 peak_decode=6 minimum_link_headroom_mb_s=-115.647505 peak_memory_gb=30.55349
  trial scenario=homogeneous_control partition_id=random_00 partition=8-12-8-9-10-9-13-11 lambda=0.0195 safe=False first_violation=network event_count=26 peak_prefill=1 peak_decode=6 minimum_link_headroom_mb_s=-115.647505 peak_memory_gb=30.54725
  trial scenario=homogeneous_control partition_id=random_00 partition=8-12-8-9-10-9-13-11 lambda=0.02 safe=False first_violation=network event_count=25 peak_prefill=1 peak_decode=6 minimum_link_headroom_mb_s=-115.537242 peak_memory_gb=30.54725
  trial scenario=homogeneous_control partition_id=random_00 partition=8-12-8-9-10-9-13-11 lambda=0.0205 safe=False first_violation=network event_count=25 peak_prefill=1 peak_decode=6 minimum_link_headroom_mb_s=-115.537242 peak_memory_gb=30.54725
  trial scenario=homogeneous_control partition_id=random_00 partition=8-12-8-9-10-9-13-11 lambda=0.021 safe=False first_violation=network event_count=25 peak_prefill=1 peak_decode=6 minimum_link_headroom_mb_s=-115.537242 peak_memory_gb=30.54725
  trial scenario=homogeneous_control partition_id=random_00 partition=8-12-8-9-10-9-13-11 lambda=0.0215 safe=False first_violation=network event_count=24 peak_prefill=1 peak_decode=6 minimum_link_headroom_mb_s=-115.421618 peak_memory_gb=30.54725
  trial scenario=homogeneous_control partition_id=random_00 partition=8-12-8-9-10-9-13-11 lambda=0.022 safe=False first_violation=network event_count=24 peak_prefill=1 peak_decode=6 minimum_link_headroom_mb_s=-115.421618 peak_memory_gb=30.54725
  random_00          partition=[8, 12, 8, 9, 10, 9, 13, 11] safe=0.009 unsafe=0.0095 violation=network monotonic=True
  trial scenario=homogeneous_control partition_id=random_01 partition=9-14-9-8-9-10-12-9 lambda=0.006 safe=True first_violation=None event_count=204 peak_prefill=1 peak_decode=4 minimum_link_headroom_mb_s=584.631518 peak_memory_gb=32.2822
  trial scenario=homogeneous_control partition_id=random_01 partition=9-14-9-8-9-10-12-9 lambda=0.0065 safe=True first_violation=None event_count=204 peak_prefill=1 peak_decode=5 minimum_link_headroom_mb_s=358.41104 peak_memory_gb=32.64508
  trial scenario=homogeneous_control partition_id=random_01 partition=9-14-9-8-9-10-12-9 lambda=0.007 safe=True first_violation=None event_count=204 peak_prefill=1 peak_decode=5 minimum_link_headroom_mb_s=358.516848 peak_memory_gb=32.63836
  trial scenario=homogeneous_control partition_id=random_01 partition=9-14-9-8-9-10-12-9 lambda=0.0075 safe=True first_violation=None event_count=204 peak_prefill=1 peak_decode=6 minimum_link_headroom_mb_s=119.685981 peak_memory_gb=33.53338
  trial scenario=homogeneous_control partition_id=random_01 partition=9-14-9-8-9-10-12-9 lambda=0.008 safe=True first_violation=None event_count=204 peak_prefill=1 peak_decode=6 minimum_link_headroom_mb_s=119.797075 peak_memory_gb=33.52666
  trial scenario=homogeneous_control partition_id=random_01 partition=9-14-9-8-9-10-12-9 lambda=0.0085 safe=True first_violation=None event_count=204 peak_prefill=1 peak_decode=6 minimum_link_headroom_mb_s=120.032956 peak_memory_gb=33.51322
  trial scenario=homogeneous_control partition_id=random_01 partition=9-14-9-8-9-10-12-9 lambda=0.009 safe=True first_violation=None event_count=204 peak_prefill=1 peak_decode=6 minimum_link_headroom_mb_s=119.830963 peak_memory_gb=33.52666
  trial scenario=homogeneous_control partition_id=random_01 partition=9-14-9-8-9-10-12-9 lambda=0.0095 safe=False first_violation=network event_count=166 peak_prefill=1 peak_decode=6 minimum_link_headroom_mb_s=-134.718641 peak_memory_gb=33.51994
  trial scenario=homogeneous_control partition_id=random_01 partition=9-14-9-8-9-10-12-9 lambda=0.01 safe=False first_violation=network event_count=116 peak_prefill=1 peak_decode=6 minimum_link_headroom_mb_s=-104.795979 peak_memory_gb=32.2339
  trial scenario=homogeneous_control partition_id=random_01 partition=9-14-9-8-9-10-12-9 lambda=0.0105 safe=False first_violation=network event_count=116 peak_prefill=1 peak_decode=6 minimum_link_headroom_mb_s=-104.795979 peak_memory_gb=32.22046
  trial scenario=homogeneous_control partition_id=random_01 partition=9-14-9-8-9-10-12-9 lambda=0.011 safe=False first_violation=network event_count=104 peak_prefill=1 peak_decode=6 minimum_link_headroom_mb_s=-112.032912 peak_memory_gb=32.34814
  trial scenario=homogeneous_control partition_id=random_01 partition=9-14-9-8-9-10-12-9 lambda=0.0115 safe=False first_violation=network event_count=102 peak_prefill=1 peak_decode=6 minimum_link_headroom_mb_s=-111.79799 peak_memory_gb=32.34814
  trial scenario=homogeneous_control partition_id=random_01 partition=9-14-9-8-9-10-12-9 lambda=0.012 safe=False first_violation=network event_count=101 peak_prefill=1 peak_decode=6 minimum_link_headroom_mb_s=-111.677362 peak_memory_gb=32.34814
  trial scenario=homogeneous_control partition_id=random_01 partition=9-14-9-8-9-10-12-9 lambda=0.0125 safe=False first_violation=network event_count=74 peak_prefill=1 peak_decode=6 minimum_link_headroom_mb_s=-107.115817 peak_memory_gb=32.34142
  trial scenario=homogeneous_control partition_id=random_01 partition=9-14-9-8-9-10-12-9 lambda=0.013 safe=False first_violation=network event_count=74 peak_prefill=1 peak_decode=6 minimum_link_headroom_mb_s=-107.115817 peak_memory_gb=32.34142
  trial scenario=homogeneous_control partition_id=random_01 partition=9-14-9-8-9-10-12-9 lambda=0.0135 safe=False first_violation=network event_count=73 peak_prefill=1 peak_decode=6 minimum_link_headroom_mb_s=-106.992345 peak_memory_gb=32.34142
  trial scenario=homogeneous_control partition_id=random_01 partition=9-14-9-8-9-10-12-9 lambda=0.014 safe=False first_violation=network event_count=73 peak_prefill=1 peak_decode=6 minimum_link_headroom_mb_s=-106.992345 peak_memory_gb=32.34142
  trial scenario=homogeneous_control partition_id=random_01 partition=9-14-9-8-9-10-12-9 lambda=0.0145 safe=False first_violation=network event_count=71 peak_prefill=1 peak_decode=6 minimum_link_headroom_mb_s=-106.760412 peak_memory_gb=32.46238
  trial scenario=homogeneous_control partition_id=random_01 partition=9-14-9-8-9-10-12-9 lambda=0.015 safe=False first_violation=network event_count=68 peak_prefill=1 peak_decode=6 minimum_link_headroom_mb_s=-106.429294 peak_memory_gb=32.45566
  trial scenario=homogeneous_control partition_id=random_01 partition=9-14-9-8-9-10-12-9 lambda=0.0155 safe=False first_violation=network event_count=68 peak_prefill=1 peak_decode=6 minimum_link_headroom_mb_s=-106.429294 peak_memory_gb=32.45566
  trial scenario=homogeneous_control partition_id=random_01 partition=9-14-9-8-9-10-12-9 lambda=0.016 safe=False first_violation=network event_count=68 peak_prefill=1 peak_decode=6 minimum_link_headroom_mb_s=-106.429294 peak_memory_gb=32.45566
  trial scenario=homogeneous_control partition_id=random_01 partition=9-14-9-8-9-10-12-9 lambda=0.0165 safe=False first_violation=network event_count=60 peak_prefill=1 peak_decode=6 minimum_link_headroom_mb_s=-107.014876 peak_memory_gb=32.45566
  trial scenario=homogeneous_control partition_id=random_01 partition=9-14-9-8-9-10-12-9 lambda=0.017 safe=False first_violation=network event_count=60 peak_prefill=1 peak_decode=6 minimum_link_headroom_mb_s=-107.014876 peak_memory_gb=32.45566
  trial scenario=homogeneous_control partition_id=random_01 partition=9-14-9-8-9-10-12-9 lambda=0.0175 safe=False first_violation=network event_count=59 peak_prefill=1 peak_decode=6 minimum_link_headroom_mb_s=-106.895125 peak_memory_gb=32.45566
  trial scenario=homogeneous_control partition_id=random_01 partition=9-14-9-8-9-10-12-9 lambda=0.018 safe=False first_violation=network event_count=26 peak_prefill=1 peak_decode=6 minimum_link_headroom_mb_s=-115.647505 peak_memory_gb=32.44894
  trial scenario=homogeneous_control partition_id=random_01 partition=9-14-9-8-9-10-12-9 lambda=0.0185 safe=False first_violation=network event_count=26 peak_prefill=1 peak_decode=6 minimum_link_headroom_mb_s=-115.647505 peak_memory_gb=32.44894
  trial scenario=homogeneous_control partition_id=random_01 partition=9-14-9-8-9-10-12-9 lambda=0.019 safe=False first_violation=network event_count=26 peak_prefill=1 peak_decode=6 minimum_link_headroom_mb_s=-115.647505 peak_memory_gb=32.44222
  trial scenario=homogeneous_control partition_id=random_01 partition=9-14-9-8-9-10-12-9 lambda=0.0195 safe=False first_violation=network event_count=26 peak_prefill=1 peak_decode=6 minimum_link_headroom_mb_s=-115.647505 peak_memory_gb=32.4355
  trial scenario=homogeneous_control partition_id=random_01 partition=9-14-9-8-9-10-12-9 lambda=0.02 safe=False first_violation=network event_count=25 peak_prefill=1 peak_decode=6 minimum_link_headroom_mb_s=-115.537242 peak_memory_gb=32.4355
  trial scenario=homogeneous_control partition_id=random_01 partition=9-14-9-8-9-10-12-9 lambda=0.0205 safe=False first_violation=network event_count=25 peak_prefill=1 peak_decode=6 minimum_link_headroom_mb_s=-115.537242 peak_memory_gb=32.4355
  trial scenario=homogeneous_control partition_id=random_01 partition=9-14-9-8-9-10-12-9 lambda=0.021 safe=False first_violation=network event_count=25 peak_prefill=1 peak_decode=6 minimum_link_headroom_mb_s=-115.537242 peak_memory_gb=32.4355
  trial scenario=homogeneous_control partition_id=random_01 partition=9-14-9-8-9-10-12-9 lambda=0.0215 safe=False first_violation=network event_count=24 peak_prefill=1 peak_decode=6 minimum_link_headroom_mb_s=-115.421618 peak_memory_gb=32.4355
  trial scenario=homogeneous_control partition_id=random_01 partition=9-14-9-8-9-10-12-9 lambda=0.022 safe=False first_violation=network event_count=24 peak_prefill=1 peak_decode=6 minimum_link_headroom_mb_s=-115.421618 peak_memory_gb=32.4355
  random_01          partition=[9, 14, 9, 8, 9, 10, 12, 9] safe=0.009 unsafe=0.0095 violation=network monotonic=True
  trial scenario=homogeneous_control partition_id=random_02 partition=10-8-13-7-14-13-9-6 lambda=0.006 safe=True first_violation=None event_count=204 peak_prefill=1 peak_decode=4 minimum_link_headroom_mb_s=584.631518 peak_memory_gb=32.2822
  trial scenario=homogeneous_control partition_id=random_02 partition=10-8-13-7-14-13-9-6 lambda=0.0065 safe=True first_violation=None event_count=204 peak_prefill=1 peak_decode=5 minimum_link_headroom_mb_s=358.41104 peak_memory_gb=32.64508
  trial scenario=homogeneous_control partition_id=random_02 partition=10-8-13-7-14-13-9-6 lambda=0.007 safe=True first_violation=None event_count=204 peak_prefill=1 peak_decode=5 minimum_link_headroom_mb_s=358.516848 peak_memory_gb=32.63836
  trial scenario=homogeneous_control partition_id=random_02 partition=10-8-13-7-14-13-9-6 lambda=0.0075 safe=True first_violation=None event_count=204 peak_prefill=1 peak_decode=6 minimum_link_headroom_mb_s=119.685981 peak_memory_gb=33.53338
  trial scenario=homogeneous_control partition_id=random_02 partition=10-8-13-7-14-13-9-6 lambda=0.008 safe=True first_violation=None event_count=204 peak_prefill=1 peak_decode=6 minimum_link_headroom_mb_s=119.797075 peak_memory_gb=33.52666
  trial scenario=homogeneous_control partition_id=random_02 partition=10-8-13-7-14-13-9-6 lambda=0.0085 safe=True first_violation=None event_count=204 peak_prefill=1 peak_decode=6 minimum_link_headroom_mb_s=120.032956 peak_memory_gb=33.51322
  trial scenario=homogeneous_control partition_id=random_02 partition=10-8-13-7-14-13-9-6 lambda=0.009 safe=True first_violation=None event_count=204 peak_prefill=1 peak_decode=6 minimum_link_headroom_mb_s=119.830963 peak_memory_gb=33.52666
  trial scenario=homogeneous_control partition_id=random_02 partition=10-8-13-7-14-13-9-6 lambda=0.0095 safe=False first_violation=network event_count=166 peak_prefill=1 peak_decode=6 minimum_link_headroom_mb_s=-134.718641 peak_memory_gb=33.51994
  trial scenario=homogeneous_control partition_id=random_02 partition=10-8-13-7-14-13-9-6 lambda=0.01 safe=False first_violation=network event_count=116 peak_prefill=1 peak_decode=6 minimum_link_headroom_mb_s=-104.795979 peak_memory_gb=32.2339
  trial scenario=homogeneous_control partition_id=random_02 partition=10-8-13-7-14-13-9-6 lambda=0.0105 safe=False first_violation=network event_count=116 peak_prefill=1 peak_decode=6 minimum_link_headroom_mb_s=-104.795979 peak_memory_gb=32.22046
  trial scenario=homogeneous_control partition_id=random_02 partition=10-8-13-7-14-13-9-6 lambda=0.011 safe=False first_violation=network event_count=104 peak_prefill=1 peak_decode=6 minimum_link_headroom_mb_s=-112.032912 peak_memory_gb=32.34814
  trial scenario=homogeneous_control partition_id=random_02 partition=10-8-13-7-14-13-9-6 lambda=0.0115 safe=False first_violation=network event_count=102 peak_prefill=1 peak_decode=6 minimum_link_headroom_mb_s=-111.79799 peak_memory_gb=32.34814
  trial scenario=homogeneous_control partition_id=random_02 partition=10-8-13-7-14-13-9-6 lambda=0.012 safe=False first_violation=network event_count=101 peak_prefill=1 peak_decode=6 minimum_link_headroom_mb_s=-111.677362 peak_memory_gb=32.34814
  trial scenario=homogeneous_control partition_id=random_02 partition=10-8-13-7-14-13-9-6 lambda=0.0125 safe=False first_violation=network event_count=74 peak_prefill=1 peak_decode=6 minimum_link_headroom_mb_s=-107.115817 peak_memory_gb=32.34142
  trial scenario=homogeneous_control partition_id=random_02 partition=10-8-13-7-14-13-9-6 lambda=0.013 safe=False first_violation=network event_count=74 peak_prefill=1 peak_decode=6 minimum_link_headroom_mb_s=-107.115817 peak_memory_gb=32.34142
  trial scenario=homogeneous_control partition_id=random_02 partition=10-8-13-7-14-13-9-6 lambda=0.0135 safe=False first_violation=network event_count=73 peak_prefill=1 peak_decode=6 minimum_link_headroom_mb_s=-106.992345 peak_memory_gb=32.34142
  trial scenario=homogeneous_control partition_id=random_02 partition=10-8-13-7-14-13-9-6 lambda=0.014 safe=False first_violation=network event_count=73 peak_prefill=1 peak_decode=6 minimum_link_headroom_mb_s=-106.992345 peak_memory_gb=32.34142
  trial scenario=homogeneous_control partition_id=random_02 partition=10-8-13-7-14-13-9-6 lambda=0.0145 safe=False first_violation=network event_count=71 peak_prefill=1 peak_decode=6 minimum_link_headroom_mb_s=-106.760412 peak_memory_gb=32.46238
  trial scenario=homogeneous_control partition_id=random_02 partition=10-8-13-7-14-13-9-6 lambda=0.015 safe=False first_violation=network event_count=68 peak_prefill=1 peak_decode=6 minimum_link_headroom_mb_s=-106.429294 peak_memory_gb=32.45566
  trial scenario=homogeneous_control partition_id=random_02 partition=10-8-13-7-14-13-9-6 lambda=0.0155 safe=False first_violation=network event_count=68 peak_prefill=1 peak_decode=6 minimum_link_headroom_mb_s=-106.429294 peak_memory_gb=32.45566
  trial scenario=homogeneous_control partition_id=random_02 partition=10-8-13-7-14-13-9-6 lambda=0.016 safe=False first_violation=network event_count=68 peak_prefill=1 peak_decode=6 minimum_link_headroom_mb_s=-106.429294 peak_memory_gb=32.45566
  trial scenario=homogeneous_control partition_id=random_02 partition=10-8-13-7-14-13-9-6 lambda=0.0165 safe=False first_violation=network event_count=60 peak_prefill=1 peak_decode=6 minimum_link_headroom_mb_s=-107.014876 peak_memory_gb=32.45566
  trial scenario=homogeneous_control partition_id=random_02 partition=10-8-13-7-14-13-9-6 lambda=0.017 safe=False first_violation=network event_count=60 peak_prefill=1 peak_decode=6 minimum_link_headroom_mb_s=-107.014876 peak_memory_gb=32.45566
  trial scenario=homogeneous_control partition_id=random_02 partition=10-8-13-7-14-13-9-6 lambda=0.0175 safe=False first_violation=network event_count=59 peak_prefill=1 peak_decode=6 minimum_link_headroom_mb_s=-106.895125 peak_memory_gb=32.45566
  trial scenario=homogeneous_control partition_id=random_02 partition=10-8-13-7-14-13-9-6 lambda=0.018 safe=False first_violation=network event_count=26 peak_prefill=1 peak_decode=6 minimum_link_headroom_mb_s=-115.647505 peak_memory_gb=32.44894
  trial scenario=homogeneous_control partition_id=random_02 partition=10-8-13-7-14-13-9-6 lambda=0.0185 safe=False first_violation=network event_count=26 peak_prefill=1 peak_decode=6 minimum_link_headroom_mb_s=-115.647505 peak_memory_gb=32.44894
  trial scenario=homogeneous_control partition_id=random_02 partition=10-8-13-7-14-13-9-6 lambda=0.019 safe=False first_violation=network event_count=26 peak_prefill=1 peak_decode=6 minimum_link_headroom_mb_s=-115.647505 peak_memory_gb=32.44222
  trial scenario=homogeneous_control partition_id=random_02 partition=10-8-13-7-14-13-9-6 lambda=0.0195 safe=False first_violation=network event_count=26 peak_prefill=1 peak_decode=6 minimum_link_headroom_mb_s=-115.647505 peak_memory_gb=32.4355
  trial scenario=homogeneous_control partition_id=random_02 partition=10-8-13-7-14-13-9-6 lambda=0.02 safe=False first_violation=network event_count=25 peak_prefill=1 peak_decode=6 minimum_link_headroom_mb_s=-115.537242 peak_memory_gb=32.4355
  trial scenario=homogeneous_control partition_id=random_02 partition=10-8-13-7-14-13-9-6 lambda=0.0205 safe=False first_violation=network event_count=25 peak_prefill=1 peak_decode=6 minimum_link_headroom_mb_s=-115.537242 peak_memory_gb=32.4355
  trial scenario=homogeneous_control partition_id=random_02 partition=10-8-13-7-14-13-9-6 lambda=0.021 safe=False first_violation=network event_count=25 peak_prefill=1 peak_decode=6 minimum_link_headroom_mb_s=-115.537242 peak_memory_gb=32.4355
  trial scenario=homogeneous_control partition_id=random_02 partition=10-8-13-7-14-13-9-6 lambda=0.0215 safe=False first_violation=network event_count=24 peak_prefill=1 peak_decode=6 minimum_link_headroom_mb_s=-115.421618 peak_memory_gb=32.4355
  trial scenario=homogeneous_control partition_id=random_02 partition=10-8-13-7-14-13-9-6 lambda=0.022 safe=False first_violation=network event_count=24 peak_prefill=1 peak_decode=6 minimum_link_headroom_mb_s=-115.421618 peak_memory_gb=32.4355
  random_02          partition=[10, 8, 13, 7, 14, 13, 9, 6] safe=0.009 unsafe=0.0095 violation=network monotonic=True
  trial scenario=homogeneous_control partition_id=random_03 partition=12-12-11-7-8-10-11-9 lambda=0.006 safe=True first_violation=None event_count=204 peak_prefill=1 peak_decode=4 minimum_link_headroom_mb_s=584.631518 peak_memory_gb=28.5276
  trial scenario=homogeneous_control partition_id=random_03 partition=12-12-11-7-8-10-11-9 lambda=0.0065 safe=True first_violation=None event_count=204 peak_prefill=1 peak_decode=5 minimum_link_headroom_mb_s=358.41104 peak_memory_gb=28.83864
  trial scenario=homogeneous_control partition_id=random_03 partition=12-12-11-7-8-10-11-9 lambda=0.007 safe=True first_violation=None event_count=204 peak_prefill=1 peak_decode=5 minimum_link_headroom_mb_s=358.516848 peak_memory_gb=28.83288
  trial scenario=homogeneous_control partition_id=random_03 partition=12-12-11-7-8-10-11-9 lambda=0.0075 safe=True first_violation=None event_count=204 peak_prefill=1 peak_decode=6 minimum_link_headroom_mb_s=119.685981 peak_memory_gb=29.60004
  trial scenario=homogeneous_control partition_id=random_03 partition=12-12-11-7-8-10-11-9 lambda=0.008 safe=True first_violation=None event_count=204 peak_prefill=1 peak_decode=6 minimum_link_headroom_mb_s=119.797075 peak_memory_gb=29.59428
  trial scenario=homogeneous_control partition_id=random_03 partition=12-12-11-7-8-10-11-9 lambda=0.0085 safe=True first_violation=None event_count=204 peak_prefill=1 peak_decode=6 minimum_link_headroom_mb_s=120.032956 peak_memory_gb=29.58276
  trial scenario=homogeneous_control partition_id=random_03 partition=12-12-11-7-8-10-11-9 lambda=0.009 safe=True first_violation=None event_count=204 peak_prefill=1 peak_decode=6 minimum_link_headroom_mb_s=119.830963 peak_memory_gb=29.59428
  trial scenario=homogeneous_control partition_id=random_03 partition=12-12-11-7-8-10-11-9 lambda=0.0095 safe=False first_violation=network event_count=166 peak_prefill=1 peak_decode=6 minimum_link_headroom_mb_s=-134.718641 peak_memory_gb=29.58852
  trial scenario=homogeneous_control partition_id=random_03 partition=12-12-11-7-8-10-11-9 lambda=0.01 safe=False first_violation=network event_count=116 peak_prefill=1 peak_decode=6 minimum_link_headroom_mb_s=-104.795979 peak_memory_gb=28.4862
  trial scenario=homogeneous_control partition_id=random_03 partition=12-12-11-7-8-10-11-9 lambda=0.0105 safe=False first_violation=network event_count=116 peak_prefill=1 peak_decode=6 minimum_link_headroom_mb_s=-104.795979 peak_memory_gb=28.47468
  trial scenario=homogeneous_control partition_id=random_03 partition=12-12-11-7-8-10-11-9 lambda=0.011 safe=False first_violation=network event_count=104 peak_prefill=1 peak_decode=6 minimum_link_headroom_mb_s=-112.032912 peak_memory_gb=28.58412
  trial scenario=homogeneous_control partition_id=random_03 partition=12-12-11-7-8-10-11-9 lambda=0.0115 safe=False first_violation=network event_count=102 peak_prefill=1 peak_decode=6 minimum_link_headroom_mb_s=-111.79799 peak_memory_gb=28.58412
  trial scenario=homogeneous_control partition_id=random_03 partition=12-12-11-7-8-10-11-9 lambda=0.012 safe=False first_violation=network event_count=101 peak_prefill=1 peak_decode=6 minimum_link_headroom_mb_s=-111.677362 peak_memory_gb=28.58412
  trial scenario=homogeneous_control partition_id=random_03 partition=12-12-11-7-8-10-11-9 lambda=0.0125 safe=False first_violation=network event_count=74 peak_prefill=1 peak_decode=6 minimum_link_headroom_mb_s=-107.115817 peak_memory_gb=28.57836
  trial scenario=homogeneous_control partition_id=random_03 partition=12-12-11-7-8-10-11-9 lambda=0.013 safe=False first_violation=network event_count=74 peak_prefill=1 peak_decode=6 minimum_link_headroom_mb_s=-107.115817 peak_memory_gb=28.57836
  trial scenario=homogeneous_control partition_id=random_03 partition=12-12-11-7-8-10-11-9 lambda=0.0135 safe=False first_violation=network event_count=73 peak_prefill=1 peak_decode=6 minimum_link_headroom_mb_s=-106.992345 peak_memory_gb=28.57836
  trial scenario=homogeneous_control partition_id=random_03 partition=12-12-11-7-8-10-11-9 lambda=0.014 safe=False first_violation=network event_count=73 peak_prefill=1 peak_decode=6 minimum_link_headroom_mb_s=-106.992345 peak_memory_gb=28.57836
  trial scenario=homogeneous_control partition_id=random_03 partition=12-12-11-7-8-10-11-9 lambda=0.0145 safe=False first_violation=network event_count=71 peak_prefill=1 peak_decode=6 minimum_link_headroom_mb_s=-106.760412 peak_memory_gb=28.68204
  trial scenario=homogeneous_control partition_id=random_03 partition=12-12-11-7-8-10-11-9 lambda=0.015 safe=False first_violation=network event_count=68 peak_prefill=1 peak_decode=6 minimum_link_headroom_mb_s=-106.429294 peak_memory_gb=28.67628
  trial scenario=homogeneous_control partition_id=random_03 partition=12-12-11-7-8-10-11-9 lambda=0.0155 safe=False first_violation=network event_count=68 peak_prefill=1 peak_decode=6 minimum_link_headroom_mb_s=-106.429294 peak_memory_gb=28.67628
  trial scenario=homogeneous_control partition_id=random_03 partition=12-12-11-7-8-10-11-9 lambda=0.016 safe=False first_violation=network event_count=68 peak_prefill=1 peak_decode=6 minimum_link_headroom_mb_s=-106.429294 peak_memory_gb=28.67628
  trial scenario=homogeneous_control partition_id=random_03 partition=12-12-11-7-8-10-11-9 lambda=0.0165 safe=False first_violation=network event_count=60 peak_prefill=1 peak_decode=6 minimum_link_headroom_mb_s=-107.014876 peak_memory_gb=28.67628
  trial scenario=homogeneous_control partition_id=random_03 partition=12-12-11-7-8-10-11-9 lambda=0.017 safe=False first_violation=network event_count=60 peak_prefill=1 peak_decode=6 minimum_link_headroom_mb_s=-107.014876 peak_memory_gb=28.67628
  trial scenario=homogeneous_control partition_id=random_03 partition=12-12-11-7-8-10-11-9 lambda=0.0175 safe=False first_violation=network event_count=59 peak_prefill=1 peak_decode=6 minimum_link_headroom_mb_s=-106.895125 peak_memory_gb=28.67628
  trial scenario=homogeneous_control partition_id=random_03 partition=12-12-11-7-8-10-11-9 lambda=0.018 safe=False first_violation=network event_count=26 peak_prefill=1 peak_decode=6 minimum_link_headroom_mb_s=-115.647505 peak_memory_gb=28.67052
  trial scenario=homogeneous_control partition_id=random_03 partition=12-12-11-7-8-10-11-9 lambda=0.0185 safe=False first_violation=network event_count=26 peak_prefill=1 peak_decode=6 minimum_link_headroom_mb_s=-115.647505 peak_memory_gb=28.67052
  trial scenario=homogeneous_control partition_id=random_03 partition=12-12-11-7-8-10-11-9 lambda=0.019 safe=False first_violation=network event_count=26 peak_prefill=1 peak_decode=6 minimum_link_headroom_mb_s=-115.647505 peak_memory_gb=28.66476
  trial scenario=homogeneous_control partition_id=random_03 partition=12-12-11-7-8-10-11-9 lambda=0.0195 safe=False first_violation=network event_count=26 peak_prefill=1 peak_decode=6 minimum_link_headroom_mb_s=-115.647505 peak_memory_gb=28.659
  trial scenario=homogeneous_control partition_id=random_03 partition=12-12-11-7-8-10-11-9 lambda=0.02 safe=False first_violation=network event_count=25 peak_prefill=1 peak_decode=6 minimum_link_headroom_mb_s=-115.537242 peak_memory_gb=28.659
  trial scenario=homogeneous_control partition_id=random_03 partition=12-12-11-7-8-10-11-9 lambda=0.0205 safe=False first_violation=network event_count=25 peak_prefill=1 peak_decode=6 minimum_link_headroom_mb_s=-115.537242 peak_memory_gb=28.659
  trial scenario=homogeneous_control partition_id=random_03 partition=12-12-11-7-8-10-11-9 lambda=0.021 safe=False first_violation=network event_count=25 peak_prefill=1 peak_decode=6 minimum_link_headroom_mb_s=-115.537242 peak_memory_gb=28.659
  trial scenario=homogeneous_control partition_id=random_03 partition=12-12-11-7-8-10-11-9 lambda=0.0215 safe=False first_violation=network event_count=24 peak_prefill=1 peak_decode=6 minimum_link_headroom_mb_s=-115.421618 peak_memory_gb=28.659
  trial scenario=homogeneous_control partition_id=random_03 partition=12-12-11-7-8-10-11-9 lambda=0.022 safe=False first_violation=network event_count=24 peak_prefill=1 peak_decode=6 minimum_link_headroom_mb_s=-115.421618 peak_memory_gb=28.659
  random_03          partition=[12, 12, 11, 7, 8, 10, 11, 9] safe=0.009 unsafe=0.0095 violation=network monotonic=True
  trial scenario=homogeneous_control partition_id=random_04 partition=10-9-12-7-14-6-11-11 lambda=0.006 safe=True first_violation=None event_count=204 peak_prefill=1 peak_decode=4 minimum_link_headroom_mb_s=584.631518 peak_memory_gb=32.2822
  trial scenario=homogeneous_control partition_id=random_04 partition=10-9-12-7-14-6-11-11 lambda=0.0065 safe=True first_violation=None event_count=204 peak_prefill=1 peak_decode=5 minimum_link_headroom_mb_s=358.41104 peak_memory_gb=32.64508
  trial scenario=homogeneous_control partition_id=random_04 partition=10-9-12-7-14-6-11-11 lambda=0.007 safe=True first_violation=None event_count=204 peak_prefill=1 peak_decode=5 minimum_link_headroom_mb_s=358.516848 peak_memory_gb=32.63836
  trial scenario=homogeneous_control partition_id=random_04 partition=10-9-12-7-14-6-11-11 lambda=0.0075 safe=True first_violation=None event_count=204 peak_prefill=1 peak_decode=6 minimum_link_headroom_mb_s=119.685981 peak_memory_gb=33.53338
  trial scenario=homogeneous_control partition_id=random_04 partition=10-9-12-7-14-6-11-11 lambda=0.008 safe=True first_violation=None event_count=204 peak_prefill=1 peak_decode=6 minimum_link_headroom_mb_s=119.797075 peak_memory_gb=33.52666
  trial scenario=homogeneous_control partition_id=random_04 partition=10-9-12-7-14-6-11-11 lambda=0.0085 safe=True first_violation=None event_count=204 peak_prefill=1 peak_decode=6 minimum_link_headroom_mb_s=120.032956 peak_memory_gb=33.51322
  trial scenario=homogeneous_control partition_id=random_04 partition=10-9-12-7-14-6-11-11 lambda=0.009 safe=True first_violation=None event_count=204 peak_prefill=1 peak_decode=6 minimum_link_headroom_mb_s=119.830963 peak_memory_gb=33.52666
  trial scenario=homogeneous_control partition_id=random_04 partition=10-9-12-7-14-6-11-11 lambda=0.0095 safe=False first_violation=network event_count=166 peak_prefill=1 peak_decode=6 minimum_link_headroom_mb_s=-134.718641 peak_memory_gb=33.51994
  trial scenario=homogeneous_control partition_id=random_04 partition=10-9-12-7-14-6-11-11 lambda=0.01 safe=False first_violation=network event_count=116 peak_prefill=1 peak_decode=6 minimum_link_headroom_mb_s=-104.795979 peak_memory_gb=32.2339
  trial scenario=homogeneous_control partition_id=random_04 partition=10-9-12-7-14-6-11-11 lambda=0.0105 safe=False first_violation=network event_count=116 peak_prefill=1 peak_decode=6 minimum_link_headroom_mb_s=-104.795979 peak_memory_gb=32.22046
  trial scenario=homogeneous_control partition_id=random_04 partition=10-9-12-7-14-6-11-11 lambda=0.011 safe=False first_violation=network event_count=104 peak_prefill=1 peak_decode=6 minimum_link_headroom_mb_s=-112.032912 peak_memory_gb=32.34814
  trial scenario=homogeneous_control partition_id=random_04 partition=10-9-12-7-14-6-11-11 lambda=0.0115 safe=False first_violation=network event_count=102 peak_prefill=1 peak_decode=6 minimum_link_headroom_mb_s=-111.79799 peak_memory_gb=32.34814
  trial scenario=homogeneous_control partition_id=random_04 partition=10-9-12-7-14-6-11-11 lambda=0.012 safe=False first_violation=network event_count=101 peak_prefill=1 peak_decode=6 minimum_link_headroom_mb_s=-111.677362 peak_memory_gb=32.34814
  trial scenario=homogeneous_control partition_id=random_04 partition=10-9-12-7-14-6-11-11 lambda=0.0125 safe=False first_violation=network event_count=74 peak_prefill=1 peak_decode=6 minimum_link_headroom_mb_s=-107.115817 peak_memory_gb=32.34142
  trial scenario=homogeneous_control partition_id=random_04 partition=10-9-12-7-14-6-11-11 lambda=0.013 safe=False first_violation=network event_count=74 peak_prefill=1 peak_decode=6 minimum_link_headroom_mb_s=-107.115817 peak_memory_gb=32.34142
  trial scenario=homogeneous_control partition_id=random_04 partition=10-9-12-7-14-6-11-11 lambda=0.0135 safe=False first_violation=network event_count=73 peak_prefill=1 peak_decode=6 minimum_link_headroom_mb_s=-106.992345 peak_memory_gb=32.34142
  trial scenario=homogeneous_control partition_id=random_04 partition=10-9-12-7-14-6-11-11 lambda=0.014 safe=False first_violation=network event_count=73 peak_prefill=1 peak_decode=6 minimum_link_headroom_mb_s=-106.992345 peak_memory_gb=32.34142
  trial scenario=homogeneous_control partition_id=random_04 partition=10-9-12-7-14-6-11-11 lambda=0.0145 safe=False first_violation=network event_count=71 peak_prefill=1 peak_decode=6 minimum_link_headroom_mb_s=-106.760412 peak_memory_gb=32.46238
  trial scenario=homogeneous_control partition_id=random_04 partition=10-9-12-7-14-6-11-11 lambda=0.015 safe=False first_violation=network event_count=68 peak_prefill=1 peak_decode=6 minimum_link_headroom_mb_s=-106.429294 peak_memory_gb=32.45566
  trial scenario=homogeneous_control partition_id=random_04 partition=10-9-12-7-14-6-11-11 lambda=0.0155 safe=False first_violation=network event_count=68 peak_prefill=1 peak_decode=6 minimum_link_headroom_mb_s=-106.429294 peak_memory_gb=32.45566
  trial scenario=homogeneous_control partition_id=random_04 partition=10-9-12-7-14-6-11-11 lambda=0.016 safe=False first_violation=network event_count=68 peak_prefill=1 peak_decode=6 minimum_link_headroom_mb_s=-106.429294 peak_memory_gb=32.45566
  trial scenario=homogeneous_control partition_id=random_04 partition=10-9-12-7-14-6-11-11 lambda=0.0165 safe=False first_violation=network event_count=60 peak_prefill=1 peak_decode=6 minimum_link_headroom_mb_s=-107.014876 peak_memory_gb=32.45566
  trial scenario=homogeneous_control partition_id=random_04 partition=10-9-12-7-14-6-11-11 lambda=0.017 safe=False first_violation=network event_count=60 peak_prefill=1 peak_decode=6 minimum_link_headroom_mb_s=-107.014876 peak_memory_gb=32.45566
  trial scenario=homogeneous_control partition_id=random_04 partition=10-9-12-7-14-6-11-11 lambda=0.0175 safe=False first_violation=network event_count=59 peak_prefill=1 peak_decode=6 minimum_link_headroom_mb_s=-106.895125 peak_memory_gb=32.45566
  trial scenario=homogeneous_control partition_id=random_04 partition=10-9-12-7-14-6-11-11 lambda=0.018 safe=False first_violation=network event_count=26 peak_prefill=1 peak_decode=6 minimum_link_headroom_mb_s=-115.647505 peak_memory_gb=32.44894
  trial scenario=homogeneous_control partition_id=random_04 partition=10-9-12-7-14-6-11-11 lambda=0.0185 safe=False first_violation=network event_count=26 peak_prefill=1 peak_decode=6 minimum_link_headroom_mb_s=-115.647505 peak_memory_gb=32.44894
  trial scenario=homogeneous_control partition_id=random_04 partition=10-9-12-7-14-6-11-11 lambda=0.019 safe=False first_violation=network event_count=26 peak_prefill=1 peak_decode=6 minimum_link_headroom_mb_s=-115.647505 peak_memory_gb=32.44222
  trial scenario=homogeneous_control partition_id=random_04 partition=10-9-12-7-14-6-11-11 lambda=0.0195 safe=False first_violation=network event_count=26 peak_prefill=1 peak_decode=6 minimum_link_headroom_mb_s=-115.647505 peak_memory_gb=32.4355
  trial scenario=homogeneous_control partition_id=random_04 partition=10-9-12-7-14-6-11-11 lambda=0.02 safe=False first_violation=network event_count=25 peak_prefill=1 peak_decode=6 minimum_link_headroom_mb_s=-115.537242 peak_memory_gb=32.4355
  trial scenario=homogeneous_control partition_id=random_04 partition=10-9-12-7-14-6-11-11 lambda=0.0205 safe=False first_violation=network event_count=25 peak_prefill=1 peak_decode=6 minimum_link_headroom_mb_s=-115.537242 peak_memory_gb=32.4355
  trial scenario=homogeneous_control partition_id=random_04 partition=10-9-12-7-14-6-11-11 lambda=0.021 safe=False first_violation=network event_count=25 peak_prefill=1 peak_decode=6 minimum_link_headroom_mb_s=-115.537242 peak_memory_gb=32.4355
  trial scenario=homogeneous_control partition_id=random_04 partition=10-9-12-7-14-6-11-11 lambda=0.0215 safe=False first_violation=network event_count=24 peak_prefill=1 peak_decode=6 minimum_link_headroom_mb_s=-115.421618 peak_memory_gb=32.4355
  trial scenario=homogeneous_control partition_id=random_04 partition=10-9-12-7-14-6-11-11 lambda=0.022 safe=False first_violation=network event_count=24 peak_prefill=1 peak_decode=6 minimum_link_headroom_mb_s=-115.421618 peak_memory_gb=32.4355
  random_04          partition=[10, 9, 12, 7, 14, 6, 11, 11] safe=0.009 unsafe=0.0095 violation=network monotonic=True
  trial scenario=homogeneous_control partition_id=random_05 partition=10-5-14-10-7-10-12-12 lambda=0.006 safe=True first_violation=None event_count=204 peak_prefill=1 peak_decode=4 minimum_link_headroom_mb_s=584.631518 peak_memory_gb=32.2822
  trial scenario=homogeneous_control partition_id=random_05 partition=10-5-14-10-7-10-12-12 lambda=0.0065 safe=True first_violation=None event_count=204 peak_prefill=1 peak_decode=5 minimum_link_headroom_mb_s=358.41104 peak_memory_gb=32.64508
  trial scenario=homogeneous_control partition_id=random_05 partition=10-5-14-10-7-10-12-12 lambda=0.007 safe=True first_violation=None event_count=204 peak_prefill=1 peak_decode=5 minimum_link_headroom_mb_s=358.516848 peak_memory_gb=32.63836
  trial scenario=homogeneous_control partition_id=random_05 partition=10-5-14-10-7-10-12-12 lambda=0.0075 safe=True first_violation=None event_count=204 peak_prefill=1 peak_decode=6 minimum_link_headroom_mb_s=119.685981 peak_memory_gb=33.53338
  trial scenario=homogeneous_control partition_id=random_05 partition=10-5-14-10-7-10-12-12 lambda=0.008 safe=True first_violation=None event_count=204 peak_prefill=1 peak_decode=6 minimum_link_headroom_mb_s=119.797075 peak_memory_gb=33.52666
  trial scenario=homogeneous_control partition_id=random_05 partition=10-5-14-10-7-10-12-12 lambda=0.0085 safe=True first_violation=None event_count=204 peak_prefill=1 peak_decode=6 minimum_link_headroom_mb_s=120.032956 peak_memory_gb=33.51322
  trial scenario=homogeneous_control partition_id=random_05 partition=10-5-14-10-7-10-12-12 lambda=0.009 safe=True first_violation=None event_count=204 peak_prefill=1 peak_decode=6 minimum_link_headroom_mb_s=119.830963 peak_memory_gb=33.52666
  trial scenario=homogeneous_control partition_id=random_05 partition=10-5-14-10-7-10-12-12 lambda=0.0095 safe=False first_violation=network event_count=166 peak_prefill=1 peak_decode=6 minimum_link_headroom_mb_s=-134.718641 peak_memory_gb=33.51994
  trial scenario=homogeneous_control partition_id=random_05 partition=10-5-14-10-7-10-12-12 lambda=0.01 safe=False first_violation=network event_count=116 peak_prefill=1 peak_decode=6 minimum_link_headroom_mb_s=-104.795979 peak_memory_gb=32.2339
  trial scenario=homogeneous_control partition_id=random_05 partition=10-5-14-10-7-10-12-12 lambda=0.0105 safe=False first_violation=network event_count=116 peak_prefill=1 peak_decode=6 minimum_link_headroom_mb_s=-104.795979 peak_memory_gb=32.22046
  trial scenario=homogeneous_control partition_id=random_05 partition=10-5-14-10-7-10-12-12 lambda=0.011 safe=False first_violation=network event_count=104 peak_prefill=1 peak_decode=6 minimum_link_headroom_mb_s=-112.032912 peak_memory_gb=32.34814
  trial scenario=homogeneous_control partition_id=random_05 partition=10-5-14-10-7-10-12-12 lambda=0.0115 safe=False first_violation=network event_count=102 peak_prefill=1 peak_decode=6 minimum_link_headroom_mb_s=-111.79799 peak_memory_gb=32.34814
  trial scenario=homogeneous_control partition_id=random_05 partition=10-5-14-10-7-10-12-12 lambda=0.012 safe=False first_violation=network event_count=101 peak_prefill=1 peak_decode=6 minimum_link_headroom_mb_s=-111.677362 peak_memory_gb=32.34814
  trial scenario=homogeneous_control partition_id=random_05 partition=10-5-14-10-7-10-12-12 lambda=0.0125 safe=False first_violation=network event_count=74 peak_prefill=1 peak_decode=6 minimum_link_headroom_mb_s=-107.115817 peak_memory_gb=32.34142
  trial scenario=homogeneous_control partition_id=random_05 partition=10-5-14-10-7-10-12-12 lambda=0.013 safe=False first_violation=network event_count=74 peak_prefill=1 peak_decode=6 minimum_link_headroom_mb_s=-107.115817 peak_memory_gb=32.34142
  trial scenario=homogeneous_control partition_id=random_05 partition=10-5-14-10-7-10-12-12 lambda=0.0135 safe=False first_violation=network event_count=73 peak_prefill=1 peak_decode=6 minimum_link_headroom_mb_s=-106.992345 peak_memory_gb=32.34142
  trial scenario=homogeneous_control partition_id=random_05 partition=10-5-14-10-7-10-12-12 lambda=0.014 safe=False first_violation=network event_count=73 peak_prefill=1 peak_decode=6 minimum_link_headroom_mb_s=-106.992345 peak_memory_gb=32.34142
  trial scenario=homogeneous_control partition_id=random_05 partition=10-5-14-10-7-10-12-12 lambda=0.0145 safe=False first_violation=network event_count=71 peak_prefill=1 peak_decode=6 minimum_link_headroom_mb_s=-106.760412 peak_memory_gb=32.46238
  trial scenario=homogeneous_control partition_id=random_05 partition=10-5-14-10-7-10-12-12 lambda=0.015 safe=False first_violation=network event_count=68 peak_prefill=1 peak_decode=6 minimum_link_headroom_mb_s=-106.429294 peak_memory_gb=32.45566
  trial scenario=homogeneous_control partition_id=random_05 partition=10-5-14-10-7-10-12-12 lambda=0.0155 safe=False first_violation=network event_count=68 peak_prefill=1 peak_decode=6 minimum_link_headroom_mb_s=-106.429294 peak_memory_gb=32.45566
  trial scenario=homogeneous_control partition_id=random_05 partition=10-5-14-10-7-10-12-12 lambda=0.016 safe=False first_violation=network event_count=68 peak_prefill=1 peak_decode=6 minimum_link_headroom_mb_s=-106.429294 peak_memory_gb=32.45566
  trial scenario=homogeneous_control partition_id=random_05 partition=10-5-14-10-7-10-12-12 lambda=0.0165 safe=False first_violation=network event_count=60 peak_prefill=1 peak_decode=6 minimum_link_headroom_mb_s=-107.014876 peak_memory_gb=32.45566
  trial scenario=homogeneous_control partition_id=random_05 partition=10-5-14-10-7-10-12-12 lambda=0.017 safe=False first_violation=network event_count=60 peak_prefill=1 peak_decode=6 minimum_link_headroom_mb_s=-107.014876 peak_memory_gb=32.45566
  trial scenario=homogeneous_control partition_id=random_05 partition=10-5-14-10-7-10-12-12 lambda=0.0175 safe=False first_violation=network event_count=59 peak_prefill=1 peak_decode=6 minimum_link_headroom_mb_s=-106.895125 peak_memory_gb=32.45566
  trial scenario=homogeneous_control partition_id=random_05 partition=10-5-14-10-7-10-12-12 lambda=0.018 safe=False first_violation=network event_count=26 peak_prefill=1 peak_decode=6 minimum_link_headroom_mb_s=-115.647505 peak_memory_gb=32.44894
  trial scenario=homogeneous_control partition_id=random_05 partition=10-5-14-10-7-10-12-12 lambda=0.0185 safe=False first_violation=network event_count=26 peak_prefill=1 peak_decode=6 minimum_link_headroom_mb_s=-115.647505 peak_memory_gb=32.44894
  trial scenario=homogeneous_control partition_id=random_05 partition=10-5-14-10-7-10-12-12 lambda=0.019 safe=False first_violation=network event_count=26 peak_prefill=1 peak_decode=6 minimum_link_headroom_mb_s=-115.647505 peak_memory_gb=32.44222
  trial scenario=homogeneous_control partition_id=random_05 partition=10-5-14-10-7-10-12-12 lambda=0.0195 safe=False first_violation=network event_count=26 peak_prefill=1 peak_decode=6 minimum_link_headroom_mb_s=-115.647505 peak_memory_gb=32.4355
  trial scenario=homogeneous_control partition_id=random_05 partition=10-5-14-10-7-10-12-12 lambda=0.02 safe=False first_violation=network event_count=25 peak_prefill=1 peak_decode=6 minimum_link_headroom_mb_s=-115.537242 peak_memory_gb=32.4355
  trial scenario=homogeneous_control partition_id=random_05 partition=10-5-14-10-7-10-12-12 lambda=0.0205 safe=False first_violation=network event_count=25 peak_prefill=1 peak_decode=6 minimum_link_headroom_mb_s=-115.537242 peak_memory_gb=32.4355
  trial scenario=homogeneous_control partition_id=random_05 partition=10-5-14-10-7-10-12-12 lambda=0.021 safe=False first_violation=network event_count=25 peak_prefill=1 peak_decode=6 minimum_link_headroom_mb_s=-115.537242 peak_memory_gb=32.4355
  trial scenario=homogeneous_control partition_id=random_05 partition=10-5-14-10-7-10-12-12 lambda=0.0215 safe=False first_violation=network event_count=24 peak_prefill=1 peak_decode=6 minimum_link_headroom_mb_s=-115.421618 peak_memory_gb=32.4355
  trial scenario=homogeneous_control partition_id=random_05 partition=10-5-14-10-7-10-12-12 lambda=0.022 safe=False first_violation=network event_count=24 peak_prefill=1 peak_decode=6 minimum_link_headroom_mb_s=-115.421618 peak_memory_gb=32.4355
  random_05          partition=[10, 5, 14, 10, 7, 10, 12, 12] safe=0.009 unsafe=0.0095 violation=network monotonic=True
  trial scenario=homogeneous_control partition_id=random_06 partition=8-13-10-11-12-10-6-10 lambda=0.006 safe=True first_violation=None event_count=204 peak_prefill=1 peak_decode=4 minimum_link_headroom_mb_s=584.631518 peak_memory_gb=30.4049
  trial scenario=homogeneous_control partition_id=random_06 partition=8-13-10-11-12-10-6-10 lambda=0.0065 safe=True first_violation=None event_count=204 peak_prefill=1 peak_decode=5 minimum_link_headroom_mb_s=358.41104 peak_memory_gb=30.74186
  trial scenario=homogeneous_control partition_id=random_06 partition=8-13-10-11-12-10-6-10 lambda=0.007 safe=True first_violation=None event_count=204 peak_prefill=1 peak_decode=5 minimum_link_headroom_mb_s=358.516848 peak_memory_gb=30.73562
  trial scenario=homogeneous_control partition_id=random_06 partition=8-13-10-11-12-10-6-10 lambda=0.0075 safe=True first_violation=None event_count=204 peak_prefill=1 peak_decode=6 minimum_link_headroom_mb_s=119.685981 peak_memory_gb=31.56671
  trial scenario=homogeneous_control partition_id=random_06 partition=8-13-10-11-12-10-6-10 lambda=0.008 safe=True first_violation=None event_count=204 peak_prefill=1 peak_decode=6 minimum_link_headroom_mb_s=119.797075 peak_memory_gb=31.56047
  trial scenario=homogeneous_control partition_id=random_06 partition=8-13-10-11-12-10-6-10 lambda=0.0085 safe=True first_violation=None event_count=204 peak_prefill=1 peak_decode=6 minimum_link_headroom_mb_s=120.032956 peak_memory_gb=31.54799
  trial scenario=homogeneous_control partition_id=random_06 partition=8-13-10-11-12-10-6-10 lambda=0.009 safe=True first_violation=None event_count=204 peak_prefill=1 peak_decode=6 minimum_link_headroom_mb_s=119.830963 peak_memory_gb=31.56047
  trial scenario=homogeneous_control partition_id=random_06 partition=8-13-10-11-12-10-6-10 lambda=0.0095 safe=False first_violation=network event_count=166 peak_prefill=1 peak_decode=6 minimum_link_headroom_mb_s=-134.718641 peak_memory_gb=31.55423
  trial scenario=homogeneous_control partition_id=random_06 partition=8-13-10-11-12-10-6-10 lambda=0.01 safe=False first_violation=network event_count=116 peak_prefill=1 peak_decode=6 minimum_link_headroom_mb_s=-104.795979 peak_memory_gb=30.36005
  trial scenario=homogeneous_control partition_id=random_06 partition=8-13-10-11-12-10-6-10 lambda=0.0105 safe=False first_violation=network event_count=116 peak_prefill=1 peak_decode=6 minimum_link_headroom_mb_s=-104.795979 peak_memory_gb=30.34757
  trial scenario=homogeneous_control partition_id=random_06 partition=8-13-10-11-12-10-6-10 lambda=0.011 safe=False first_violation=network event_count=104 peak_prefill=1 peak_decode=6 minimum_link_headroom_mb_s=-112.032912 peak_memory_gb=30.46613
  trial scenario=homogeneous_control partition_id=random_06 partition=8-13-10-11-12-10-6-10 lambda=0.0115 safe=False first_violation=network event_count=102 peak_prefill=1 peak_decode=6 minimum_link_headroom_mb_s=-111.79799 peak_memory_gb=30.46613
  trial scenario=homogeneous_control partition_id=random_06 partition=8-13-10-11-12-10-6-10 lambda=0.012 safe=False first_violation=network event_count=101 peak_prefill=1 peak_decode=6 minimum_link_headroom_mb_s=-111.677362 peak_memory_gb=30.46613
  trial scenario=homogeneous_control partition_id=random_06 partition=8-13-10-11-12-10-6-10 lambda=0.0125 safe=False first_violation=network event_count=74 peak_prefill=1 peak_decode=6 minimum_link_headroom_mb_s=-107.115817 peak_memory_gb=30.45989
  trial scenario=homogeneous_control partition_id=random_06 partition=8-13-10-11-12-10-6-10 lambda=0.013 safe=False first_violation=network event_count=74 peak_prefill=1 peak_decode=6 minimum_link_headroom_mb_s=-107.115817 peak_memory_gb=30.45989
  trial scenario=homogeneous_control partition_id=random_06 partition=8-13-10-11-12-10-6-10 lambda=0.0135 safe=False first_violation=network event_count=73 peak_prefill=1 peak_decode=6 minimum_link_headroom_mb_s=-106.992345 peak_memory_gb=30.45989
  trial scenario=homogeneous_control partition_id=random_06 partition=8-13-10-11-12-10-6-10 lambda=0.014 safe=False first_violation=network event_count=73 peak_prefill=1 peak_decode=6 minimum_link_headroom_mb_s=-106.992345 peak_memory_gb=30.45989
  trial scenario=homogeneous_control partition_id=random_06 partition=8-13-10-11-12-10-6-10 lambda=0.0145 safe=False first_violation=network event_count=71 peak_prefill=1 peak_decode=6 minimum_link_headroom_mb_s=-106.760412 peak_memory_gb=30.57221
  trial scenario=homogeneous_control partition_id=random_06 partition=8-13-10-11-12-10-6-10 lambda=0.015 safe=False first_violation=network event_count=68 peak_prefill=1 peak_decode=6 minimum_link_headroom_mb_s=-106.429294 peak_memory_gb=30.56597
  trial scenario=homogeneous_control partition_id=random_06 partition=8-13-10-11-12-10-6-10 lambda=0.0155 safe=False first_violation=network event_count=68 peak_prefill=1 peak_decode=6 minimum_link_headroom_mb_s=-106.429294 peak_memory_gb=30.56597
  trial scenario=homogeneous_control partition_id=random_06 partition=8-13-10-11-12-10-6-10 lambda=0.016 safe=False first_violation=network event_count=68 peak_prefill=1 peak_decode=6 minimum_link_headroom_mb_s=-106.429294 peak_memory_gb=30.56597
  trial scenario=homogeneous_control partition_id=random_06 partition=8-13-10-11-12-10-6-10 lambda=0.0165 safe=False first_violation=network event_count=60 peak_prefill=1 peak_decode=6 minimum_link_headroom_mb_s=-107.014876 peak_memory_gb=30.56597
  trial scenario=homogeneous_control partition_id=random_06 partition=8-13-10-11-12-10-6-10 lambda=0.017 safe=False first_violation=network event_count=60 peak_prefill=1 peak_decode=6 minimum_link_headroom_mb_s=-107.014876 peak_memory_gb=30.56597
  trial scenario=homogeneous_control partition_id=random_06 partition=8-13-10-11-12-10-6-10 lambda=0.0175 safe=False first_violation=network event_count=59 peak_prefill=1 peak_decode=6 minimum_link_headroom_mb_s=-106.895125 peak_memory_gb=30.56597
  trial scenario=homogeneous_control partition_id=random_06 partition=8-13-10-11-12-10-6-10 lambda=0.018 safe=False first_violation=network event_count=26 peak_prefill=1 peak_decode=6 minimum_link_headroom_mb_s=-115.647505 peak_memory_gb=30.55973
  trial scenario=homogeneous_control partition_id=random_06 partition=8-13-10-11-12-10-6-10 lambda=0.0185 safe=False first_violation=network event_count=26 peak_prefill=1 peak_decode=6 minimum_link_headroom_mb_s=-115.647505 peak_memory_gb=30.55973
  trial scenario=homogeneous_control partition_id=random_06 partition=8-13-10-11-12-10-6-10 lambda=0.019 safe=False first_violation=network event_count=26 peak_prefill=1 peak_decode=6 minimum_link_headroom_mb_s=-115.647505 peak_memory_gb=30.55349
  trial scenario=homogeneous_control partition_id=random_06 partition=8-13-10-11-12-10-6-10 lambda=0.0195 safe=False first_violation=network event_count=26 peak_prefill=1 peak_decode=6 minimum_link_headroom_mb_s=-115.647505 peak_memory_gb=30.54725
  trial scenario=homogeneous_control partition_id=random_06 partition=8-13-10-11-12-10-6-10 lambda=0.02 safe=False first_violation=network event_count=25 peak_prefill=1 peak_decode=6 minimum_link_headroom_mb_s=-115.537242 peak_memory_gb=30.54725
  trial scenario=homogeneous_control partition_id=random_06 partition=8-13-10-11-12-10-6-10 lambda=0.0205 safe=False first_violation=network event_count=25 peak_prefill=1 peak_decode=6 minimum_link_headroom_mb_s=-115.537242 peak_memory_gb=30.54725
  trial scenario=homogeneous_control partition_id=random_06 partition=8-13-10-11-12-10-6-10 lambda=0.021 safe=False first_violation=network event_count=25 peak_prefill=1 peak_decode=6 minimum_link_headroom_mb_s=-115.537242 peak_memory_gb=30.54725
  trial scenario=homogeneous_control partition_id=random_06 partition=8-13-10-11-12-10-6-10 lambda=0.0215 safe=False first_violation=network event_count=24 peak_prefill=1 peak_decode=6 minimum_link_headroom_mb_s=-115.421618 peak_memory_gb=30.54725
  trial scenario=homogeneous_control partition_id=random_06 partition=8-13-10-11-12-10-6-10 lambda=0.022 safe=False first_violation=network event_count=24 peak_prefill=1 peak_decode=6 minimum_link_headroom_mb_s=-115.421618 peak_memory_gb=30.54725
  random_06          partition=[8, 13, 10, 11, 12, 10, 6, 10] safe=0.009 unsafe=0.0095 violation=network monotonic=True
  trial scenario=homogeneous_control partition_id=random_07 partition=10-9-9-9-15-13-8-7 lambda=0.006 safe=True first_violation=None event_count=204 peak_prefill=1 peak_decode=4 minimum_link_headroom_mb_s=584.631518 peak_memory_gb=34.1595
  trial scenario=homogeneous_control partition_id=random_07 partition=10-9-9-9-15-13-8-7 lambda=0.0065 safe=True first_violation=None event_count=204 peak_prefill=1 peak_decode=5 minimum_link_headroom_mb_s=358.41104 peak_memory_gb=34.5483
  trial scenario=homogeneous_control partition_id=random_07 partition=10-9-9-9-15-13-8-7 lambda=0.007 safe=True first_violation=None event_count=204 peak_prefill=1 peak_decode=5 minimum_link_headroom_mb_s=358.516848 peak_memory_gb=34.5411
  trial scenario=homogeneous_control partition_id=random_07 partition=10-9-9-9-15-13-8-7 lambda=0.0075 safe=True first_violation=None event_count=204 peak_prefill=1 peak_decode=6 minimum_link_headroom_mb_s=119.685981 peak_memory_gb=35.50005
  trial scenario=homogeneous_control partition_id=random_07 partition=10-9-9-9-15-13-8-7 lambda=0.008 safe=True first_violation=None event_count=204 peak_prefill=1 peak_decode=6 minimum_link_headroom_mb_s=119.797075 peak_memory_gb=35.49285
  trial scenario=homogeneous_control partition_id=random_07 partition=10-9-9-9-15-13-8-7 lambda=0.0085 safe=True first_violation=None event_count=204 peak_prefill=1 peak_decode=6 minimum_link_headroom_mb_s=120.032956 peak_memory_gb=35.47845
  trial scenario=homogeneous_control partition_id=random_07 partition=10-9-9-9-15-13-8-7 lambda=0.009 safe=True first_violation=None event_count=204 peak_prefill=1 peak_decode=6 minimum_link_headroom_mb_s=119.830963 peak_memory_gb=35.49285
  trial scenario=homogeneous_control partition_id=random_07 partition=10-9-9-9-15-13-8-7 lambda=0.0095 safe=False first_violation=network event_count=166 peak_prefill=1 peak_decode=6 minimum_link_headroom_mb_s=-134.718641 peak_memory_gb=35.48565
  trial scenario=homogeneous_control partition_id=random_07 partition=10-9-9-9-15-13-8-7 lambda=0.01 safe=False first_violation=network event_count=116 peak_prefill=1 peak_decode=6 minimum_link_headroom_mb_s=-104.795979 peak_memory_gb=34.10775
  trial scenario=homogeneous_control partition_id=random_07 partition=10-9-9-9-15-13-8-7 lambda=0.0105 safe=False first_violation=network event_count=116 peak_prefill=1 peak_decode=6 minimum_link_headroom_mb_s=-104.795979 peak_memory_gb=34.09335
  trial scenario=homogeneous_control partition_id=random_07 partition=10-9-9-9-15-13-8-7 lambda=0.011 safe=False first_violation=network event_count=104 peak_prefill=1 peak_decode=6 minimum_link_headroom_mb_s=-112.032912 peak_memory_gb=34.23015
  trial scenario=homogeneous_control partition_id=random_07 partition=10-9-9-9-15-13-8-7 lambda=0.0115 safe=False first_violation=network event_count=102 peak_prefill=1 peak_decode=6 minimum_link_headroom_mb_s=-111.79799 peak_memory_gb=34.23015
  trial scenario=homogeneous_control partition_id=random_07 partition=10-9-9-9-15-13-8-7 lambda=0.012 safe=False first_violation=network event_count=101 peak_prefill=1 peak_decode=6 minimum_link_headroom_mb_s=-111.677362 peak_memory_gb=34.23015
  trial scenario=homogeneous_control partition_id=random_07 partition=10-9-9-9-15-13-8-7 lambda=0.0125 safe=False first_violation=network event_count=74 peak_prefill=1 peak_decode=6 minimum_link_headroom_mb_s=-107.115817 peak_memory_gb=34.22295
  trial scenario=homogeneous_control partition_id=random_07 partition=10-9-9-9-15-13-8-7 lambda=0.013 safe=False first_violation=network event_count=74 peak_prefill=1 peak_decode=6 minimum_link_headroom_mb_s=-107.115817 peak_memory_gb=34.22295
  trial scenario=homogeneous_control partition_id=random_07 partition=10-9-9-9-15-13-8-7 lambda=0.0135 safe=False first_violation=network event_count=73 peak_prefill=1 peak_decode=6 minimum_link_headroom_mb_s=-106.992345 peak_memory_gb=34.22295
  trial scenario=homogeneous_control partition_id=random_07 partition=10-9-9-9-15-13-8-7 lambda=0.014 safe=False first_violation=network event_count=73 peak_prefill=1 peak_decode=6 minimum_link_headroom_mb_s=-106.992345 peak_memory_gb=34.22295
  trial scenario=homogeneous_control partition_id=random_07 partition=10-9-9-9-15-13-8-7 lambda=0.0145 safe=False first_violation=network event_count=71 peak_prefill=1 peak_decode=6 minimum_link_headroom_mb_s=-106.760412 peak_memory_gb=34.35255
  trial scenario=homogeneous_control partition_id=random_07 partition=10-9-9-9-15-13-8-7 lambda=0.015 safe=False first_violation=network event_count=68 peak_prefill=1 peak_decode=6 minimum_link_headroom_mb_s=-106.429294 peak_memory_gb=34.34535
  trial scenario=homogeneous_control partition_id=random_07 partition=10-9-9-9-15-13-8-7 lambda=0.0155 safe=False first_violation=network event_count=68 peak_prefill=1 peak_decode=6 minimum_link_headroom_mb_s=-106.429294 peak_memory_gb=34.34535
  trial scenario=homogeneous_control partition_id=random_07 partition=10-9-9-9-15-13-8-7 lambda=0.016 safe=False first_violation=network event_count=68 peak_prefill=1 peak_decode=6 minimum_link_headroom_mb_s=-106.429294 peak_memory_gb=34.34535
  trial scenario=homogeneous_control partition_id=random_07 partition=10-9-9-9-15-13-8-7 lambda=0.0165 safe=False first_violation=network event_count=60 peak_prefill=1 peak_decode=6 minimum_link_headroom_mb_s=-107.014876 peak_memory_gb=34.34535
  trial scenario=homogeneous_control partition_id=random_07 partition=10-9-9-9-15-13-8-7 lambda=0.017 safe=False first_violation=network event_count=60 peak_prefill=1 peak_decode=6 minimum_link_headroom_mb_s=-107.014876 peak_memory_gb=34.34535
  trial scenario=homogeneous_control partition_id=random_07 partition=10-9-9-9-15-13-8-7 lambda=0.0175 safe=False first_violation=network event_count=59 peak_prefill=1 peak_decode=6 minimum_link_headroom_mb_s=-106.895125 peak_memory_gb=34.34535
  trial scenario=homogeneous_control partition_id=random_07 partition=10-9-9-9-15-13-8-7 lambda=0.018 safe=False first_violation=network event_count=26 peak_prefill=1 peak_decode=6 minimum_link_headroom_mb_s=-115.647505 peak_memory_gb=34.33815
  trial scenario=homogeneous_control partition_id=random_07 partition=10-9-9-9-15-13-8-7 lambda=0.0185 safe=False first_violation=network event_count=26 peak_prefill=1 peak_decode=6 minimum_link_headroom_mb_s=-115.647505 peak_memory_gb=34.33815
  trial scenario=homogeneous_control partition_id=random_07 partition=10-9-9-9-15-13-8-7 lambda=0.019 safe=False first_violation=network event_count=26 peak_prefill=1 peak_decode=6 minimum_link_headroom_mb_s=-115.647505 peak_memory_gb=34.33095
  trial scenario=homogeneous_control partition_id=random_07 partition=10-9-9-9-15-13-8-7 lambda=0.0195 safe=False first_violation=network event_count=26 peak_prefill=1 peak_decode=6 minimum_link_headroom_mb_s=-115.647505 peak_memory_gb=34.32375
  trial scenario=homogeneous_control partition_id=random_07 partition=10-9-9-9-15-13-8-7 lambda=0.02 safe=False first_violation=network event_count=25 peak_prefill=1 peak_decode=6 minimum_link_headroom_mb_s=-115.537242 peak_memory_gb=34.32375
  trial scenario=homogeneous_control partition_id=random_07 partition=10-9-9-9-15-13-8-7 lambda=0.0205 safe=False first_violation=network event_count=25 peak_prefill=1 peak_decode=6 minimum_link_headroom_mb_s=-115.537242 peak_memory_gb=34.32375
  trial scenario=homogeneous_control partition_id=random_07 partition=10-9-9-9-15-13-8-7 lambda=0.021 safe=False first_violation=network event_count=25 peak_prefill=1 peak_decode=6 minimum_link_headroom_mb_s=-115.537242 peak_memory_gb=34.32375
  trial scenario=homogeneous_control partition_id=random_07 partition=10-9-9-9-15-13-8-7 lambda=0.0215 safe=False first_violation=network event_count=24 peak_prefill=1 peak_decode=6 minimum_link_headroom_mb_s=-115.421618 peak_memory_gb=34.32375
  trial scenario=homogeneous_control partition_id=random_07 partition=10-9-9-9-15-13-8-7 lambda=0.022 safe=False first_violation=network event_count=24 peak_prefill=1 peak_decode=6 minimum_link_headroom_mb_s=-115.421618 peak_memory_gb=34.32375
  random_07          partition=[10, 9, 9, 9, 15, 13, 8, 7] safe=0.009 unsafe=0.0095 violation=network monotonic=True
  trial scenario=homogeneous_control partition_id=random_08 partition=12-10-8-15-9-10-5-11 lambda=0.006 safe=True first_violation=None event_count=204 peak_prefill=1 peak_decode=4 minimum_link_headroom_mb_s=584.631518 peak_memory_gb=34.1595
  trial scenario=homogeneous_control partition_id=random_08 partition=12-10-8-15-9-10-5-11 lambda=0.0065 safe=True first_violation=None event_count=204 peak_prefill=1 peak_decode=5 minimum_link_headroom_mb_s=358.41104 peak_memory_gb=34.5483
  trial scenario=homogeneous_control partition_id=random_08 partition=12-10-8-15-9-10-5-11 lambda=0.007 safe=True first_violation=None event_count=204 peak_prefill=1 peak_decode=5 minimum_link_headroom_mb_s=358.516848 peak_memory_gb=34.5411
  trial scenario=homogeneous_control partition_id=random_08 partition=12-10-8-15-9-10-5-11 lambda=0.0075 safe=True first_violation=None event_count=204 peak_prefill=1 peak_decode=6 minimum_link_headroom_mb_s=119.685981 peak_memory_gb=35.50005
  trial scenario=homogeneous_control partition_id=random_08 partition=12-10-8-15-9-10-5-11 lambda=0.008 safe=True first_violation=None event_count=204 peak_prefill=1 peak_decode=6 minimum_link_headroom_mb_s=119.797075 peak_memory_gb=35.49285
  trial scenario=homogeneous_control partition_id=random_08 partition=12-10-8-15-9-10-5-11 lambda=0.0085 safe=True first_violation=None event_count=204 peak_prefill=1 peak_decode=6 minimum_link_headroom_mb_s=120.032956 peak_memory_gb=35.47845
  trial scenario=homogeneous_control partition_id=random_08 partition=12-10-8-15-9-10-5-11 lambda=0.009 safe=True first_violation=None event_count=204 peak_prefill=1 peak_decode=6 minimum_link_headroom_mb_s=119.830963 peak_memory_gb=35.49285
  trial scenario=homogeneous_control partition_id=random_08 partition=12-10-8-15-9-10-5-11 lambda=0.0095 safe=False first_violation=network event_count=166 peak_prefill=1 peak_decode=6 minimum_link_headroom_mb_s=-134.718641 peak_memory_gb=35.48565
  trial scenario=homogeneous_control partition_id=random_08 partition=12-10-8-15-9-10-5-11 lambda=0.01 safe=False first_violation=network event_count=116 peak_prefill=1 peak_decode=6 minimum_link_headroom_mb_s=-104.795979 peak_memory_gb=34.10775
  trial scenario=homogeneous_control partition_id=random_08 partition=12-10-8-15-9-10-5-11 lambda=0.0105 safe=False first_violation=network event_count=116 peak_prefill=1 peak_decode=6 minimum_link_headroom_mb_s=-104.795979 peak_memory_gb=34.09335
  trial scenario=homogeneous_control partition_id=random_08 partition=12-10-8-15-9-10-5-11 lambda=0.011 safe=False first_violation=network event_count=104 peak_prefill=1 peak_decode=6 minimum_link_headroom_mb_s=-112.032912 peak_memory_gb=34.23015
  trial scenario=homogeneous_control partition_id=random_08 partition=12-10-8-15-9-10-5-11 lambda=0.0115 safe=False first_violation=network event_count=102 peak_prefill=1 peak_decode=6 minimum_link_headroom_mb_s=-111.79799 peak_memory_gb=34.23015
  trial scenario=homogeneous_control partition_id=random_08 partition=12-10-8-15-9-10-5-11 lambda=0.012 safe=False first_violation=network event_count=101 peak_prefill=1 peak_decode=6 minimum_link_headroom_mb_s=-111.677362 peak_memory_gb=34.23015
  trial scenario=homogeneous_control partition_id=random_08 partition=12-10-8-15-9-10-5-11 lambda=0.0125 safe=False first_violation=network event_count=74 peak_prefill=1 peak_decode=6 minimum_link_headroom_mb_s=-107.115817 peak_memory_gb=34.22295
  trial scenario=homogeneous_control partition_id=random_08 partition=12-10-8-15-9-10-5-11 lambda=0.013 safe=False first_violation=network event_count=74 peak_prefill=1 peak_decode=6 minimum_link_headroom_mb_s=-107.115817 peak_memory_gb=34.22295
  trial scenario=homogeneous_control partition_id=random_08 partition=12-10-8-15-9-10-5-11 lambda=0.0135 safe=False first_violation=network event_count=73 peak_prefill=1 peak_decode=6 minimum_link_headroom_mb_s=-106.992345 peak_memory_gb=34.22295
  trial scenario=homogeneous_control partition_id=random_08 partition=12-10-8-15-9-10-5-11 lambda=0.014 safe=False first_violation=network event_count=73 peak_prefill=1 peak_decode=6 minimum_link_headroom_mb_s=-106.992345 peak_memory_gb=34.22295
  trial scenario=homogeneous_control partition_id=random_08 partition=12-10-8-15-9-10-5-11 lambda=0.0145 safe=False first_violation=network event_count=71 peak_prefill=1 peak_decode=6 minimum_link_headroom_mb_s=-106.760412 peak_memory_gb=34.35255
  trial scenario=homogeneous_control partition_id=random_08 partition=12-10-8-15-9-10-5-11 lambda=0.015 safe=False first_violation=network event_count=68 peak_prefill=1 peak_decode=6 minimum_link_headroom_mb_s=-106.429294 peak_memory_gb=34.34535
  trial scenario=homogeneous_control partition_id=random_08 partition=12-10-8-15-9-10-5-11 lambda=0.0155 safe=False first_violation=network event_count=68 peak_prefill=1 peak_decode=6 minimum_link_headroom_mb_s=-106.429294 peak_memory_gb=34.34535
  trial scenario=homogeneous_control partition_id=random_08 partition=12-10-8-15-9-10-5-11 lambda=0.016 safe=False first_violation=network event_count=68 peak_prefill=1 peak_decode=6 minimum_link_headroom_mb_s=-106.429294 peak_memory_gb=34.34535
  trial scenario=homogeneous_control partition_id=random_08 partition=12-10-8-15-9-10-5-11 lambda=0.0165 safe=False first_violation=network event_count=60 peak_prefill=1 peak_decode=6 minimum_link_headroom_mb_s=-107.014876 peak_memory_gb=34.34535
  trial scenario=homogeneous_control partition_id=random_08 partition=12-10-8-15-9-10-5-11 lambda=0.017 safe=False first_violation=network event_count=60 peak_prefill=1 peak_decode=6 minimum_link_headroom_mb_s=-107.014876 peak_memory_gb=34.34535
  trial scenario=homogeneous_control partition_id=random_08 partition=12-10-8-15-9-10-5-11 lambda=0.0175 safe=False first_violation=network event_count=59 peak_prefill=1 peak_decode=6 minimum_link_headroom_mb_s=-106.895125 peak_memory_gb=34.34535
  trial scenario=homogeneous_control partition_id=random_08 partition=12-10-8-15-9-10-5-11 lambda=0.018 safe=False first_violation=network event_count=26 peak_prefill=1 peak_decode=6 minimum_link_headroom_mb_s=-115.647505 peak_memory_gb=34.33815
  trial scenario=homogeneous_control partition_id=random_08 partition=12-10-8-15-9-10-5-11 lambda=0.0185 safe=False first_violation=network event_count=26 peak_prefill=1 peak_decode=6 minimum_link_headroom_mb_s=-115.647505 peak_memory_gb=34.33815
  trial scenario=homogeneous_control partition_id=random_08 partition=12-10-8-15-9-10-5-11 lambda=0.019 safe=False first_violation=network event_count=26 peak_prefill=1 peak_decode=6 minimum_link_headroom_mb_s=-115.647505 peak_memory_gb=34.33095
  trial scenario=homogeneous_control partition_id=random_08 partition=12-10-8-15-9-10-5-11 lambda=0.0195 safe=False first_violation=network event_count=26 peak_prefill=1 peak_decode=6 minimum_link_headroom_mb_s=-115.647505 peak_memory_gb=34.32375
  trial scenario=homogeneous_control partition_id=random_08 partition=12-10-8-15-9-10-5-11 lambda=0.02 safe=False first_violation=network event_count=25 peak_prefill=1 peak_decode=6 minimum_link_headroom_mb_s=-115.537242 peak_memory_gb=34.32375
  trial scenario=homogeneous_control partition_id=random_08 partition=12-10-8-15-9-10-5-11 lambda=0.0205 safe=False first_violation=network event_count=25 peak_prefill=1 peak_decode=6 minimum_link_headroom_mb_s=-115.537242 peak_memory_gb=34.32375
  trial scenario=homogeneous_control partition_id=random_08 partition=12-10-8-15-9-10-5-11 lambda=0.021 safe=False first_violation=network event_count=25 peak_prefill=1 peak_decode=6 minimum_link_headroom_mb_s=-115.537242 peak_memory_gb=34.32375
  trial scenario=homogeneous_control partition_id=random_08 partition=12-10-8-15-9-10-5-11 lambda=0.0215 safe=False first_violation=network event_count=24 peak_prefill=1 peak_decode=6 minimum_link_headroom_mb_s=-115.421618 peak_memory_gb=34.32375
  trial scenario=homogeneous_control partition_id=random_08 partition=12-10-8-15-9-10-5-11 lambda=0.022 safe=False first_violation=network event_count=24 peak_prefill=1 peak_decode=6 minimum_link_headroom_mb_s=-115.421618 peak_memory_gb=34.32375
  random_08          partition=[12, 10, 8, 15, 9, 10, 5, 11] safe=0.009 unsafe=0.0095 violation=network monotonic=True
  trial scenario=homogeneous_control partition_id=random_09 partition=10-9-9-11-12-11-9-9 lambda=0.006 safe=True first_violation=None event_count=204 peak_prefill=1 peak_decode=4 minimum_link_headroom_mb_s=584.631518 peak_memory_gb=28.5276
  trial scenario=homogeneous_control partition_id=random_09 partition=10-9-9-11-12-11-9-9 lambda=0.0065 safe=True first_violation=None event_count=204 peak_prefill=1 peak_decode=5 minimum_link_headroom_mb_s=358.41104 peak_memory_gb=28.83864
  trial scenario=homogeneous_control partition_id=random_09 partition=10-9-9-11-12-11-9-9 lambda=0.007 safe=True first_violation=None event_count=204 peak_prefill=1 peak_decode=5 minimum_link_headroom_mb_s=358.516848 peak_memory_gb=28.83288
  trial scenario=homogeneous_control partition_id=random_09 partition=10-9-9-11-12-11-9-9 lambda=0.0075 safe=True first_violation=None event_count=204 peak_prefill=1 peak_decode=6 minimum_link_headroom_mb_s=119.685981 peak_memory_gb=29.60004
  trial scenario=homogeneous_control partition_id=random_09 partition=10-9-9-11-12-11-9-9 lambda=0.008 safe=True first_violation=None event_count=204 peak_prefill=1 peak_decode=6 minimum_link_headroom_mb_s=119.797075 peak_memory_gb=29.59428
  trial scenario=homogeneous_control partition_id=random_09 partition=10-9-9-11-12-11-9-9 lambda=0.0085 safe=True first_violation=None event_count=204 peak_prefill=1 peak_decode=6 minimum_link_headroom_mb_s=120.032956 peak_memory_gb=29.58276
  trial scenario=homogeneous_control partition_id=random_09 partition=10-9-9-11-12-11-9-9 lambda=0.009 safe=True first_violation=None event_count=204 peak_prefill=1 peak_decode=6 minimum_link_headroom_mb_s=119.830963 peak_memory_gb=29.59428
  trial scenario=homogeneous_control partition_id=random_09 partition=10-9-9-11-12-11-9-9 lambda=0.0095 safe=False first_violation=network event_count=166 peak_prefill=1 peak_decode=6 minimum_link_headroom_mb_s=-134.718641 peak_memory_gb=29.58852
  trial scenario=homogeneous_control partition_id=random_09 partition=10-9-9-11-12-11-9-9 lambda=0.01 safe=False first_violation=network event_count=116 peak_prefill=1 peak_decode=6 minimum_link_headroom_mb_s=-104.795979 peak_memory_gb=28.4862
  trial scenario=homogeneous_control partition_id=random_09 partition=10-9-9-11-12-11-9-9 lambda=0.0105 safe=False first_violation=network event_count=116 peak_prefill=1 peak_decode=6 minimum_link_headroom_mb_s=-104.795979 peak_memory_gb=28.47468
  trial scenario=homogeneous_control partition_id=random_09 partition=10-9-9-11-12-11-9-9 lambda=0.011 safe=False first_violation=network event_count=104 peak_prefill=1 peak_decode=6 minimum_link_headroom_mb_s=-112.032912 peak_memory_gb=28.58412
  trial scenario=homogeneous_control partition_id=random_09 partition=10-9-9-11-12-11-9-9 lambda=0.0115 safe=False first_violation=network event_count=102 peak_prefill=1 peak_decode=6 minimum_link_headroom_mb_s=-111.79799 peak_memory_gb=28.58412
  trial scenario=homogeneous_control partition_id=random_09 partition=10-9-9-11-12-11-9-9 lambda=0.012 safe=False first_violation=network event_count=101 peak_prefill=1 peak_decode=6 minimum_link_headroom_mb_s=-111.677362 peak_memory_gb=28.58412
  trial scenario=homogeneous_control partition_id=random_09 partition=10-9-9-11-12-11-9-9 lambda=0.0125 safe=False first_violation=network event_count=74 peak_prefill=1 peak_decode=6 minimum_link_headroom_mb_s=-107.115817 peak_memory_gb=28.57836
  trial scenario=homogeneous_control partition_id=random_09 partition=10-9-9-11-12-11-9-9 lambda=0.013 safe=False first_violation=network event_count=74 peak_prefill=1 peak_decode=6 minimum_link_headroom_mb_s=-107.115817 peak_memory_gb=28.57836
  trial scenario=homogeneous_control partition_id=random_09 partition=10-9-9-11-12-11-9-9 lambda=0.0135 safe=False first_violation=network event_count=73 peak_prefill=1 peak_decode=6 minimum_link_headroom_mb_s=-106.992345 peak_memory_gb=28.57836
  trial scenario=homogeneous_control partition_id=random_09 partition=10-9-9-11-12-11-9-9 lambda=0.014 safe=False first_violation=network event_count=73 peak_prefill=1 peak_decode=6 minimum_link_headroom_mb_s=-106.992345 peak_memory_gb=28.57836
  trial scenario=homogeneous_control partition_id=random_09 partition=10-9-9-11-12-11-9-9 lambda=0.0145 safe=False first_violation=network event_count=71 peak_prefill=1 peak_decode=6 minimum_link_headroom_mb_s=-106.760412 peak_memory_gb=28.68204
  trial scenario=homogeneous_control partition_id=random_09 partition=10-9-9-11-12-11-9-9 lambda=0.015 safe=False first_violation=network event_count=68 peak_prefill=1 peak_decode=6 minimum_link_headroom_mb_s=-106.429294 peak_memory_gb=28.67628
  trial scenario=homogeneous_control partition_id=random_09 partition=10-9-9-11-12-11-9-9 lambda=0.0155 safe=False first_violation=network event_count=68 peak_prefill=1 peak_decode=6 minimum_link_headroom_mb_s=-106.429294 peak_memory_gb=28.67628
  trial scenario=homogeneous_control partition_id=random_09 partition=10-9-9-11-12-11-9-9 lambda=0.016 safe=False first_violation=network event_count=68 peak_prefill=1 peak_decode=6 minimum_link_headroom_mb_s=-106.429294 peak_memory_gb=28.67628
  trial scenario=homogeneous_control partition_id=random_09 partition=10-9-9-11-12-11-9-9 lambda=0.0165 safe=False first_violation=network event_count=60 peak_prefill=1 peak_decode=6 minimum_link_headroom_mb_s=-107.014876 peak_memory_gb=28.67628
  trial scenario=homogeneous_control partition_id=random_09 partition=10-9-9-11-12-11-9-9 lambda=0.017 safe=False first_violation=network event_count=60 peak_prefill=1 peak_decode=6 minimum_link_headroom_mb_s=-107.014876 peak_memory_gb=28.67628
  trial scenario=homogeneous_control partition_id=random_09 partition=10-9-9-11-12-11-9-9 lambda=0.0175 safe=False first_violation=network event_count=59 peak_prefill=1 peak_decode=6 minimum_link_headroom_mb_s=-106.895125 peak_memory_gb=28.67628
  trial scenario=homogeneous_control partition_id=random_09 partition=10-9-9-11-12-11-9-9 lambda=0.018 safe=False first_violation=network event_count=26 peak_prefill=1 peak_decode=6 minimum_link_headroom_mb_s=-115.647505 peak_memory_gb=28.67052
  trial scenario=homogeneous_control partition_id=random_09 partition=10-9-9-11-12-11-9-9 lambda=0.0185 safe=False first_violation=network event_count=26 peak_prefill=1 peak_decode=6 minimum_link_headroom_mb_s=-115.647505 peak_memory_gb=28.67052
  trial scenario=homogeneous_control partition_id=random_09 partition=10-9-9-11-12-11-9-9 lambda=0.019 safe=False first_violation=network event_count=26 peak_prefill=1 peak_decode=6 minimum_link_headroom_mb_s=-115.647505 peak_memory_gb=28.66476
  trial scenario=homogeneous_control partition_id=random_09 partition=10-9-9-11-12-11-9-9 lambda=0.0195 safe=False first_violation=network event_count=26 peak_prefill=1 peak_decode=6 minimum_link_headroom_mb_s=-115.647505 peak_memory_gb=28.659
  trial scenario=homogeneous_control partition_id=random_09 partition=10-9-9-11-12-11-9-9 lambda=0.02 safe=False first_violation=network event_count=25 peak_prefill=1 peak_decode=6 minimum_link_headroom_mb_s=-115.537242 peak_memory_gb=28.659
  trial scenario=homogeneous_control partition_id=random_09 partition=10-9-9-11-12-11-9-9 lambda=0.0205 safe=False first_violation=network event_count=25 peak_prefill=1 peak_decode=6 minimum_link_headroom_mb_s=-115.537242 peak_memory_gb=28.659
  trial scenario=homogeneous_control partition_id=random_09 partition=10-9-9-11-12-11-9-9 lambda=0.021 safe=False first_violation=network event_count=25 peak_prefill=1 peak_decode=6 minimum_link_headroom_mb_s=-115.537242 peak_memory_gb=28.659
  trial scenario=homogeneous_control partition_id=random_09 partition=10-9-9-11-12-11-9-9 lambda=0.0215 safe=False first_violation=network event_count=24 peak_prefill=1 peak_decode=6 minimum_link_headroom_mb_s=-115.421618 peak_memory_gb=28.659
  trial scenario=homogeneous_control partition_id=random_09 partition=10-9-9-11-12-11-9-9 lambda=0.022 safe=False first_violation=network event_count=24 peak_prefill=1 peak_decode=6 minimum_link_headroom_mb_s=-115.421618 peak_memory_gb=28.659
  random_09          partition=[10, 9, 9, 11, 12, 11, 9, 9] safe=0.009 unsafe=0.0095 violation=network monotonic=True
  trial scenario=homogeneous_control partition_id=random_10 partition=14-10-5-10-7-14-10-10 lambda=0.006 safe=True first_violation=None event_count=204 peak_prefill=1 peak_decode=4 minimum_link_headroom_mb_s=584.631518 peak_memory_gb=32.2822
  trial scenario=homogeneous_control partition_id=random_10 partition=14-10-5-10-7-14-10-10 lambda=0.0065 safe=True first_violation=None event_count=204 peak_prefill=1 peak_decode=5 minimum_link_headroom_mb_s=358.41104 peak_memory_gb=32.64508
  trial scenario=homogeneous_control partition_id=random_10 partition=14-10-5-10-7-14-10-10 lambda=0.007 safe=True first_violation=None event_count=204 peak_prefill=1 peak_decode=5 minimum_link_headroom_mb_s=358.516848 peak_memory_gb=32.63836
  trial scenario=homogeneous_control partition_id=random_10 partition=14-10-5-10-7-14-10-10 lambda=0.0075 safe=True first_violation=None event_count=204 peak_prefill=1 peak_decode=6 minimum_link_headroom_mb_s=119.685981 peak_memory_gb=33.53338
  trial scenario=homogeneous_control partition_id=random_10 partition=14-10-5-10-7-14-10-10 lambda=0.008 safe=True first_violation=None event_count=204 peak_prefill=1 peak_decode=6 minimum_link_headroom_mb_s=119.797075 peak_memory_gb=33.52666
  trial scenario=homogeneous_control partition_id=random_10 partition=14-10-5-10-7-14-10-10 lambda=0.0085 safe=True first_violation=None event_count=204 peak_prefill=1 peak_decode=6 minimum_link_headroom_mb_s=120.032956 peak_memory_gb=33.51322
  trial scenario=homogeneous_control partition_id=random_10 partition=14-10-5-10-7-14-10-10 lambda=0.009 safe=True first_violation=None event_count=204 peak_prefill=1 peak_decode=6 minimum_link_headroom_mb_s=119.830963 peak_memory_gb=33.52666
  trial scenario=homogeneous_control partition_id=random_10 partition=14-10-5-10-7-14-10-10 lambda=0.0095 safe=False first_violation=network event_count=166 peak_prefill=1 peak_decode=6 minimum_link_headroom_mb_s=-134.718641 peak_memory_gb=33.51994
  trial scenario=homogeneous_control partition_id=random_10 partition=14-10-5-10-7-14-10-10 lambda=0.01 safe=False first_violation=network event_count=116 peak_prefill=1 peak_decode=6 minimum_link_headroom_mb_s=-104.795979 peak_memory_gb=32.2339
  trial scenario=homogeneous_control partition_id=random_10 partition=14-10-5-10-7-14-10-10 lambda=0.0105 safe=False first_violation=network event_count=116 peak_prefill=1 peak_decode=6 minimum_link_headroom_mb_s=-104.795979 peak_memory_gb=32.22046
  trial scenario=homogeneous_control partition_id=random_10 partition=14-10-5-10-7-14-10-10 lambda=0.011 safe=False first_violation=network event_count=104 peak_prefill=1 peak_decode=6 minimum_link_headroom_mb_s=-112.032912 peak_memory_gb=32.34814
  trial scenario=homogeneous_control partition_id=random_10 partition=14-10-5-10-7-14-10-10 lambda=0.0115 safe=False first_violation=network event_count=102 peak_prefill=1 peak_decode=6 minimum_link_headroom_mb_s=-111.79799 peak_memory_gb=32.34814
  trial scenario=homogeneous_control partition_id=random_10 partition=14-10-5-10-7-14-10-10 lambda=0.012 safe=False first_violation=network event_count=101 peak_prefill=1 peak_decode=6 minimum_link_headroom_mb_s=-111.677362 peak_memory_gb=32.34814
  trial scenario=homogeneous_control partition_id=random_10 partition=14-10-5-10-7-14-10-10 lambda=0.0125 safe=False first_violation=network event_count=74 peak_prefill=1 peak_decode=6 minimum_link_headroom_mb_s=-107.115817 peak_memory_gb=32.34142
  trial scenario=homogeneous_control partition_id=random_10 partition=14-10-5-10-7-14-10-10 lambda=0.013 safe=False first_violation=network event_count=74 peak_prefill=1 peak_decode=6 minimum_link_headroom_mb_s=-107.115817 peak_memory_gb=32.34142
  trial scenario=homogeneous_control partition_id=random_10 partition=14-10-5-10-7-14-10-10 lambda=0.0135 safe=False first_violation=network event_count=73 peak_prefill=1 peak_decode=6 minimum_link_headroom_mb_s=-106.992345 peak_memory_gb=32.34142
  trial scenario=homogeneous_control partition_id=random_10 partition=14-10-5-10-7-14-10-10 lambda=0.014 safe=False first_violation=network event_count=73 peak_prefill=1 peak_decode=6 minimum_link_headroom_mb_s=-106.992345 peak_memory_gb=32.34142
  trial scenario=homogeneous_control partition_id=random_10 partition=14-10-5-10-7-14-10-10 lambda=0.0145 safe=False first_violation=network event_count=71 peak_prefill=1 peak_decode=6 minimum_link_headroom_mb_s=-106.760412 peak_memory_gb=32.46238
  trial scenario=homogeneous_control partition_id=random_10 partition=14-10-5-10-7-14-10-10 lambda=0.015 safe=False first_violation=network event_count=68 peak_prefill=1 peak_decode=6 minimum_link_headroom_mb_s=-106.429294 peak_memory_gb=32.45566
  trial scenario=homogeneous_control partition_id=random_10 partition=14-10-5-10-7-14-10-10 lambda=0.0155 safe=False first_violation=network event_count=68 peak_prefill=1 peak_decode=6 minimum_link_headroom_mb_s=-106.429294 peak_memory_gb=32.45566
  trial scenario=homogeneous_control partition_id=random_10 partition=14-10-5-10-7-14-10-10 lambda=0.016 safe=False first_violation=network event_count=68 peak_prefill=1 peak_decode=6 minimum_link_headroom_mb_s=-106.429294 peak_memory_gb=32.45566
  trial scenario=homogeneous_control partition_id=random_10 partition=14-10-5-10-7-14-10-10 lambda=0.0165 safe=False first_violation=network event_count=60 peak_prefill=1 peak_decode=6 minimum_link_headroom_mb_s=-107.014876 peak_memory_gb=32.45566
  trial scenario=homogeneous_control partition_id=random_10 partition=14-10-5-10-7-14-10-10 lambda=0.017 safe=False first_violation=network event_count=60 peak_prefill=1 peak_decode=6 minimum_link_headroom_mb_s=-107.014876 peak_memory_gb=32.45566
  trial scenario=homogeneous_control partition_id=random_10 partition=14-10-5-10-7-14-10-10 lambda=0.0175 safe=False first_violation=network event_count=59 peak_prefill=1 peak_decode=6 minimum_link_headroom_mb_s=-106.895125 peak_memory_gb=32.45566
  trial scenario=homogeneous_control partition_id=random_10 partition=14-10-5-10-7-14-10-10 lambda=0.018 safe=False first_violation=network event_count=26 peak_prefill=1 peak_decode=6 minimum_link_headroom_mb_s=-115.647505 peak_memory_gb=32.44894
  trial scenario=homogeneous_control partition_id=random_10 partition=14-10-5-10-7-14-10-10 lambda=0.0185 safe=False first_violation=network event_count=26 peak_prefill=1 peak_decode=6 minimum_link_headroom_mb_s=-115.647505 peak_memory_gb=32.44894
  trial scenario=homogeneous_control partition_id=random_10 partition=14-10-5-10-7-14-10-10 lambda=0.019 safe=False first_violation=network event_count=26 peak_prefill=1 peak_decode=6 minimum_link_headroom_mb_s=-115.647505 peak_memory_gb=32.44222
  trial scenario=homogeneous_control partition_id=random_10 partition=14-10-5-10-7-14-10-10 lambda=0.0195 safe=False first_violation=network event_count=26 peak_prefill=1 peak_decode=6 minimum_link_headroom_mb_s=-115.647505 peak_memory_gb=32.4355
  trial scenario=homogeneous_control partition_id=random_10 partition=14-10-5-10-7-14-10-10 lambda=0.02 safe=False first_violation=network event_count=25 peak_prefill=1 peak_decode=6 minimum_link_headroom_mb_s=-115.537242 peak_memory_gb=32.4355
  trial scenario=homogeneous_control partition_id=random_10 partition=14-10-5-10-7-14-10-10 lambda=0.0205 safe=False first_violation=network event_count=25 peak_prefill=1 peak_decode=6 minimum_link_headroom_mb_s=-115.537242 peak_memory_gb=32.4355
  trial scenario=homogeneous_control partition_id=random_10 partition=14-10-5-10-7-14-10-10 lambda=0.021 safe=False first_violation=network event_count=25 peak_prefill=1 peak_decode=6 minimum_link_headroom_mb_s=-115.537242 peak_memory_gb=32.4355
  trial scenario=homogeneous_control partition_id=random_10 partition=14-10-5-10-7-14-10-10 lambda=0.0215 safe=False first_violation=network event_count=24 peak_prefill=1 peak_decode=6 minimum_link_headroom_mb_s=-115.421618 peak_memory_gb=32.4355
  trial scenario=homogeneous_control partition_id=random_10 partition=14-10-5-10-7-14-10-10 lambda=0.022 safe=False first_violation=network event_count=24 peak_prefill=1 peak_decode=6 minimum_link_headroom_mb_s=-115.421618 peak_memory_gb=32.4355
  random_10          partition=[14, 10, 5, 10, 7, 14, 10, 10] safe=0.009 unsafe=0.0095 violation=network monotonic=True
  trial scenario=homogeneous_control partition_id=random_11 partition=10-8-11-11-9-14-8-9 lambda=0.006 safe=True first_violation=None event_count=204 peak_prefill=1 peak_decode=4 minimum_link_headroom_mb_s=584.631518 peak_memory_gb=32.2822
  trial scenario=homogeneous_control partition_id=random_11 partition=10-8-11-11-9-14-8-9 lambda=0.0065 safe=True first_violation=None event_count=204 peak_prefill=1 peak_decode=5 minimum_link_headroom_mb_s=358.41104 peak_memory_gb=32.64508
  trial scenario=homogeneous_control partition_id=random_11 partition=10-8-11-11-9-14-8-9 lambda=0.007 safe=True first_violation=None event_count=204 peak_prefill=1 peak_decode=5 minimum_link_headroom_mb_s=358.516848 peak_memory_gb=32.63836
  trial scenario=homogeneous_control partition_id=random_11 partition=10-8-11-11-9-14-8-9 lambda=0.0075 safe=True first_violation=None event_count=204 peak_prefill=1 peak_decode=6 minimum_link_headroom_mb_s=119.685981 peak_memory_gb=33.53338
  trial scenario=homogeneous_control partition_id=random_11 partition=10-8-11-11-9-14-8-9 lambda=0.008 safe=True first_violation=None event_count=204 peak_prefill=1 peak_decode=6 minimum_link_headroom_mb_s=119.797075 peak_memory_gb=33.52666
  trial scenario=homogeneous_control partition_id=random_11 partition=10-8-11-11-9-14-8-9 lambda=0.0085 safe=True first_violation=None event_count=204 peak_prefill=1 peak_decode=6 minimum_link_headroom_mb_s=120.032956 peak_memory_gb=33.51322
  trial scenario=homogeneous_control partition_id=random_11 partition=10-8-11-11-9-14-8-9 lambda=0.009 safe=True first_violation=None event_count=204 peak_prefill=1 peak_decode=6 minimum_link_headroom_mb_s=119.830963 peak_memory_gb=33.52666
  trial scenario=homogeneous_control partition_id=random_11 partition=10-8-11-11-9-14-8-9 lambda=0.0095 safe=False first_violation=network event_count=166 peak_prefill=1 peak_decode=6 minimum_link_headroom_mb_s=-134.718641 peak_memory_gb=33.51994
  trial scenario=homogeneous_control partition_id=random_11 partition=10-8-11-11-9-14-8-9 lambda=0.01 safe=False first_violation=network event_count=116 peak_prefill=1 peak_decode=6 minimum_link_headroom_mb_s=-104.795979 peak_memory_gb=32.2339
  trial scenario=homogeneous_control partition_id=random_11 partition=10-8-11-11-9-14-8-9 lambda=0.0105 safe=False first_violation=network event_count=116 peak_prefill=1 peak_decode=6 minimum_link_headroom_mb_s=-104.795979 peak_memory_gb=32.22046
  trial scenario=homogeneous_control partition_id=random_11 partition=10-8-11-11-9-14-8-9 lambda=0.011 safe=False first_violation=network event_count=104 peak_prefill=1 peak_decode=6 minimum_link_headroom_mb_s=-112.032912 peak_memory_gb=32.34814
  trial scenario=homogeneous_control partition_id=random_11 partition=10-8-11-11-9-14-8-9 lambda=0.0115 safe=False first_violation=network event_count=102 peak_prefill=1 peak_decode=6 minimum_link_headroom_mb_s=-111.79799 peak_memory_gb=32.34814
  trial scenario=homogeneous_control partition_id=random_11 partition=10-8-11-11-9-14-8-9 lambda=0.012 safe=False first_violation=network event_count=101 peak_prefill=1 peak_decode=6 minimum_link_headroom_mb_s=-111.677362 peak_memory_gb=32.34814
  trial scenario=homogeneous_control partition_id=random_11 partition=10-8-11-11-9-14-8-9 lambda=0.0125 safe=False first_violation=network event_count=74 peak_prefill=1 peak_decode=6 minimum_link_headroom_mb_s=-107.115817 peak_memory_gb=32.34142
  trial scenario=homogeneous_control partition_id=random_11 partition=10-8-11-11-9-14-8-9 lambda=0.013 safe=False first_violation=network event_count=74 peak_prefill=1 peak_decode=6 minimum_link_headroom_mb_s=-107.115817 peak_memory_gb=32.34142
  trial scenario=homogeneous_control partition_id=random_11 partition=10-8-11-11-9-14-8-9 lambda=0.0135 safe=False first_violation=network event_count=73 peak_prefill=1 peak_decode=6 minimum_link_headroom_mb_s=-106.992345 peak_memory_gb=32.34142
  trial scenario=homogeneous_control partition_id=random_11 partition=10-8-11-11-9-14-8-9 lambda=0.014 safe=False first_violation=network event_count=73 peak_prefill=1 peak_decode=6 minimum_link_headroom_mb_s=-106.992345 peak_memory_gb=32.34142
  trial scenario=homogeneous_control partition_id=random_11 partition=10-8-11-11-9-14-8-9 lambda=0.0145 safe=False first_violation=network event_count=71 peak_prefill=1 peak_decode=6 minimum_link_headroom_mb_s=-106.760412 peak_memory_gb=32.46238
  trial scenario=homogeneous_control partition_id=random_11 partition=10-8-11-11-9-14-8-9 lambda=0.015 safe=False first_violation=network event_count=68 peak_prefill=1 peak_decode=6 minimum_link_headroom_mb_s=-106.429294 peak_memory_gb=32.45566
  trial scenario=homogeneous_control partition_id=random_11 partition=10-8-11-11-9-14-8-9 lambda=0.0155 safe=False first_violation=network event_count=68 peak_prefill=1 peak_decode=6 minimum_link_headroom_mb_s=-106.429294 peak_memory_gb=32.45566
  trial scenario=homogeneous_control partition_id=random_11 partition=10-8-11-11-9-14-8-9 lambda=0.016 safe=False first_violation=network event_count=68 peak_prefill=1 peak_decode=6 minimum_link_headroom_mb_s=-106.429294 peak_memory_gb=32.45566
  trial scenario=homogeneous_control partition_id=random_11 partition=10-8-11-11-9-14-8-9 lambda=0.0165 safe=False first_violation=network event_count=60 peak_prefill=1 peak_decode=6 minimum_link_headroom_mb_s=-107.014876 peak_memory_gb=32.45566
  trial scenario=homogeneous_control partition_id=random_11 partition=10-8-11-11-9-14-8-9 lambda=0.017 safe=False first_violation=network event_count=60 peak_prefill=1 peak_decode=6 minimum_link_headroom_mb_s=-107.014876 peak_memory_gb=32.45566
  trial scenario=homogeneous_control partition_id=random_11 partition=10-8-11-11-9-14-8-9 lambda=0.0175 safe=False first_violation=network event_count=59 peak_prefill=1 peak_decode=6 minimum_link_headroom_mb_s=-106.895125 peak_memory_gb=32.45566
  trial scenario=homogeneous_control partition_id=random_11 partition=10-8-11-11-9-14-8-9 lambda=0.018 safe=False first_violation=network event_count=26 peak_prefill=1 peak_decode=6 minimum_link_headroom_mb_s=-115.647505 peak_memory_gb=32.44894
  trial scenario=homogeneous_control partition_id=random_11 partition=10-8-11-11-9-14-8-9 lambda=0.0185 safe=False first_violation=network event_count=26 peak_prefill=1 peak_decode=6 minimum_link_headroom_mb_s=-115.647505 peak_memory_gb=32.44894
  trial scenario=homogeneous_control partition_id=random_11 partition=10-8-11-11-9-14-8-9 lambda=0.019 safe=False first_violation=network event_count=26 peak_prefill=1 peak_decode=6 minimum_link_headroom_mb_s=-115.647505 peak_memory_gb=32.44222
  trial scenario=homogeneous_control partition_id=random_11 partition=10-8-11-11-9-14-8-9 lambda=0.0195 safe=False first_violation=network event_count=26 peak_prefill=1 peak_decode=6 minimum_link_headroom_mb_s=-115.647505 peak_memory_gb=32.4355
  trial scenario=homogeneous_control partition_id=random_11 partition=10-8-11-11-9-14-8-9 lambda=0.02 safe=False first_violation=network event_count=25 peak_prefill=1 peak_decode=6 minimum_link_headroom_mb_s=-115.537242 peak_memory_gb=32.4355
  trial scenario=homogeneous_control partition_id=random_11 partition=10-8-11-11-9-14-8-9 lambda=0.0205 safe=False first_violation=network event_count=25 peak_prefill=1 peak_decode=6 minimum_link_headroom_mb_s=-115.537242 peak_memory_gb=32.4355
  trial scenario=homogeneous_control partition_id=random_11 partition=10-8-11-11-9-14-8-9 lambda=0.021 safe=False first_violation=network event_count=25 peak_prefill=1 peak_decode=6 minimum_link_headroom_mb_s=-115.537242 peak_memory_gb=32.4355
  trial scenario=homogeneous_control partition_id=random_11 partition=10-8-11-11-9-14-8-9 lambda=0.0215 safe=False first_violation=network event_count=24 peak_prefill=1 peak_decode=6 minimum_link_headroom_mb_s=-115.421618 peak_memory_gb=32.4355
  trial scenario=homogeneous_control partition_id=random_11 partition=10-8-11-11-9-14-8-9 lambda=0.022 safe=False first_violation=network event_count=24 peak_prefill=1 peak_decode=6 minimum_link_headroom_mb_s=-115.421618 peak_memory_gb=32.4355
  random_11          partition=[10, 8, 11, 11, 9, 14, 8, 9] safe=0.009 unsafe=0.0095 violation=network monotonic=True
  trial scenario=homogeneous_control partition_id=random_12 partition=13-11-9-12-8-10-8-9 lambda=0.006 safe=True first_violation=None event_count=204 peak_prefill=1 peak_decode=4 minimum_link_headroom_mb_s=584.631518 peak_memory_gb=30.4049
  trial scenario=homogeneous_control partition_id=random_12 partition=13-11-9-12-8-10-8-9 lambda=0.0065 safe=True first_violation=None event_count=204 peak_prefill=1 peak_decode=5 minimum_link_headroom_mb_s=358.41104 peak_memory_gb=30.74186
  trial scenario=homogeneous_control partition_id=random_12 partition=13-11-9-12-8-10-8-9 lambda=0.007 safe=True first_violation=None event_count=204 peak_prefill=1 peak_decode=5 minimum_link_headroom_mb_s=358.516848 peak_memory_gb=30.73562
  trial scenario=homogeneous_control partition_id=random_12 partition=13-11-9-12-8-10-8-9 lambda=0.0075 safe=True first_violation=None event_count=204 peak_prefill=1 peak_decode=6 minimum_link_headroom_mb_s=119.685981 peak_memory_gb=31.56671
  trial scenario=homogeneous_control partition_id=random_12 partition=13-11-9-12-8-10-8-9 lambda=0.008 safe=True first_violation=None event_count=204 peak_prefill=1 peak_decode=6 minimum_link_headroom_mb_s=119.797075 peak_memory_gb=31.56047
  trial scenario=homogeneous_control partition_id=random_12 partition=13-11-9-12-8-10-8-9 lambda=0.0085 safe=True first_violation=None event_count=204 peak_prefill=1 peak_decode=6 minimum_link_headroom_mb_s=120.032956 peak_memory_gb=31.54799
  trial scenario=homogeneous_control partition_id=random_12 partition=13-11-9-12-8-10-8-9 lambda=0.009 safe=True first_violation=None event_count=204 peak_prefill=1 peak_decode=6 minimum_link_headroom_mb_s=119.830963 peak_memory_gb=31.56047
  trial scenario=homogeneous_control partition_id=random_12 partition=13-11-9-12-8-10-8-9 lambda=0.0095 safe=False first_violation=network event_count=166 peak_prefill=1 peak_decode=6 minimum_link_headroom_mb_s=-134.718641 peak_memory_gb=31.55423
  trial scenario=homogeneous_control partition_id=random_12 partition=13-11-9-12-8-10-8-9 lambda=0.01 safe=False first_violation=network event_count=116 peak_prefill=1 peak_decode=6 minimum_link_headroom_mb_s=-104.795979 peak_memory_gb=30.36005
  trial scenario=homogeneous_control partition_id=random_12 partition=13-11-9-12-8-10-8-9 lambda=0.0105 safe=False first_violation=network event_count=116 peak_prefill=1 peak_decode=6 minimum_link_headroom_mb_s=-104.795979 peak_memory_gb=30.34757
  trial scenario=homogeneous_control partition_id=random_12 partition=13-11-9-12-8-10-8-9 lambda=0.011 safe=False first_violation=network event_count=104 peak_prefill=1 peak_decode=6 minimum_link_headroom_mb_s=-112.032912 peak_memory_gb=30.46613
  trial scenario=homogeneous_control partition_id=random_12 partition=13-11-9-12-8-10-8-9 lambda=0.0115 safe=False first_violation=network event_count=102 peak_prefill=1 peak_decode=6 minimum_link_headroom_mb_s=-111.79799 peak_memory_gb=30.46613
  trial scenario=homogeneous_control partition_id=random_12 partition=13-11-9-12-8-10-8-9 lambda=0.012 safe=False first_violation=network event_count=101 peak_prefill=1 peak_decode=6 minimum_link_headroom_mb_s=-111.677362 peak_memory_gb=30.46613
  trial scenario=homogeneous_control partition_id=random_12 partition=13-11-9-12-8-10-8-9 lambda=0.0125 safe=False first_violation=network event_count=74 peak_prefill=1 peak_decode=6 minimum_link_headroom_mb_s=-107.115817 peak_memory_gb=30.45989
  trial scenario=homogeneous_control partition_id=random_12 partition=13-11-9-12-8-10-8-9 lambda=0.013 safe=False first_violation=network event_count=74 peak_prefill=1 peak_decode=6 minimum_link_headroom_mb_s=-107.115817 peak_memory_gb=30.45989
  trial scenario=homogeneous_control partition_id=random_12 partition=13-11-9-12-8-10-8-9 lambda=0.0135 safe=False first_violation=network event_count=73 peak_prefill=1 peak_decode=6 minimum_link_headroom_mb_s=-106.992345 peak_memory_gb=30.45989
  trial scenario=homogeneous_control partition_id=random_12 partition=13-11-9-12-8-10-8-9 lambda=0.014 safe=False first_violation=network event_count=73 peak_prefill=1 peak_decode=6 minimum_link_headroom_mb_s=-106.992345 peak_memory_gb=30.45989
  trial scenario=homogeneous_control partition_id=random_12 partition=13-11-9-12-8-10-8-9 lambda=0.0145 safe=False first_violation=network event_count=71 peak_prefill=1 peak_decode=6 minimum_link_headroom_mb_s=-106.760412 peak_memory_gb=30.57221
  trial scenario=homogeneous_control partition_id=random_12 partition=13-11-9-12-8-10-8-9 lambda=0.015 safe=False first_violation=network event_count=68 peak_prefill=1 peak_decode=6 minimum_link_headroom_mb_s=-106.429294 peak_memory_gb=30.56597
  trial scenario=homogeneous_control partition_id=random_12 partition=13-11-9-12-8-10-8-9 lambda=0.0155 safe=False first_violation=network event_count=68 peak_prefill=1 peak_decode=6 minimum_link_headroom_mb_s=-106.429294 peak_memory_gb=30.56597
  trial scenario=homogeneous_control partition_id=random_12 partition=13-11-9-12-8-10-8-9 lambda=0.016 safe=False first_violation=network event_count=68 peak_prefill=1 peak_decode=6 minimum_link_headroom_mb_s=-106.429294 peak_memory_gb=30.56597
  trial scenario=homogeneous_control partition_id=random_12 partition=13-11-9-12-8-10-8-9 lambda=0.0165 safe=False first_violation=network event_count=60 peak_prefill=1 peak_decode=6 minimum_link_headroom_mb_s=-107.014876 peak_memory_gb=30.56597
  trial scenario=homogeneous_control partition_id=random_12 partition=13-11-9-12-8-10-8-9 lambda=0.017 safe=False first_violation=network event_count=60 peak_prefill=1 peak_decode=6 minimum_link_headroom_mb_s=-107.014876 peak_memory_gb=30.56597
  trial scenario=homogeneous_control partition_id=random_12 partition=13-11-9-12-8-10-8-9 lambda=0.0175 safe=False first_violation=network event_count=59 peak_prefill=1 peak_decode=6 minimum_link_headroom_mb_s=-106.895125 peak_memory_gb=30.56597
  trial scenario=homogeneous_control partition_id=random_12 partition=13-11-9-12-8-10-8-9 lambda=0.018 safe=False first_violation=network event_count=26 peak_prefill=1 peak_decode=6 minimum_link_headroom_mb_s=-115.647505 peak_memory_gb=30.55973
  trial scenario=homogeneous_control partition_id=random_12 partition=13-11-9-12-8-10-8-9 lambda=0.0185 safe=False first_violation=network event_count=26 peak_prefill=1 peak_decode=6 minimum_link_headroom_mb_s=-115.647505 peak_memory_gb=30.55973
  trial scenario=homogeneous_control partition_id=random_12 partition=13-11-9-12-8-10-8-9 lambda=0.019 safe=False first_violation=network event_count=26 peak_prefill=1 peak_decode=6 minimum_link_headroom_mb_s=-115.647505 peak_memory_gb=30.55349
  trial scenario=homogeneous_control partition_id=random_12 partition=13-11-9-12-8-10-8-9 lambda=0.0195 safe=False first_violation=network event_count=26 peak_prefill=1 peak_decode=6 minimum_link_headroom_mb_s=-115.647505 peak_memory_gb=30.54725
  trial scenario=homogeneous_control partition_id=random_12 partition=13-11-9-12-8-10-8-9 lambda=0.02 safe=False first_violation=network event_count=25 peak_prefill=1 peak_decode=6 minimum_link_headroom_mb_s=-115.537242 peak_memory_gb=30.54725
  trial scenario=homogeneous_control partition_id=random_12 partition=13-11-9-12-8-10-8-9 lambda=0.0205 safe=False first_violation=network event_count=25 peak_prefill=1 peak_decode=6 minimum_link_headroom_mb_s=-115.537242 peak_memory_gb=30.54725
  trial scenario=homogeneous_control partition_id=random_12 partition=13-11-9-12-8-10-8-9 lambda=0.021 safe=False first_violation=network event_count=25 peak_prefill=1 peak_decode=6 minimum_link_headroom_mb_s=-115.537242 peak_memory_gb=30.54725
  trial scenario=homogeneous_control partition_id=random_12 partition=13-11-9-12-8-10-8-9 lambda=0.0215 safe=False first_violation=network event_count=24 peak_prefill=1 peak_decode=6 minimum_link_headroom_mb_s=-115.421618 peak_memory_gb=30.54725
  trial scenario=homogeneous_control partition_id=random_12 partition=13-11-9-12-8-10-8-9 lambda=0.022 safe=False first_violation=network event_count=24 peak_prefill=1 peak_decode=6 minimum_link_headroom_mb_s=-115.421618 peak_memory_gb=30.54725
  random_12          partition=[13, 11, 9, 12, 8, 10, 8, 9] safe=0.009 unsafe=0.0095 violation=network monotonic=True
  trial scenario=homogeneous_control partition_id=random_13 partition=14-11-13-11-8-8-6-9 lambda=0.006 safe=True first_violation=None event_count=204 peak_prefill=1 peak_decode=4 minimum_link_headroom_mb_s=584.631518 peak_memory_gb=32.2822
  trial scenario=homogeneous_control partition_id=random_13 partition=14-11-13-11-8-8-6-9 lambda=0.0065 safe=True first_violation=None event_count=204 peak_prefill=1 peak_decode=5 minimum_link_headroom_mb_s=358.41104 peak_memory_gb=32.64508
  trial scenario=homogeneous_control partition_id=random_13 partition=14-11-13-11-8-8-6-9 lambda=0.007 safe=True first_violation=None event_count=204 peak_prefill=1 peak_decode=5 minimum_link_headroom_mb_s=358.516848 peak_memory_gb=32.63836
  trial scenario=homogeneous_control partition_id=random_13 partition=14-11-13-11-8-8-6-9 lambda=0.0075 safe=True first_violation=None event_count=204 peak_prefill=1 peak_decode=6 minimum_link_headroom_mb_s=119.685981 peak_memory_gb=33.53338
  trial scenario=homogeneous_control partition_id=random_13 partition=14-11-13-11-8-8-6-9 lambda=0.008 safe=True first_violation=None event_count=204 peak_prefill=1 peak_decode=6 minimum_link_headroom_mb_s=119.797075 peak_memory_gb=33.52666
  trial scenario=homogeneous_control partition_id=random_13 partition=14-11-13-11-8-8-6-9 lambda=0.0085 safe=True first_violation=None event_count=204 peak_prefill=1 peak_decode=6 minimum_link_headroom_mb_s=120.032956 peak_memory_gb=33.51322
  trial scenario=homogeneous_control partition_id=random_13 partition=14-11-13-11-8-8-6-9 lambda=0.009 safe=True first_violation=None event_count=204 peak_prefill=1 peak_decode=6 minimum_link_headroom_mb_s=119.830963 peak_memory_gb=33.52666
  trial scenario=homogeneous_control partition_id=random_13 partition=14-11-13-11-8-8-6-9 lambda=0.0095 safe=False first_violation=network event_count=166 peak_prefill=1 peak_decode=6 minimum_link_headroom_mb_s=-134.718641 peak_memory_gb=33.51994
  trial scenario=homogeneous_control partition_id=random_13 partition=14-11-13-11-8-8-6-9 lambda=0.01 safe=False first_violation=network event_count=116 peak_prefill=1 peak_decode=6 minimum_link_headroom_mb_s=-104.795979 peak_memory_gb=32.2339
  trial scenario=homogeneous_control partition_id=random_13 partition=14-11-13-11-8-8-6-9 lambda=0.0105 safe=False first_violation=network event_count=116 peak_prefill=1 peak_decode=6 minimum_link_headroom_mb_s=-104.795979 peak_memory_gb=32.22046
  trial scenario=homogeneous_control partition_id=random_13 partition=14-11-13-11-8-8-6-9 lambda=0.011 safe=False first_violation=network event_count=104 peak_prefill=1 peak_decode=6 minimum_link_headroom_mb_s=-112.032912 peak_memory_gb=32.34814
  trial scenario=homogeneous_control partition_id=random_13 partition=14-11-13-11-8-8-6-9 lambda=0.0115 safe=False first_violation=network event_count=102 peak_prefill=1 peak_decode=6 minimum_link_headroom_mb_s=-111.79799 peak_memory_gb=32.34814
  trial scenario=homogeneous_control partition_id=random_13 partition=14-11-13-11-8-8-6-9 lambda=0.012 safe=False first_violation=network event_count=101 peak_prefill=1 peak_decode=6 minimum_link_headroom_mb_s=-111.677362 peak_memory_gb=32.34814
  trial scenario=homogeneous_control partition_id=random_13 partition=14-11-13-11-8-8-6-9 lambda=0.0125 safe=False first_violation=network event_count=74 peak_prefill=1 peak_decode=6 minimum_link_headroom_mb_s=-107.115817 peak_memory_gb=32.34142
  trial scenario=homogeneous_control partition_id=random_13 partition=14-11-13-11-8-8-6-9 lambda=0.013 safe=False first_violation=network event_count=74 peak_prefill=1 peak_decode=6 minimum_link_headroom_mb_s=-107.115817 peak_memory_gb=32.34142
  trial scenario=homogeneous_control partition_id=random_13 partition=14-11-13-11-8-8-6-9 lambda=0.0135 safe=False first_violation=network event_count=73 peak_prefill=1 peak_decode=6 minimum_link_headroom_mb_s=-106.992345 peak_memory_gb=32.34142
  trial scenario=homogeneous_control partition_id=random_13 partition=14-11-13-11-8-8-6-9 lambda=0.014 safe=False first_violation=network event_count=73 peak_prefill=1 peak_decode=6 minimum_link_headroom_mb_s=-106.992345 peak_memory_gb=32.34142
  trial scenario=homogeneous_control partition_id=random_13 partition=14-11-13-11-8-8-6-9 lambda=0.0145 safe=False first_violation=network event_count=71 peak_prefill=1 peak_decode=6 minimum_link_headroom_mb_s=-106.760412 peak_memory_gb=32.46238
  trial scenario=homogeneous_control partition_id=random_13 partition=14-11-13-11-8-8-6-9 lambda=0.015 safe=False first_violation=network event_count=68 peak_prefill=1 peak_decode=6 minimum_link_headroom_mb_s=-106.429294 peak_memory_gb=32.45566
  trial scenario=homogeneous_control partition_id=random_13 partition=14-11-13-11-8-8-6-9 lambda=0.0155 safe=False first_violation=network event_count=68 peak_prefill=1 peak_decode=6 minimum_link_headroom_mb_s=-106.429294 peak_memory_gb=32.45566
  trial scenario=homogeneous_control partition_id=random_13 partition=14-11-13-11-8-8-6-9 lambda=0.016 safe=False first_violation=network event_count=68 peak_prefill=1 peak_decode=6 minimum_link_headroom_mb_s=-106.429294 peak_memory_gb=32.45566
  trial scenario=homogeneous_control partition_id=random_13 partition=14-11-13-11-8-8-6-9 lambda=0.0165 safe=False first_violation=network event_count=60 peak_prefill=1 peak_decode=6 minimum_link_headroom_mb_s=-107.014876 peak_memory_gb=32.45566
  trial scenario=homogeneous_control partition_id=random_13 partition=14-11-13-11-8-8-6-9 lambda=0.017 safe=False first_violation=network event_count=60 peak_prefill=1 peak_decode=6 minimum_link_headroom_mb_s=-107.014876 peak_memory_gb=32.45566
  trial scenario=homogeneous_control partition_id=random_13 partition=14-11-13-11-8-8-6-9 lambda=0.0175 safe=False first_violation=network event_count=59 peak_prefill=1 peak_decode=6 minimum_link_headroom_mb_s=-106.895125 peak_memory_gb=32.45566
  trial scenario=homogeneous_control partition_id=random_13 partition=14-11-13-11-8-8-6-9 lambda=0.018 safe=False first_violation=network event_count=26 peak_prefill=1 peak_decode=6 minimum_link_headroom_mb_s=-115.647505 peak_memory_gb=32.44894
  trial scenario=homogeneous_control partition_id=random_13 partition=14-11-13-11-8-8-6-9 lambda=0.0185 safe=False first_violation=network event_count=26 peak_prefill=1 peak_decode=6 minimum_link_headroom_mb_s=-115.647505 peak_memory_gb=32.44894
  trial scenario=homogeneous_control partition_id=random_13 partition=14-11-13-11-8-8-6-9 lambda=0.019 safe=False first_violation=network event_count=26 peak_prefill=1 peak_decode=6 minimum_link_headroom_mb_s=-115.647505 peak_memory_gb=32.44222
  trial scenario=homogeneous_control partition_id=random_13 partition=14-11-13-11-8-8-6-9 lambda=0.0195 safe=False first_violation=network event_count=26 peak_prefill=1 peak_decode=6 minimum_link_headroom_mb_s=-115.647505 peak_memory_gb=32.4355
  trial scenario=homogeneous_control partition_id=random_13 partition=14-11-13-11-8-8-6-9 lambda=0.02 safe=False first_violation=network event_count=25 peak_prefill=1 peak_decode=6 minimum_link_headroom_mb_s=-115.537242 peak_memory_gb=32.4355
  trial scenario=homogeneous_control partition_id=random_13 partition=14-11-13-11-8-8-6-9 lambda=0.0205 safe=False first_violation=network event_count=25 peak_prefill=1 peak_decode=6 minimum_link_headroom_mb_s=-115.537242 peak_memory_gb=32.4355
  trial scenario=homogeneous_control partition_id=random_13 partition=14-11-13-11-8-8-6-9 lambda=0.021 safe=False first_violation=network event_count=25 peak_prefill=1 peak_decode=6 minimum_link_headroom_mb_s=-115.537242 peak_memory_gb=32.4355
  trial scenario=homogeneous_control partition_id=random_13 partition=14-11-13-11-8-8-6-9 lambda=0.0215 safe=False first_violation=network event_count=24 peak_prefill=1 peak_decode=6 minimum_link_headroom_mb_s=-115.421618 peak_memory_gb=32.4355
  trial scenario=homogeneous_control partition_id=random_13 partition=14-11-13-11-8-8-6-9 lambda=0.022 safe=False first_violation=network event_count=24 peak_prefill=1 peak_decode=6 minimum_link_headroom_mb_s=-115.421618 peak_memory_gb=32.4355
  random_13          partition=[14, 11, 13, 11, 8, 8, 6, 9] safe=0.009 unsafe=0.0095 violation=network monotonic=True
  trial scenario=homogeneous_control partition_id=random_14 partition=12-10-11-9-10-11-10-7 lambda=0.006 safe=True first_violation=None event_count=204 peak_prefill=1 peak_decode=4 minimum_link_headroom_mb_s=584.631518 peak_memory_gb=28.5276
  trial scenario=homogeneous_control partition_id=random_14 partition=12-10-11-9-10-11-10-7 lambda=0.0065 safe=True first_violation=None event_count=204 peak_prefill=1 peak_decode=5 minimum_link_headroom_mb_s=358.41104 peak_memory_gb=28.83864
  trial scenario=homogeneous_control partition_id=random_14 partition=12-10-11-9-10-11-10-7 lambda=0.007 safe=True first_violation=None event_count=204 peak_prefill=1 peak_decode=5 minimum_link_headroom_mb_s=358.516848 peak_memory_gb=28.83288
  trial scenario=homogeneous_control partition_id=random_14 partition=12-10-11-9-10-11-10-7 lambda=0.0075 safe=True first_violation=None event_count=204 peak_prefill=1 peak_decode=6 minimum_link_headroom_mb_s=119.685981 peak_memory_gb=29.60004
  trial scenario=homogeneous_control partition_id=random_14 partition=12-10-11-9-10-11-10-7 lambda=0.008 safe=True first_violation=None event_count=204 peak_prefill=1 peak_decode=6 minimum_link_headroom_mb_s=119.797075 peak_memory_gb=29.59428
  trial scenario=homogeneous_control partition_id=random_14 partition=12-10-11-9-10-11-10-7 lambda=0.0085 safe=True first_violation=None event_count=204 peak_prefill=1 peak_decode=6 minimum_link_headroom_mb_s=120.032956 peak_memory_gb=29.58276
  trial scenario=homogeneous_control partition_id=random_14 partition=12-10-11-9-10-11-10-7 lambda=0.009 safe=True first_violation=None event_count=204 peak_prefill=1 peak_decode=6 minimum_link_headroom_mb_s=119.830963 peak_memory_gb=29.59428
  trial scenario=homogeneous_control partition_id=random_14 partition=12-10-11-9-10-11-10-7 lambda=0.0095 safe=False first_violation=network event_count=166 peak_prefill=1 peak_decode=6 minimum_link_headroom_mb_s=-134.718641 peak_memory_gb=29.58852
  trial scenario=homogeneous_control partition_id=random_14 partition=12-10-11-9-10-11-10-7 lambda=0.01 safe=False first_violation=network event_count=116 peak_prefill=1 peak_decode=6 minimum_link_headroom_mb_s=-104.795979 peak_memory_gb=28.4862
  trial scenario=homogeneous_control partition_id=random_14 partition=12-10-11-9-10-11-10-7 lambda=0.0105 safe=False first_violation=network event_count=116 peak_prefill=1 peak_decode=6 minimum_link_headroom_mb_s=-104.795979 peak_memory_gb=28.47468
  trial scenario=homogeneous_control partition_id=random_14 partition=12-10-11-9-10-11-10-7 lambda=0.011 safe=False first_violation=network event_count=104 peak_prefill=1 peak_decode=6 minimum_link_headroom_mb_s=-112.032912 peak_memory_gb=28.58412
  trial scenario=homogeneous_control partition_id=random_14 partition=12-10-11-9-10-11-10-7 lambda=0.0115 safe=False first_violation=network event_count=102 peak_prefill=1 peak_decode=6 minimum_link_headroom_mb_s=-111.79799 peak_memory_gb=28.58412
  trial scenario=homogeneous_control partition_id=random_14 partition=12-10-11-9-10-11-10-7 lambda=0.012 safe=False first_violation=network event_count=101 peak_prefill=1 peak_decode=6 minimum_link_headroom_mb_s=-111.677362 peak_memory_gb=28.58412
  trial scenario=homogeneous_control partition_id=random_14 partition=12-10-11-9-10-11-10-7 lambda=0.0125 safe=False first_violation=network event_count=74 peak_prefill=1 peak_decode=6 minimum_link_headroom_mb_s=-107.115817 peak_memory_gb=28.57836
  trial scenario=homogeneous_control partition_id=random_14 partition=12-10-11-9-10-11-10-7 lambda=0.013 safe=False first_violation=network event_count=74 peak_prefill=1 peak_decode=6 minimum_link_headroom_mb_s=-107.115817 peak_memory_gb=28.57836
  trial scenario=homogeneous_control partition_id=random_14 partition=12-10-11-9-10-11-10-7 lambda=0.0135 safe=False first_violation=network event_count=73 peak_prefill=1 peak_decode=6 minimum_link_headroom_mb_s=-106.992345 peak_memory_gb=28.57836
  trial scenario=homogeneous_control partition_id=random_14 partition=12-10-11-9-10-11-10-7 lambda=0.014 safe=False first_violation=network event_count=73 peak_prefill=1 peak_decode=6 minimum_link_headroom_mb_s=-106.992345 peak_memory_gb=28.57836
  trial scenario=homogeneous_control partition_id=random_14 partition=12-10-11-9-10-11-10-7 lambda=0.0145 safe=False first_violation=network event_count=71 peak_prefill=1 peak_decode=6 minimum_link_headroom_mb_s=-106.760412 peak_memory_gb=28.68204
  trial scenario=homogeneous_control partition_id=random_14 partition=12-10-11-9-10-11-10-7 lambda=0.015 safe=False first_violation=network event_count=68 peak_prefill=1 peak_decode=6 minimum_link_headroom_mb_s=-106.429294 peak_memory_gb=28.67628
  trial scenario=homogeneous_control partition_id=random_14 partition=12-10-11-9-10-11-10-7 lambda=0.0155 safe=False first_violation=network event_count=68 peak_prefill=1 peak_decode=6 minimum_link_headroom_mb_s=-106.429294 peak_memory_gb=28.67628
  trial scenario=homogeneous_control partition_id=random_14 partition=12-10-11-9-10-11-10-7 lambda=0.016 safe=False first_violation=network event_count=68 peak_prefill=1 peak_decode=6 minimum_link_headroom_mb_s=-106.429294 peak_memory_gb=28.67628
  trial scenario=homogeneous_control partition_id=random_14 partition=12-10-11-9-10-11-10-7 lambda=0.0165 safe=False first_violation=network event_count=60 peak_prefill=1 peak_decode=6 minimum_link_headroom_mb_s=-107.014876 peak_memory_gb=28.67628
  trial scenario=homogeneous_control partition_id=random_14 partition=12-10-11-9-10-11-10-7 lambda=0.017 safe=False first_violation=network event_count=60 peak_prefill=1 peak_decode=6 minimum_link_headroom_mb_s=-107.014876 peak_memory_gb=28.67628
  trial scenario=homogeneous_control partition_id=random_14 partition=12-10-11-9-10-11-10-7 lambda=0.0175 safe=False first_violation=network event_count=59 peak_prefill=1 peak_decode=6 minimum_link_headroom_mb_s=-106.895125 peak_memory_gb=28.67628
  trial scenario=homogeneous_control partition_id=random_14 partition=12-10-11-9-10-11-10-7 lambda=0.018 safe=False first_violation=network event_count=26 peak_prefill=1 peak_decode=6 minimum_link_headroom_mb_s=-115.647505 peak_memory_gb=28.67052
  trial scenario=homogeneous_control partition_id=random_14 partition=12-10-11-9-10-11-10-7 lambda=0.0185 safe=False first_violation=network event_count=26 peak_prefill=1 peak_decode=6 minimum_link_headroom_mb_s=-115.647505 peak_memory_gb=28.67052
  trial scenario=homogeneous_control partition_id=random_14 partition=12-10-11-9-10-11-10-7 lambda=0.019 safe=False first_violation=network event_count=26 peak_prefill=1 peak_decode=6 minimum_link_headroom_mb_s=-115.647505 peak_memory_gb=28.66476
  trial scenario=homogeneous_control partition_id=random_14 partition=12-10-11-9-10-11-10-7 lambda=0.0195 safe=False first_violation=network event_count=26 peak_prefill=1 peak_decode=6 minimum_link_headroom_mb_s=-115.647505 peak_memory_gb=28.659
  trial scenario=homogeneous_control partition_id=random_14 partition=12-10-11-9-10-11-10-7 lambda=0.02 safe=False first_violation=network event_count=25 peak_prefill=1 peak_decode=6 minimum_link_headroom_mb_s=-115.537242 peak_memory_gb=28.659
  trial scenario=homogeneous_control partition_id=random_14 partition=12-10-11-9-10-11-10-7 lambda=0.0205 safe=False first_violation=network event_count=25 peak_prefill=1 peak_decode=6 minimum_link_headroom_mb_s=-115.537242 peak_memory_gb=28.659
  trial scenario=homogeneous_control partition_id=random_14 partition=12-10-11-9-10-11-10-7 lambda=0.021 safe=False first_violation=network event_count=25 peak_prefill=1 peak_decode=6 minimum_link_headroom_mb_s=-115.537242 peak_memory_gb=28.659
  trial scenario=homogeneous_control partition_id=random_14 partition=12-10-11-9-10-11-10-7 lambda=0.0215 safe=False first_violation=network event_count=24 peak_prefill=1 peak_decode=6 minimum_link_headroom_mb_s=-115.421618 peak_memory_gb=28.659
  trial scenario=homogeneous_control partition_id=random_14 partition=12-10-11-9-10-11-10-7 lambda=0.022 safe=False first_violation=network event_count=24 peak_prefill=1 peak_decode=6 minimum_link_headroom_mb_s=-115.421618 peak_memory_gb=28.659
  random_14          partition=[12, 10, 11, 9, 10, 11, 10, 7] safe=0.009 unsafe=0.0095 violation=network monotonic=True
  trial scenario=homogeneous_control partition_id=random_15 partition=12-6-11-11-9-9-10-12 lambda=0.006 safe=True first_violation=None event_count=204 peak_prefill=1 peak_decode=4 minimum_link_headroom_mb_s=584.631518 peak_memory_gb=28.5276
  trial scenario=homogeneous_control partition_id=random_15 partition=12-6-11-11-9-9-10-12 lambda=0.0065 safe=True first_violation=None event_count=204 peak_prefill=1 peak_decode=5 minimum_link_headroom_mb_s=358.41104 peak_memory_gb=28.83864
  trial scenario=homogeneous_control partition_id=random_15 partition=12-6-11-11-9-9-10-12 lambda=0.007 safe=True first_violation=None event_count=204 peak_prefill=1 peak_decode=5 minimum_link_headroom_mb_s=358.516848 peak_memory_gb=28.83288
  trial scenario=homogeneous_control partition_id=random_15 partition=12-6-11-11-9-9-10-12 lambda=0.0075 safe=True first_violation=None event_count=204 peak_prefill=1 peak_decode=6 minimum_link_headroom_mb_s=119.685981 peak_memory_gb=29.60004
  trial scenario=homogeneous_control partition_id=random_15 partition=12-6-11-11-9-9-10-12 lambda=0.008 safe=True first_violation=None event_count=204 peak_prefill=1 peak_decode=6 minimum_link_headroom_mb_s=119.797075 peak_memory_gb=29.59428
  trial scenario=homogeneous_control partition_id=random_15 partition=12-6-11-11-9-9-10-12 lambda=0.0085 safe=True first_violation=None event_count=204 peak_prefill=1 peak_decode=6 minimum_link_headroom_mb_s=120.032956 peak_memory_gb=29.58276
  trial scenario=homogeneous_control partition_id=random_15 partition=12-6-11-11-9-9-10-12 lambda=0.009 safe=True first_violation=None event_count=204 peak_prefill=1 peak_decode=6 minimum_link_headroom_mb_s=119.830963 peak_memory_gb=29.59428
  trial scenario=homogeneous_control partition_id=random_15 partition=12-6-11-11-9-9-10-12 lambda=0.0095 safe=False first_violation=network event_count=166 peak_prefill=1 peak_decode=6 minimum_link_headroom_mb_s=-134.718641 peak_memory_gb=29.58852
  trial scenario=homogeneous_control partition_id=random_15 partition=12-6-11-11-9-9-10-12 lambda=0.01 safe=False first_violation=network event_count=116 peak_prefill=1 peak_decode=6 minimum_link_headroom_mb_s=-104.795979 peak_memory_gb=28.4862
  trial scenario=homogeneous_control partition_id=random_15 partition=12-6-11-11-9-9-10-12 lambda=0.0105 safe=False first_violation=network event_count=116 peak_prefill=1 peak_decode=6 minimum_link_headroom_mb_s=-104.795979 peak_memory_gb=28.47468
  trial scenario=homogeneous_control partition_id=random_15 partition=12-6-11-11-9-9-10-12 lambda=0.011 safe=False first_violation=network event_count=104 peak_prefill=1 peak_decode=6 minimum_link_headroom_mb_s=-112.032912 peak_memory_gb=28.58412
  trial scenario=homogeneous_control partition_id=random_15 partition=12-6-11-11-9-9-10-12 lambda=0.0115 safe=False first_violation=network event_count=102 peak_prefill=1 peak_decode=6 minimum_link_headroom_mb_s=-111.79799 peak_memory_gb=28.58412
  trial scenario=homogeneous_control partition_id=random_15 partition=12-6-11-11-9-9-10-12 lambda=0.012 safe=False first_violation=network event_count=101 peak_prefill=1 peak_decode=6 minimum_link_headroom_mb_s=-111.677362 peak_memory_gb=28.58412
  trial scenario=homogeneous_control partition_id=random_15 partition=12-6-11-11-9-9-10-12 lambda=0.0125 safe=False first_violation=network event_count=74 peak_prefill=1 peak_decode=6 minimum_link_headroom_mb_s=-107.115817 peak_memory_gb=28.57836
  trial scenario=homogeneous_control partition_id=random_15 partition=12-6-11-11-9-9-10-12 lambda=0.013 safe=False first_violation=network event_count=74 peak_prefill=1 peak_decode=6 minimum_link_headroom_mb_s=-107.115817 peak_memory_gb=28.57836
  trial scenario=homogeneous_control partition_id=random_15 partition=12-6-11-11-9-9-10-12 lambda=0.0135 safe=False first_violation=network event_count=73 peak_prefill=1 peak_decode=6 minimum_link_headroom_mb_s=-106.992345 peak_memory_gb=28.57836
  trial scenario=homogeneous_control partition_id=random_15 partition=12-6-11-11-9-9-10-12 lambda=0.014 safe=False first_violation=network event_count=73 peak_prefill=1 peak_decode=6 minimum_link_headroom_mb_s=-106.992345 peak_memory_gb=28.57836
  trial scenario=homogeneous_control partition_id=random_15 partition=12-6-11-11-9-9-10-12 lambda=0.0145 safe=False first_violation=network event_count=71 peak_prefill=1 peak_decode=6 minimum_link_headroom_mb_s=-106.760412 peak_memory_gb=28.68204
  trial scenario=homogeneous_control partition_id=random_15 partition=12-6-11-11-9-9-10-12 lambda=0.015 safe=False first_violation=network event_count=68 peak_prefill=1 peak_decode=6 minimum_link_headroom_mb_s=-106.429294 peak_memory_gb=28.67628
  trial scenario=homogeneous_control partition_id=random_15 partition=12-6-11-11-9-9-10-12 lambda=0.0155 safe=False first_violation=network event_count=68 peak_prefill=1 peak_decode=6 minimum_link_headroom_mb_s=-106.429294 peak_memory_gb=28.67628
  trial scenario=homogeneous_control partition_id=random_15 partition=12-6-11-11-9-9-10-12 lambda=0.016 safe=False first_violation=network event_count=68 peak_prefill=1 peak_decode=6 minimum_link_headroom_mb_s=-106.429294 peak_memory_gb=28.67628
  trial scenario=homogeneous_control partition_id=random_15 partition=12-6-11-11-9-9-10-12 lambda=0.0165 safe=False first_violation=network event_count=60 peak_prefill=1 peak_decode=6 minimum_link_headroom_mb_s=-107.014876 peak_memory_gb=28.67628
  trial scenario=homogeneous_control partition_id=random_15 partition=12-6-11-11-9-9-10-12 lambda=0.017 safe=False first_violation=network event_count=60 peak_prefill=1 peak_decode=6 minimum_link_headroom_mb_s=-107.014876 peak_memory_gb=28.67628
  trial scenario=homogeneous_control partition_id=random_15 partition=12-6-11-11-9-9-10-12 lambda=0.0175 safe=False first_violation=network event_count=59 peak_prefill=1 peak_decode=6 minimum_link_headroom_mb_s=-106.895125 peak_memory_gb=28.67628
  trial scenario=homogeneous_control partition_id=random_15 partition=12-6-11-11-9-9-10-12 lambda=0.018 safe=False first_violation=network event_count=26 peak_prefill=1 peak_decode=6 minimum_link_headroom_mb_s=-115.647505 peak_memory_gb=28.67052
  trial scenario=homogeneous_control partition_id=random_15 partition=12-6-11-11-9-9-10-12 lambda=0.0185 safe=False first_violation=network event_count=26 peak_prefill=1 peak_decode=6 minimum_link_headroom_mb_s=-115.647505 peak_memory_gb=28.67052
  trial scenario=homogeneous_control partition_id=random_15 partition=12-6-11-11-9-9-10-12 lambda=0.019 safe=False first_violation=network event_count=26 peak_prefill=1 peak_decode=6 minimum_link_headroom_mb_s=-115.647505 peak_memory_gb=28.66476
  trial scenario=homogeneous_control partition_id=random_15 partition=12-6-11-11-9-9-10-12 lambda=0.0195 safe=False first_violation=network event_count=26 peak_prefill=1 peak_decode=6 minimum_link_headroom_mb_s=-115.647505 peak_memory_gb=28.659
  trial scenario=homogeneous_control partition_id=random_15 partition=12-6-11-11-9-9-10-12 lambda=0.02 safe=False first_violation=network event_count=25 peak_prefill=1 peak_decode=6 minimum_link_headroom_mb_s=-115.537242 peak_memory_gb=28.659
  trial scenario=homogeneous_control partition_id=random_15 partition=12-6-11-11-9-9-10-12 lambda=0.0205 safe=False first_violation=network event_count=25 peak_prefill=1 peak_decode=6 minimum_link_headroom_mb_s=-115.537242 peak_memory_gb=28.659
  trial scenario=homogeneous_control partition_id=random_15 partition=12-6-11-11-9-9-10-12 lambda=0.021 safe=False first_violation=network event_count=25 peak_prefill=1 peak_decode=6 minimum_link_headroom_mb_s=-115.537242 peak_memory_gb=28.659
  trial scenario=homogeneous_control partition_id=random_15 partition=12-6-11-11-9-9-10-12 lambda=0.0215 safe=False first_violation=network event_count=24 peak_prefill=1 peak_decode=6 minimum_link_headroom_mb_s=-115.421618 peak_memory_gb=28.659
  trial scenario=homogeneous_control partition_id=random_15 partition=12-6-11-11-9-9-10-12 lambda=0.022 safe=False first_violation=network event_count=24 peak_prefill=1 peak_decode=6 minimum_link_headroom_mb_s=-115.421618 peak_memory_gb=28.659
  random_15          partition=[12, 6, 11, 11, 9, 9, 10, 12] safe=0.009 unsafe=0.0095 violation=network monotonic=True
  trial scenario=homogeneous_control partition_id=random_16 partition=7-10-12-13-10-10-8-10 lambda=0.006 safe=True first_violation=None event_count=204 peak_prefill=1 peak_decode=4 minimum_link_headroom_mb_s=584.631518 peak_memory_gb=30.4049
  trial scenario=homogeneous_control partition_id=random_16 partition=7-10-12-13-10-10-8-10 lambda=0.0065 safe=True first_violation=None event_count=204 peak_prefill=1 peak_decode=5 minimum_link_headroom_mb_s=358.41104 peak_memory_gb=30.74186
  trial scenario=homogeneous_control partition_id=random_16 partition=7-10-12-13-10-10-8-10 lambda=0.007 safe=True first_violation=None event_count=204 peak_prefill=1 peak_decode=5 minimum_link_headroom_mb_s=358.516848 peak_memory_gb=30.73562
  trial scenario=homogeneous_control partition_id=random_16 partition=7-10-12-13-10-10-8-10 lambda=0.0075 safe=True first_violation=None event_count=204 peak_prefill=1 peak_decode=6 minimum_link_headroom_mb_s=119.685981 peak_memory_gb=31.56671
  trial scenario=homogeneous_control partition_id=random_16 partition=7-10-12-13-10-10-8-10 lambda=0.008 safe=True first_violation=None event_count=204 peak_prefill=1 peak_decode=6 minimum_link_headroom_mb_s=119.797075 peak_memory_gb=31.56047
  trial scenario=homogeneous_control partition_id=random_16 partition=7-10-12-13-10-10-8-10 lambda=0.0085 safe=True first_violation=None event_count=204 peak_prefill=1 peak_decode=6 minimum_link_headroom_mb_s=120.032956 peak_memory_gb=31.54799
  trial scenario=homogeneous_control partition_id=random_16 partition=7-10-12-13-10-10-8-10 lambda=0.009 safe=True first_violation=None event_count=204 peak_prefill=1 peak_decode=6 minimum_link_headroom_mb_s=119.830963 peak_memory_gb=31.56047
  trial scenario=homogeneous_control partition_id=random_16 partition=7-10-12-13-10-10-8-10 lambda=0.0095 safe=False first_violation=network event_count=166 peak_prefill=1 peak_decode=6 minimum_link_headroom_mb_s=-134.718641 peak_memory_gb=31.55423
  trial scenario=homogeneous_control partition_id=random_16 partition=7-10-12-13-10-10-8-10 lambda=0.01 safe=False first_violation=network event_count=116 peak_prefill=1 peak_decode=6 minimum_link_headroom_mb_s=-104.795979 peak_memory_gb=30.36005
  trial scenario=homogeneous_control partition_id=random_16 partition=7-10-12-13-10-10-8-10 lambda=0.0105 safe=False first_violation=network event_count=116 peak_prefill=1 peak_decode=6 minimum_link_headroom_mb_s=-104.795979 peak_memory_gb=30.34757
  trial scenario=homogeneous_control partition_id=random_16 partition=7-10-12-13-10-10-8-10 lambda=0.011 safe=False first_violation=network event_count=104 peak_prefill=1 peak_decode=6 minimum_link_headroom_mb_s=-112.032912 peak_memory_gb=30.46613
  trial scenario=homogeneous_control partition_id=random_16 partition=7-10-12-13-10-10-8-10 lambda=0.0115 safe=False first_violation=network event_count=102 peak_prefill=1 peak_decode=6 minimum_link_headroom_mb_s=-111.79799 peak_memory_gb=30.46613
  trial scenario=homogeneous_control partition_id=random_16 partition=7-10-12-13-10-10-8-10 lambda=0.012 safe=False first_violation=network event_count=101 peak_prefill=1 peak_decode=6 minimum_link_headroom_mb_s=-111.677362 peak_memory_gb=30.46613
  trial scenario=homogeneous_control partition_id=random_16 partition=7-10-12-13-10-10-8-10 lambda=0.0125 safe=False first_violation=network event_count=74 peak_prefill=1 peak_decode=6 minimum_link_headroom_mb_s=-107.115817 peak_memory_gb=30.45989
  trial scenario=homogeneous_control partition_id=random_16 partition=7-10-12-13-10-10-8-10 lambda=0.013 safe=False first_violation=network event_count=74 peak_prefill=1 peak_decode=6 minimum_link_headroom_mb_s=-107.115817 peak_memory_gb=30.45989
  trial scenario=homogeneous_control partition_id=random_16 partition=7-10-12-13-10-10-8-10 lambda=0.0135 safe=False first_violation=network event_count=73 peak_prefill=1 peak_decode=6 minimum_link_headroom_mb_s=-106.992345 peak_memory_gb=30.45989
  trial scenario=homogeneous_control partition_id=random_16 partition=7-10-12-13-10-10-8-10 lambda=0.014 safe=False first_violation=network event_count=73 peak_prefill=1 peak_decode=6 minimum_link_headroom_mb_s=-106.992345 peak_memory_gb=30.45989
  trial scenario=homogeneous_control partition_id=random_16 partition=7-10-12-13-10-10-8-10 lambda=0.0145 safe=False first_violation=network event_count=71 peak_prefill=1 peak_decode=6 minimum_link_headroom_mb_s=-106.760412 peak_memory_gb=30.57221
  trial scenario=homogeneous_control partition_id=random_16 partition=7-10-12-13-10-10-8-10 lambda=0.015 safe=False first_violation=network event_count=68 peak_prefill=1 peak_decode=6 minimum_link_headroom_mb_s=-106.429294 peak_memory_gb=30.56597
  trial scenario=homogeneous_control partition_id=random_16 partition=7-10-12-13-10-10-8-10 lambda=0.0155 safe=False first_violation=network event_count=68 peak_prefill=1 peak_decode=6 minimum_link_headroom_mb_s=-106.429294 peak_memory_gb=30.56597
  trial scenario=homogeneous_control partition_id=random_16 partition=7-10-12-13-10-10-8-10 lambda=0.016 safe=False first_violation=network event_count=68 peak_prefill=1 peak_decode=6 minimum_link_headroom_mb_s=-106.429294 peak_memory_gb=30.56597
  trial scenario=homogeneous_control partition_id=random_16 partition=7-10-12-13-10-10-8-10 lambda=0.0165 safe=False first_violation=network event_count=60 peak_prefill=1 peak_decode=6 minimum_link_headroom_mb_s=-107.014876 peak_memory_gb=30.56597
  trial scenario=homogeneous_control partition_id=random_16 partition=7-10-12-13-10-10-8-10 lambda=0.017 safe=False first_violation=network event_count=60 peak_prefill=1 peak_decode=6 minimum_link_headroom_mb_s=-107.014876 peak_memory_gb=30.56597
  trial scenario=homogeneous_control partition_id=random_16 partition=7-10-12-13-10-10-8-10 lambda=0.0175 safe=False first_violation=network event_count=59 peak_prefill=1 peak_decode=6 minimum_link_headroom_mb_s=-106.895125 peak_memory_gb=30.56597
  trial scenario=homogeneous_control partition_id=random_16 partition=7-10-12-13-10-10-8-10 lambda=0.018 safe=False first_violation=network event_count=26 peak_prefill=1 peak_decode=6 minimum_link_headroom_mb_s=-115.647505 peak_memory_gb=30.55973
  trial scenario=homogeneous_control partition_id=random_16 partition=7-10-12-13-10-10-8-10 lambda=0.0185 safe=False first_violation=network event_count=26 peak_prefill=1 peak_decode=6 minimum_link_headroom_mb_s=-115.647505 peak_memory_gb=30.55973
  trial scenario=homogeneous_control partition_id=random_16 partition=7-10-12-13-10-10-8-10 lambda=0.019 safe=False first_violation=network event_count=26 peak_prefill=1 peak_decode=6 minimum_link_headroom_mb_s=-115.647505 peak_memory_gb=30.55349
  trial scenario=homogeneous_control partition_id=random_16 partition=7-10-12-13-10-10-8-10 lambda=0.0195 safe=False first_violation=network event_count=26 peak_prefill=1 peak_decode=6 minimum_link_headroom_mb_s=-115.647505 peak_memory_gb=30.54725
  trial scenario=homogeneous_control partition_id=random_16 partition=7-10-12-13-10-10-8-10 lambda=0.02 safe=False first_violation=network event_count=25 peak_prefill=1 peak_decode=6 minimum_link_headroom_mb_s=-115.537242 peak_memory_gb=30.54725
  trial scenario=homogeneous_control partition_id=random_16 partition=7-10-12-13-10-10-8-10 lambda=0.0205 safe=False first_violation=network event_count=25 peak_prefill=1 peak_decode=6 minimum_link_headroom_mb_s=-115.537242 peak_memory_gb=30.54725
  trial scenario=homogeneous_control partition_id=random_16 partition=7-10-12-13-10-10-8-10 lambda=0.021 safe=False first_violation=network event_count=25 peak_prefill=1 peak_decode=6 minimum_link_headroom_mb_s=-115.537242 peak_memory_gb=30.54725
  trial scenario=homogeneous_control partition_id=random_16 partition=7-10-12-13-10-10-8-10 lambda=0.0215 safe=False first_violation=network event_count=24 peak_prefill=1 peak_decode=6 minimum_link_headroom_mb_s=-115.421618 peak_memory_gb=30.54725
  trial scenario=homogeneous_control partition_id=random_16 partition=7-10-12-13-10-10-8-10 lambda=0.022 safe=False first_violation=network event_count=24 peak_prefill=1 peak_decode=6 minimum_link_headroom_mb_s=-115.421618 peak_memory_gb=30.54725
  random_16          partition=[7, 10, 12, 13, 10, 10, 8, 10] safe=0.009 unsafe=0.0095 violation=network monotonic=True
  trial scenario=homogeneous_control partition_id=random_17 partition=7-15-8-10-10-10-8-12 lambda=0.006 safe=True first_violation=None event_count=204 peak_prefill=1 peak_decode=4 minimum_link_headroom_mb_s=584.631518 peak_memory_gb=34.1595
  trial scenario=homogeneous_control partition_id=random_17 partition=7-15-8-10-10-10-8-12 lambda=0.0065 safe=True first_violation=None event_count=204 peak_prefill=1 peak_decode=5 minimum_link_headroom_mb_s=358.41104 peak_memory_gb=34.5483
  trial scenario=homogeneous_control partition_id=random_17 partition=7-15-8-10-10-10-8-12 lambda=0.007 safe=True first_violation=None event_count=204 peak_prefill=1 peak_decode=5 minimum_link_headroom_mb_s=358.516848 peak_memory_gb=34.5411
  trial scenario=homogeneous_control partition_id=random_17 partition=7-15-8-10-10-10-8-12 lambda=0.0075 safe=True first_violation=None event_count=204 peak_prefill=1 peak_decode=6 minimum_link_headroom_mb_s=119.685981 peak_memory_gb=35.50005
  trial scenario=homogeneous_control partition_id=random_17 partition=7-15-8-10-10-10-8-12 lambda=0.008 safe=True first_violation=None event_count=204 peak_prefill=1 peak_decode=6 minimum_link_headroom_mb_s=119.797075 peak_memory_gb=35.49285
  trial scenario=homogeneous_control partition_id=random_17 partition=7-15-8-10-10-10-8-12 lambda=0.0085 safe=True first_violation=None event_count=204 peak_prefill=1 peak_decode=6 minimum_link_headroom_mb_s=120.032956 peak_memory_gb=35.47845
  trial scenario=homogeneous_control partition_id=random_17 partition=7-15-8-10-10-10-8-12 lambda=0.009 safe=True first_violation=None event_count=204 peak_prefill=1 peak_decode=6 minimum_link_headroom_mb_s=119.830963 peak_memory_gb=35.49285
  trial scenario=homogeneous_control partition_id=random_17 partition=7-15-8-10-10-10-8-12 lambda=0.0095 safe=False first_violation=network event_count=166 peak_prefill=1 peak_decode=6 minimum_link_headroom_mb_s=-134.718641 peak_memory_gb=35.48565
  trial scenario=homogeneous_control partition_id=random_17 partition=7-15-8-10-10-10-8-12 lambda=0.01 safe=False first_violation=network event_count=116 peak_prefill=1 peak_decode=6 minimum_link_headroom_mb_s=-104.795979 peak_memory_gb=34.10775
  trial scenario=homogeneous_control partition_id=random_17 partition=7-15-8-10-10-10-8-12 lambda=0.0105 safe=False first_violation=network event_count=116 peak_prefill=1 peak_decode=6 minimum_link_headroom_mb_s=-104.795979 peak_memory_gb=34.09335
  trial scenario=homogeneous_control partition_id=random_17 partition=7-15-8-10-10-10-8-12 lambda=0.011 safe=False first_violation=network event_count=104 peak_prefill=1 peak_decode=6 minimum_link_headroom_mb_s=-112.032912 peak_memory_gb=34.23015
  trial scenario=homogeneous_control partition_id=random_17 partition=7-15-8-10-10-10-8-12 lambda=0.0115 safe=False first_violation=network event_count=102 peak_prefill=1 peak_decode=6 minimum_link_headroom_mb_s=-111.79799 peak_memory_gb=34.23015
  trial scenario=homogeneous_control partition_id=random_17 partition=7-15-8-10-10-10-8-12 lambda=0.012 safe=False first_violation=network event_count=101 peak_prefill=1 peak_decode=6 minimum_link_headroom_mb_s=-111.677362 peak_memory_gb=34.23015
  trial scenario=homogeneous_control partition_id=random_17 partition=7-15-8-10-10-10-8-12 lambda=0.0125 safe=False first_violation=network event_count=74 peak_prefill=1 peak_decode=6 minimum_link_headroom_mb_s=-107.115817 peak_memory_gb=34.22295
  trial scenario=homogeneous_control partition_id=random_17 partition=7-15-8-10-10-10-8-12 lambda=0.013 safe=False first_violation=network event_count=74 peak_prefill=1 peak_decode=6 minimum_link_headroom_mb_s=-107.115817 peak_memory_gb=34.22295
  trial scenario=homogeneous_control partition_id=random_17 partition=7-15-8-10-10-10-8-12 lambda=0.0135 safe=False first_violation=network event_count=73 peak_prefill=1 peak_decode=6 minimum_link_headroom_mb_s=-106.992345 peak_memory_gb=34.22295
  trial scenario=homogeneous_control partition_id=random_17 partition=7-15-8-10-10-10-8-12 lambda=0.014 safe=False first_violation=network event_count=73 peak_prefill=1 peak_decode=6 minimum_link_headroom_mb_s=-106.992345 peak_memory_gb=34.22295
  trial scenario=homogeneous_control partition_id=random_17 partition=7-15-8-10-10-10-8-12 lambda=0.0145 safe=False first_violation=network event_count=71 peak_prefill=1 peak_decode=6 minimum_link_headroom_mb_s=-106.760412 peak_memory_gb=34.35255
  trial scenario=homogeneous_control partition_id=random_17 partition=7-15-8-10-10-10-8-12 lambda=0.015 safe=False first_violation=network event_count=68 peak_prefill=1 peak_decode=6 minimum_link_headroom_mb_s=-106.429294 peak_memory_gb=34.34535
  trial scenario=homogeneous_control partition_id=random_17 partition=7-15-8-10-10-10-8-12 lambda=0.0155 safe=False first_violation=network event_count=68 peak_prefill=1 peak_decode=6 minimum_link_headroom_mb_s=-106.429294 peak_memory_gb=34.34535
  trial scenario=homogeneous_control partition_id=random_17 partition=7-15-8-10-10-10-8-12 lambda=0.016 safe=False first_violation=network event_count=68 peak_prefill=1 peak_decode=6 minimum_link_headroom_mb_s=-106.429294 peak_memory_gb=34.34535
  trial scenario=homogeneous_control partition_id=random_17 partition=7-15-8-10-10-10-8-12 lambda=0.0165 safe=False first_violation=network event_count=60 peak_prefill=1 peak_decode=6 minimum_link_headroom_mb_s=-107.014876 peak_memory_gb=34.34535
  trial scenario=homogeneous_control partition_id=random_17 partition=7-15-8-10-10-10-8-12 lambda=0.017 safe=False first_violation=network event_count=60 peak_prefill=1 peak_decode=6 minimum_link_headroom_mb_s=-107.014876 peak_memory_gb=34.34535
  trial scenario=homogeneous_control partition_id=random_17 partition=7-15-8-10-10-10-8-12 lambda=0.0175 safe=False first_violation=network event_count=59 peak_prefill=1 peak_decode=6 minimum_link_headroom_mb_s=-106.895125 peak_memory_gb=34.34535
  trial scenario=homogeneous_control partition_id=random_17 partition=7-15-8-10-10-10-8-12 lambda=0.018 safe=False first_violation=network event_count=26 peak_prefill=1 peak_decode=6 minimum_link_headroom_mb_s=-115.647505 peak_memory_gb=34.33815
  trial scenario=homogeneous_control partition_id=random_17 partition=7-15-8-10-10-10-8-12 lambda=0.0185 safe=False first_violation=network event_count=26 peak_prefill=1 peak_decode=6 minimum_link_headroom_mb_s=-115.647505 peak_memory_gb=34.33815
  trial scenario=homogeneous_control partition_id=random_17 partition=7-15-8-10-10-10-8-12 lambda=0.019 safe=False first_violation=network event_count=26 peak_prefill=1 peak_decode=6 minimum_link_headroom_mb_s=-115.647505 peak_memory_gb=34.33095
  trial scenario=homogeneous_control partition_id=random_17 partition=7-15-8-10-10-10-8-12 lambda=0.0195 safe=False first_violation=network event_count=26 peak_prefill=1 peak_decode=6 minimum_link_headroom_mb_s=-115.647505 peak_memory_gb=34.32375
  trial scenario=homogeneous_control partition_id=random_17 partition=7-15-8-10-10-10-8-12 lambda=0.02 safe=False first_violation=network event_count=25 peak_prefill=1 peak_decode=6 minimum_link_headroom_mb_s=-115.537242 peak_memory_gb=34.32375
  trial scenario=homogeneous_control partition_id=random_17 partition=7-15-8-10-10-10-8-12 lambda=0.0205 safe=False first_violation=network event_count=25 peak_prefill=1 peak_decode=6 minimum_link_headroom_mb_s=-115.537242 peak_memory_gb=34.32375
  trial scenario=homogeneous_control partition_id=random_17 partition=7-15-8-10-10-10-8-12 lambda=0.021 safe=False first_violation=network event_count=25 peak_prefill=1 peak_decode=6 minimum_link_headroom_mb_s=-115.537242 peak_memory_gb=34.32375
  trial scenario=homogeneous_control partition_id=random_17 partition=7-15-8-10-10-10-8-12 lambda=0.0215 safe=False first_violation=network event_count=24 peak_prefill=1 peak_decode=6 minimum_link_headroom_mb_s=-115.421618 peak_memory_gb=34.32375
  trial scenario=homogeneous_control partition_id=random_17 partition=7-15-8-10-10-10-8-12 lambda=0.022 safe=False first_violation=network event_count=24 peak_prefill=1 peak_decode=6 minimum_link_headroom_mb_s=-115.421618 peak_memory_gb=34.32375
  random_17          partition=[7, 15, 8, 10, 10, 10, 8, 12] safe=0.009 unsafe=0.0095 violation=network monotonic=True
  trial scenario=homogeneous_control partition_id=random_18 partition=6-13-6-10-11-12-7-15 lambda=0.006 safe=True first_violation=None event_count=204 peak_prefill=1 peak_decode=4 minimum_link_headroom_mb_s=584.631518 peak_memory_gb=34.1595
  trial scenario=homogeneous_control partition_id=random_18 partition=6-13-6-10-11-12-7-15 lambda=0.0065 safe=True first_violation=None event_count=204 peak_prefill=1 peak_decode=5 minimum_link_headroom_mb_s=358.41104 peak_memory_gb=34.5483
  trial scenario=homogeneous_control partition_id=random_18 partition=6-13-6-10-11-12-7-15 lambda=0.007 safe=True first_violation=None event_count=204 peak_prefill=1 peak_decode=5 minimum_link_headroom_mb_s=358.516848 peak_memory_gb=34.5411
  trial scenario=homogeneous_control partition_id=random_18 partition=6-13-6-10-11-12-7-15 lambda=0.0075 safe=True first_violation=None event_count=204 peak_prefill=1 peak_decode=6 minimum_link_headroom_mb_s=119.685981 peak_memory_gb=35.50005
  trial scenario=homogeneous_control partition_id=random_18 partition=6-13-6-10-11-12-7-15 lambda=0.008 safe=True first_violation=None event_count=204 peak_prefill=1 peak_decode=6 minimum_link_headroom_mb_s=119.797075 peak_memory_gb=35.49285
  trial scenario=homogeneous_control partition_id=random_18 partition=6-13-6-10-11-12-7-15 lambda=0.0085 safe=True first_violation=None event_count=204 peak_prefill=1 peak_decode=6 minimum_link_headroom_mb_s=120.032956 peak_memory_gb=35.47845
  trial scenario=homogeneous_control partition_id=random_18 partition=6-13-6-10-11-12-7-15 lambda=0.009 safe=True first_violation=None event_count=204 peak_prefill=1 peak_decode=6 minimum_link_headroom_mb_s=119.830963 peak_memory_gb=35.49285
  trial scenario=homogeneous_control partition_id=random_18 partition=6-13-6-10-11-12-7-15 lambda=0.0095 safe=False first_violation=network event_count=166 peak_prefill=1 peak_decode=6 minimum_link_headroom_mb_s=-134.718641 peak_memory_gb=35.48565
  trial scenario=homogeneous_control partition_id=random_18 partition=6-13-6-10-11-12-7-15 lambda=0.01 safe=False first_violation=network event_count=116 peak_prefill=1 peak_decode=6 minimum_link_headroom_mb_s=-104.795979 peak_memory_gb=34.10775
  trial scenario=homogeneous_control partition_id=random_18 partition=6-13-6-10-11-12-7-15 lambda=0.0105 safe=False first_violation=network event_count=116 peak_prefill=1 peak_decode=6 minimum_link_headroom_mb_s=-104.795979 peak_memory_gb=34.09335
  trial scenario=homogeneous_control partition_id=random_18 partition=6-13-6-10-11-12-7-15 lambda=0.011 safe=False first_violation=network event_count=104 peak_prefill=1 peak_decode=6 minimum_link_headroom_mb_s=-112.032912 peak_memory_gb=34.23015
  trial scenario=homogeneous_control partition_id=random_18 partition=6-13-6-10-11-12-7-15 lambda=0.0115 safe=False first_violation=network event_count=102 peak_prefill=1 peak_decode=6 minimum_link_headroom_mb_s=-111.79799 peak_memory_gb=34.23015
  trial scenario=homogeneous_control partition_id=random_18 partition=6-13-6-10-11-12-7-15 lambda=0.012 safe=False first_violation=network event_count=101 peak_prefill=1 peak_decode=6 minimum_link_headroom_mb_s=-111.677362 peak_memory_gb=34.23015
  trial scenario=homogeneous_control partition_id=random_18 partition=6-13-6-10-11-12-7-15 lambda=0.0125 safe=False first_violation=network event_count=74 peak_prefill=1 peak_decode=6 minimum_link_headroom_mb_s=-107.115817 peak_memory_gb=34.22295
  trial scenario=homogeneous_control partition_id=random_18 partition=6-13-6-10-11-12-7-15 lambda=0.013 safe=False first_violation=network event_count=74 peak_prefill=1 peak_decode=6 minimum_link_headroom_mb_s=-107.115817 peak_memory_gb=34.22295
  trial scenario=homogeneous_control partition_id=random_18 partition=6-13-6-10-11-12-7-15 lambda=0.0135 safe=False first_violation=network event_count=73 peak_prefill=1 peak_decode=6 minimum_link_headroom_mb_s=-106.992345 peak_memory_gb=34.22295
  trial scenario=homogeneous_control partition_id=random_18 partition=6-13-6-10-11-12-7-15 lambda=0.014 safe=False first_violation=network event_count=73 peak_prefill=1 peak_decode=6 minimum_link_headroom_mb_s=-106.992345 peak_memory_gb=34.22295
  trial scenario=homogeneous_control partition_id=random_18 partition=6-13-6-10-11-12-7-15 lambda=0.0145 safe=False first_violation=network event_count=71 peak_prefill=1 peak_decode=6 minimum_link_headroom_mb_s=-106.760412 peak_memory_gb=34.35255
  trial scenario=homogeneous_control partition_id=random_18 partition=6-13-6-10-11-12-7-15 lambda=0.015 safe=False first_violation=network event_count=68 peak_prefill=1 peak_decode=6 minimum_link_headroom_mb_s=-106.429294 peak_memory_gb=34.34535
  trial scenario=homogeneous_control partition_id=random_18 partition=6-13-6-10-11-12-7-15 lambda=0.0155 safe=False first_violation=network event_count=68 peak_prefill=1 peak_decode=6 minimum_link_headroom_mb_s=-106.429294 peak_memory_gb=34.34535
  trial scenario=homogeneous_control partition_id=random_18 partition=6-13-6-10-11-12-7-15 lambda=0.016 safe=False first_violation=network event_count=68 peak_prefill=1 peak_decode=6 minimum_link_headroom_mb_s=-106.429294 peak_memory_gb=34.34535
  trial scenario=homogeneous_control partition_id=random_18 partition=6-13-6-10-11-12-7-15 lambda=0.0165 safe=False first_violation=network event_count=60 peak_prefill=1 peak_decode=6 minimum_link_headroom_mb_s=-107.014876 peak_memory_gb=34.34535
  trial scenario=homogeneous_control partition_id=random_18 partition=6-13-6-10-11-12-7-15 lambda=0.017 safe=False first_violation=network event_count=60 peak_prefill=1 peak_decode=6 minimum_link_headroom_mb_s=-107.014876 peak_memory_gb=34.34535
  trial scenario=homogeneous_control partition_id=random_18 partition=6-13-6-10-11-12-7-15 lambda=0.0175 safe=False first_violation=network event_count=59 peak_prefill=1 peak_decode=6 minimum_link_headroom_mb_s=-106.895125 peak_memory_gb=34.34535
  trial scenario=homogeneous_control partition_id=random_18 partition=6-13-6-10-11-12-7-15 lambda=0.018 safe=False first_violation=network event_count=26 peak_prefill=1 peak_decode=6 minimum_link_headroom_mb_s=-115.647505 peak_memory_gb=34.33815
  trial scenario=homogeneous_control partition_id=random_18 partition=6-13-6-10-11-12-7-15 lambda=0.0185 safe=False first_violation=network event_count=26 peak_prefill=1 peak_decode=6 minimum_link_headroom_mb_s=-115.647505 peak_memory_gb=34.33815
  trial scenario=homogeneous_control partition_id=random_18 partition=6-13-6-10-11-12-7-15 lambda=0.019 safe=False first_violation=network event_count=26 peak_prefill=1 peak_decode=6 minimum_link_headroom_mb_s=-115.647505 peak_memory_gb=34.33095
  trial scenario=homogeneous_control partition_id=random_18 partition=6-13-6-10-11-12-7-15 lambda=0.0195 safe=False first_violation=network event_count=26 peak_prefill=1 peak_decode=6 minimum_link_headroom_mb_s=-115.647505 peak_memory_gb=34.32375
  trial scenario=homogeneous_control partition_id=random_18 partition=6-13-6-10-11-12-7-15 lambda=0.02 safe=False first_violation=network event_count=25 peak_prefill=1 peak_decode=6 minimum_link_headroom_mb_s=-115.537242 peak_memory_gb=34.32375
  trial scenario=homogeneous_control partition_id=random_18 partition=6-13-6-10-11-12-7-15 lambda=0.0205 safe=False first_violation=network event_count=25 peak_prefill=1 peak_decode=6 minimum_link_headroom_mb_s=-115.537242 peak_memory_gb=34.32375
  trial scenario=homogeneous_control partition_id=random_18 partition=6-13-6-10-11-12-7-15 lambda=0.021 safe=False first_violation=network event_count=25 peak_prefill=1 peak_decode=6 minimum_link_headroom_mb_s=-115.537242 peak_memory_gb=34.32375
  trial scenario=homogeneous_control partition_id=random_18 partition=6-13-6-10-11-12-7-15 lambda=0.0215 safe=False first_violation=network event_count=24 peak_prefill=1 peak_decode=6 minimum_link_headroom_mb_s=-115.421618 peak_memory_gb=34.32375
  trial scenario=homogeneous_control partition_id=random_18 partition=6-13-6-10-11-12-7-15 lambda=0.022 safe=False first_violation=network event_count=24 peak_prefill=1 peak_decode=6 minimum_link_headroom_mb_s=-115.421618 peak_memory_gb=34.32375
  random_18          partition=[6, 13, 6, 10, 11, 12, 7, 15] safe=0.009 unsafe=0.0095 violation=network monotonic=True
summary scenario=homogeneous_control min=0.009 max=0.009 absolute_gap=0.0 relative_gap_pct=0.0 significant=False
scenario=mild_alternating speeds=[1.15, 0.85, 1.15, 0.85, 1.15, 0.85, 1.15, 0.85] partitions=20
  trial scenario=mild_alternating partition_id=uniform partition=10-10-10-10-10-10-10-10 lambda=0.006 safe=True first_violation=None event_count=204 peak_prefill=1 peak_decode=5 minimum_link_headroom_mb_s=331.3289 peak_memory_gb=25.0322
  trial scenario=mild_alternating partition_id=uniform partition=10-10-10-10-10-10-10-10 lambda=0.0065 safe=True first_violation=None event_count=204 peak_prefill=1 peak_decode=5 minimum_link_headroom_mb_s=331.3289 peak_memory_gb=25.0322
  trial scenario=mild_alternating partition_id=uniform partition=10-10-10-10-10-10-10-10 lambda=0.007 safe=True first_violation=None event_count=204 peak_prefill=1 peak_decode=5 minimum_link_headroom_mb_s=331.584559 peak_memory_gb=25.3163
  trial scenario=mild_alternating partition_id=uniform partition=10-10-10-10-10-10-10-10 lambda=0.0075 safe=True first_violation=None event_count=204 peak_prefill=1 peak_decode=6 minimum_link_headroom_mb_s=84.316319 peak_memory_gb=25.6667
  trial scenario=mild_alternating partition_id=uniform partition=10-10-10-10-10-10-10-10 lambda=0.008 safe=True first_violation=None event_count=204 peak_prefill=1 peak_decode=6 minimum_link_headroom_mb_s=84.56601 peak_memory_gb=25.6571
  trial scenario=mild_alternating partition_id=uniform partition=10-10-10-10-10-10-10-10 lambda=0.0085 safe=True first_violation=None event_count=204 peak_prefill=1 peak_decode=6 minimum_link_headroom_mb_s=84.815295 peak_memory_gb=25.6475
  trial scenario=mild_alternating partition_id=uniform partition=10-10-10-10-10-10-10-10 lambda=0.009 safe=True first_violation=None event_count=204 peak_prefill=1 peak_decode=6 minimum_link_headroom_mb_s=84.596936 peak_memory_gb=25.6571
  trial scenario=mild_alternating partition_id=uniform partition=10-10-10-10-10-10-10-10 lambda=0.0095 safe=False first_violation=network event_count=166 peak_prefill=1 peak_decode=6 minimum_link_headroom_mb_s=-179.844578 peak_memory_gb=25.6571
  trial scenario=mild_alternating partition_id=uniform partition=10-10-10-10-10-10-10-10 lambda=0.01 safe=False first_violation=network event_count=116 peak_prefill=1 peak_decode=6 minimum_link_headroom_mb_s=-147.231124 peak_memory_gb=24.7385
  trial scenario=mild_alternating partition_id=uniform partition=10-10-10-10-10-10-10-10 lambda=0.0105 safe=False first_violation=network event_count=105 peak_prefill=1 peak_decode=6 minimum_link_headroom_mb_s=-155.276619 peak_memory_gb=24.7289
  trial scenario=mild_alternating partition_id=uniform partition=10-10-10-10-10-10-10-10 lambda=0.011 safe=False first_violation=network event_count=103 peak_prefill=1 peak_decode=6 minimum_link_headroom_mb_s=-155.021091 peak_memory_gb=24.8201
  trial scenario=mild_alternating partition_id=uniform partition=10-10-10-10-10-10-10-10 lambda=0.0115 safe=False first_violation=network event_count=101 peak_prefill=1 peak_decode=6 minimum_link_headroom_mb_s=-154.76882 peak_memory_gb=24.8201
  trial scenario=mild_alternating partition_id=uniform partition=10-10-10-10-10-10-10-10 lambda=0.012 safe=False first_violation=network event_count=74 peak_prefill=1 peak_decode=6 minimum_link_headroom_mb_s=-149.806811 peak_memory_gb=24.8153
  trial scenario=mild_alternating partition_id=uniform partition=10-10-10-10-10-10-10-10 lambda=0.0125 safe=False first_violation=network event_count=74 peak_prefill=1 peak_decode=6 minimum_link_headroom_mb_s=-149.806811 peak_memory_gb=24.8153
  trial scenario=mild_alternating partition_id=uniform partition=10-10-10-10-10-10-10-10 lambda=0.013 safe=False first_violation=network event_count=73 peak_prefill=1 peak_decode=6 minimum_link_headroom_mb_s=-149.671811 peak_memory_gb=24.8153
  trial scenario=mild_alternating partition_id=uniform partition=10-10-10-10-10-10-10-10 lambda=0.0135 safe=False first_violation=network event_count=73 peak_prefill=1 peak_decode=6 minimum_link_headroom_mb_s=-149.671811 peak_memory_gb=24.8153
  trial scenario=mild_alternating partition_id=uniform partition=10-10-10-10-10-10-10-10 lambda=0.014 safe=False first_violation=network event_count=71 peak_prefill=1 peak_decode=6 minimum_link_headroom_mb_s=-149.41911 peak_memory_gb=24.9017
  trial scenario=mild_alternating partition_id=uniform partition=10-10-10-10-10-10-10-10 lambda=0.0145 safe=False first_violation=network event_count=68 peak_prefill=1 peak_decode=6 minimum_link_headroom_mb_s=-149.059341 peak_memory_gb=24.8969
  trial scenario=mild_alternating partition_id=uniform partition=10-10-10-10-10-10-10-10 lambda=0.015 safe=False first_violation=network event_count=68 peak_prefill=1 peak_decode=6 minimum_link_headroom_mb_s=-149.059341 peak_memory_gb=24.8969
  trial scenario=mild_alternating partition_id=uniform partition=10-10-10-10-10-10-10-10 lambda=0.0155 safe=False first_violation=network event_count=68 peak_prefill=1 peak_decode=6 minimum_link_headroom_mb_s=-149.059341 peak_memory_gb=24.8969
  trial scenario=mild_alternating partition_id=uniform partition=10-10-10-10-10-10-10-10 lambda=0.016 safe=False first_violation=network event_count=60 peak_prefill=1 peak_decode=6 minimum_link_headroom_mb_s=-149.656425 peak_memory_gb=24.8969
  trial scenario=mild_alternating partition_id=uniform partition=10-10-10-10-10-10-10-10 lambda=0.0165 safe=False first_violation=network event_count=60 peak_prefill=1 peak_decode=6 minimum_link_headroom_mb_s=-149.656425 peak_memory_gb=24.8969
  trial scenario=mild_alternating partition_id=uniform partition=10-10-10-10-10-10-10-10 lambda=0.017 safe=False first_violation=network event_count=60 peak_prefill=1 peak_decode=6 minimum_link_headroom_mb_s=-149.656425 peak_memory_gb=24.8969
  trial scenario=mild_alternating partition_id=uniform partition=10-10-10-10-10-10-10-10 lambda=0.0175 safe=False first_violation=network event_count=59 peak_prefill=1 peak_decode=6 minimum_link_headroom_mb_s=-149.525722 peak_memory_gb=24.8969
  trial scenario=mild_alternating partition_id=uniform partition=10-10-10-10-10-10-10-10 lambda=0.018 safe=False first_violation=network event_count=26 peak_prefill=1 peak_decode=6 minimum_link_headroom_mb_s=-159.059757 peak_memory_gb=24.8921
  trial scenario=mild_alternating partition_id=uniform partition=10-10-10-10-10-10-10-10 lambda=0.0185 safe=False first_violation=network event_count=26 peak_prefill=1 peak_decode=6 minimum_link_headroom_mb_s=-159.059757 peak_memory_gb=24.8873
  trial scenario=mild_alternating partition_id=uniform partition=10-10-10-10-10-10-10-10 lambda=0.019 safe=False first_violation=network event_count=26 peak_prefill=1 peak_decode=6 minimum_link_headroom_mb_s=-159.059757 peak_memory_gb=24.8825
  trial scenario=mild_alternating partition_id=uniform partition=10-10-10-10-10-10-10-10 lambda=0.0195 safe=False first_violation=network event_count=25 peak_prefill=1 peak_decode=6 minimum_link_headroom_mb_s=-158.93996 peak_memory_gb=24.8825
  trial scenario=mild_alternating partition_id=uniform partition=10-10-10-10-10-10-10-10 lambda=0.02 safe=False first_violation=network event_count=25 peak_prefill=1 peak_decode=6 minimum_link_headroom_mb_s=-158.93996 peak_memory_gb=24.8825
  trial scenario=mild_alternating partition_id=uniform partition=10-10-10-10-10-10-10-10 lambda=0.0205 safe=False first_violation=network event_count=25 peak_prefill=1 peak_decode=6 minimum_link_headroom_mb_s=-158.93996 peak_memory_gb=24.8825
  trial scenario=mild_alternating partition_id=uniform partition=10-10-10-10-10-10-10-10 lambda=0.021 safe=False first_violation=network event_count=24 peak_prefill=1 peak_decode=6 minimum_link_headroom_mb_s=-158.81401 peak_memory_gb=24.8825
  trial scenario=mild_alternating partition_id=uniform partition=10-10-10-10-10-10-10-10 lambda=0.0215 safe=False first_violation=network event_count=24 peak_prefill=1 peak_decode=6 minimum_link_headroom_mb_s=-158.81401 peak_memory_gb=24.8825
  trial scenario=mild_alternating partition_id=uniform partition=10-10-10-10-10-10-10-10 lambda=0.022 safe=False first_violation=network event_count=23 peak_prefill=1 peak_decode=6 minimum_link_headroom_mb_s=-158.687787 peak_memory_gb=24.8777
  uniform            partition=[10, 10, 10, 10, 10, 10, 10, 10] safe=0.009 unsafe=0.0095 violation=network monotonic=True
  trial scenario=mild_alternating partition_id=compute_balanced partition=12-9-12-9-11-8-11-8 lambda=0.006 safe=True first_violation=None event_count=204 peak_prefill=1 peak_decode=4 minimum_link_headroom_mb_s=584.631518 peak_memory_gb=28.5276
  trial scenario=mild_alternating partition_id=compute_balanced partition=12-9-12-9-11-8-11-8 lambda=0.0065 safe=True first_violation=None event_count=204 peak_prefill=1 peak_decode=5 minimum_link_headroom_mb_s=358.41104 peak_memory_gb=28.83864
  trial scenario=mild_alternating partition_id=compute_balanced partition=12-9-12-9-11-8-11-8 lambda=0.007 safe=True first_violation=None event_count=204 peak_prefill=1 peak_decode=5 minimum_link_headroom_mb_s=358.516848 peak_memory_gb=28.83288
  trial scenario=mild_alternating partition_id=compute_balanced partition=12-9-12-9-11-8-11-8 lambda=0.0075 safe=True first_violation=None event_count=204 peak_prefill=1 peak_decode=6 minimum_link_headroom_mb_s=119.685981 peak_memory_gb=29.60004
  trial scenario=mild_alternating partition_id=compute_balanced partition=12-9-12-9-11-8-11-8 lambda=0.008 safe=True first_violation=None event_count=204 peak_prefill=1 peak_decode=6 minimum_link_headroom_mb_s=119.797075 peak_memory_gb=29.59428
  trial scenario=mild_alternating partition_id=compute_balanced partition=12-9-12-9-11-8-11-8 lambda=0.0085 safe=True first_violation=None event_count=204 peak_prefill=1 peak_decode=6 minimum_link_headroom_mb_s=120.032956 peak_memory_gb=29.58276
  trial scenario=mild_alternating partition_id=compute_balanced partition=12-9-12-9-11-8-11-8 lambda=0.009 safe=True first_violation=None event_count=204 peak_prefill=1 peak_decode=6 minimum_link_headroom_mb_s=119.830963 peak_memory_gb=29.59428
  trial scenario=mild_alternating partition_id=compute_balanced partition=12-9-12-9-11-8-11-8 lambda=0.0095 safe=False first_violation=network event_count=166 peak_prefill=1 peak_decode=6 minimum_link_headroom_mb_s=-134.718641 peak_memory_gb=29.58852
  trial scenario=mild_alternating partition_id=compute_balanced partition=12-9-12-9-11-8-11-8 lambda=0.01 safe=False first_violation=network event_count=116 peak_prefill=1 peak_decode=6 minimum_link_headroom_mb_s=-104.795979 peak_memory_gb=28.4862
  trial scenario=mild_alternating partition_id=compute_balanced partition=12-9-12-9-11-8-11-8 lambda=0.0105 safe=False first_violation=network event_count=116 peak_prefill=1 peak_decode=6 minimum_link_headroom_mb_s=-104.795979 peak_memory_gb=28.47468
  trial scenario=mild_alternating partition_id=compute_balanced partition=12-9-12-9-11-8-11-8 lambda=0.011 safe=False first_violation=network event_count=104 peak_prefill=1 peak_decode=6 minimum_link_headroom_mb_s=-112.032912 peak_memory_gb=28.58412
  trial scenario=mild_alternating partition_id=compute_balanced partition=12-9-12-9-11-8-11-8 lambda=0.0115 safe=False first_violation=network event_count=102 peak_prefill=1 peak_decode=6 minimum_link_headroom_mb_s=-111.79799 peak_memory_gb=28.58412
  trial scenario=mild_alternating partition_id=compute_balanced partition=12-9-12-9-11-8-11-8 lambda=0.012 safe=False first_violation=network event_count=101 peak_prefill=1 peak_decode=6 minimum_link_headroom_mb_s=-111.677362 peak_memory_gb=28.58412
  trial scenario=mild_alternating partition_id=compute_balanced partition=12-9-12-9-11-8-11-8 lambda=0.0125 safe=False first_violation=network event_count=74 peak_prefill=1 peak_decode=6 minimum_link_headroom_mb_s=-107.115817 peak_memory_gb=28.57836
  trial scenario=mild_alternating partition_id=compute_balanced partition=12-9-12-9-11-8-11-8 lambda=0.013 safe=False first_violation=network event_count=74 peak_prefill=1 peak_decode=6 minimum_link_headroom_mb_s=-107.115817 peak_memory_gb=28.57836
  trial scenario=mild_alternating partition_id=compute_balanced partition=12-9-12-9-11-8-11-8 lambda=0.0135 safe=False first_violation=network event_count=73 peak_prefill=1 peak_decode=6 minimum_link_headroom_mb_s=-106.992345 peak_memory_gb=28.57836
  trial scenario=mild_alternating partition_id=compute_balanced partition=12-9-12-9-11-8-11-8 lambda=0.014 safe=False first_violation=network event_count=73 peak_prefill=1 peak_decode=6 minimum_link_headroom_mb_s=-106.992345 peak_memory_gb=28.57836
  trial scenario=mild_alternating partition_id=compute_balanced partition=12-9-12-9-11-8-11-8 lambda=0.0145 safe=False first_violation=network event_count=71 peak_prefill=1 peak_decode=6 minimum_link_headroom_mb_s=-106.760412 peak_memory_gb=28.68204
  trial scenario=mild_alternating partition_id=compute_balanced partition=12-9-12-9-11-8-11-8 lambda=0.015 safe=False first_violation=network event_count=68 peak_prefill=1 peak_decode=6 minimum_link_headroom_mb_s=-106.429294 peak_memory_gb=28.67628
  trial scenario=mild_alternating partition_id=compute_balanced partition=12-9-12-9-11-8-11-8 lambda=0.0155 safe=False first_violation=network event_count=68 peak_prefill=1 peak_decode=6 minimum_link_headroom_mb_s=-106.429294 peak_memory_gb=28.67628
  trial scenario=mild_alternating partition_id=compute_balanced partition=12-9-12-9-11-8-11-8 lambda=0.016 safe=False first_violation=network event_count=68 peak_prefill=1 peak_decode=6 minimum_link_headroom_mb_s=-106.429294 peak_memory_gb=28.67628
  trial scenario=mild_alternating partition_id=compute_balanced partition=12-9-12-9-11-8-11-8 lambda=0.0165 safe=False first_violation=network event_count=60 peak_prefill=1 peak_decode=6 minimum_link_headroom_mb_s=-107.014876 peak_memory_gb=28.67628
  trial scenario=mild_alternating partition_id=compute_balanced partition=12-9-12-9-11-8-11-8 lambda=0.017 safe=False first_violation=network event_count=60 peak_prefill=1 peak_decode=6 minimum_link_headroom_mb_s=-107.014876 peak_memory_gb=28.67628
  trial scenario=mild_alternating partition_id=compute_balanced partition=12-9-12-9-11-8-11-8 lambda=0.0175 safe=False first_violation=network event_count=59 peak_prefill=1 peak_decode=6 minimum_link_headroom_mb_s=-106.895125 peak_memory_gb=28.67628
  trial scenario=mild_alternating partition_id=compute_balanced partition=12-9-12-9-11-8-11-8 lambda=0.018 safe=False first_violation=network event_count=26 peak_prefill=1 peak_decode=6 minimum_link_headroom_mb_s=-115.647505 peak_memory_gb=28.67052
  trial scenario=mild_alternating partition_id=compute_balanced partition=12-9-12-9-11-8-11-8 lambda=0.0185 safe=False first_violation=network event_count=26 peak_prefill=1 peak_decode=6 minimum_link_headroom_mb_s=-115.647505 peak_memory_gb=28.67052
  trial scenario=mild_alternating partition_id=compute_balanced partition=12-9-12-9-11-8-11-8 lambda=0.019 safe=False first_violation=network event_count=26 peak_prefill=1 peak_decode=6 minimum_link_headroom_mb_s=-115.647505 peak_memory_gb=28.66476
  trial scenario=mild_alternating partition_id=compute_balanced partition=12-9-12-9-11-8-11-8 lambda=0.0195 safe=False first_violation=network event_count=26 peak_prefill=1 peak_decode=6 minimum_link_headroom_mb_s=-115.647505 peak_memory_gb=28.659
  trial scenario=mild_alternating partition_id=compute_balanced partition=12-9-12-9-11-8-11-8 lambda=0.02 safe=False first_violation=network event_count=25 peak_prefill=1 peak_decode=6 minimum_link_headroom_mb_s=-115.537242 peak_memory_gb=28.659
  trial scenario=mild_alternating partition_id=compute_balanced partition=12-9-12-9-11-8-11-8 lambda=0.0205 safe=False first_violation=network event_count=25 peak_prefill=1 peak_decode=6 minimum_link_headroom_mb_s=-115.537242 peak_memory_gb=28.659
  trial scenario=mild_alternating partition_id=compute_balanced partition=12-9-12-9-11-8-11-8 lambda=0.021 safe=False first_violation=network event_count=25 peak_prefill=1 peak_decode=6 minimum_link_headroom_mb_s=-115.537242 peak_memory_gb=28.659
  trial scenario=mild_alternating partition_id=compute_balanced partition=12-9-12-9-11-8-11-8 lambda=0.0215 safe=False first_violation=network event_count=24 peak_prefill=1 peak_decode=6 minimum_link_headroom_mb_s=-115.421618 peak_memory_gb=28.659
  trial scenario=mild_alternating partition_id=compute_balanced partition=12-9-12-9-11-8-11-8 lambda=0.022 safe=False first_violation=network event_count=24 peak_prefill=1 peak_decode=6 minimum_link_headroom_mb_s=-115.421618 peak_memory_gb=28.659
  compute_balanced   partition=[12, 9, 12, 9, 11, 8, 11, 8] safe=0.009 unsafe=0.0095 violation=network monotonic=True
  trial scenario=mild_alternating partition_id=random_00 partition=8-12-8-9-10-9-13-11 lambda=0.006 safe=True first_violation=None event_count=204 peak_prefill=1 peak_decode=5 minimum_link_headroom_mb_s=326.65284 peak_memory_gb=30.74186
  trial scenario=mild_alternating partition_id=random_00 partition=8-12-8-9-10-9-13-11 lambda=0.0065 safe=True first_violation=None event_count=204 peak_prefill=1 peak_decode=5 minimum_link_headroom_mb_s=326.769307 peak_memory_gb=30.73562
  trial scenario=mild_alternating partition_id=random_00 partition=8-12-8-9-10-9-13-11 lambda=0.007 safe=True first_violation=None event_count=204 peak_prefill=1 peak_decode=5 minimum_link_headroom_mb_s=326.91604 peak_memory_gb=31.11119
  trial scenario=mild_alternating partition_id=random_00 partition=8-12-8-9-10-9-13-11 lambda=0.0075 safe=True first_violation=None event_count=204 peak_prefill=1 peak_decode=6 minimum_link_headroom_mb_s=78.20326 peak_memory_gb=31.56671
  trial scenario=mild_alternating partition_id=random_00 partition=8-12-8-9-10-9-13-11 lambda=0.008 safe=True first_violation=None event_count=204 peak_prefill=1 peak_decode=6 minimum_link_headroom_mb_s=78.456585 peak_memory_gb=31.55423
  trial scenario=mild_alternating partition_id=random_00 partition=8-12-8-9-10-9-13-11 lambda=0.0085 safe=True first_violation=None event_count=204 peak_prefill=1 peak_decode=6 minimum_link_headroom_mb_s=78.709495 peak_memory_gb=31.54175
  trial scenario=mild_alternating partition_id=random_00 partition=8-12-8-9-10-9-13-11 lambda=0.009 safe=False first_violation=network event_count=167 peak_prefill=1 peak_decode=6 minimum_link_headroom_mb_s=-187.782997 peak_memory_gb=31.56047
  trial scenario=mild_alternating partition_id=random_00 partition=8-12-8-9-10-9-13-11 lambda=0.0095 safe=False first_violation=network event_count=166 peak_prefill=1 peak_decode=6 minimum_link_headroom_mb_s=-187.65508 peak_memory_gb=31.55423
  trial scenario=mild_alternating partition_id=random_00 partition=8-12-8-9-10-9-13-11 lambda=0.01 safe=False first_violation=network event_count=116 peak_prefill=1 peak_decode=6 minimum_link_headroom_mb_s=-154.565287 peak_memory_gb=30.36005
  trial scenario=mild_alternating partition_id=random_00 partition=8-12-8-9-10-9-13-11 lambda=0.0105 safe=False first_violation=network event_count=105 peak_prefill=1 peak_decode=6 minimum_link_headroom_mb_s=-162.734389 peak_memory_gb=30.34757
  trial scenario=mild_alternating partition_id=random_00 partition=8-12-8-9-10-9-13-11 lambda=0.011 safe=False first_violation=network event_count=103 peak_prefill=1 peak_decode=6 minimum_link_headroom_mb_s=-162.475113 peak_memory_gb=30.46613
  trial scenario=mild_alternating partition_id=random_00 partition=8-12-8-9-10-9-13-11 lambda=0.0115 safe=False first_violation=network event_count=101 peak_prefill=1 peak_decode=6 minimum_link_headroom_mb_s=-162.219176 peak_memory_gb=30.46613
  trial scenario=mild_alternating partition_id=random_00 partition=8-12-8-9-10-9-13-11 lambda=0.012 safe=False first_violation=network event_count=74 peak_prefill=1 peak_decode=6 minimum_link_headroom_mb_s=-157.186327 peak_memory_gb=30.45989
  trial scenario=mild_alternating partition_id=random_00 partition=8-12-8-9-10-9-13-11 lambda=0.0125 safe=False first_violation=network event_count=74 peak_prefill=1 peak_decode=6 minimum_link_headroom_mb_s=-157.186327 peak_memory_gb=30.45989
  trial scenario=mild_alternating partition_id=random_00 partition=8-12-8-9-10-9-13-11 lambda=0.013 safe=False first_violation=network event_count=73 peak_prefill=1 peak_decode=6 minimum_link_headroom_mb_s=-157.04928 peak_memory_gb=30.45989
  trial scenario=mild_alternating partition_id=random_00 partition=8-12-8-9-10-9-13-11 lambda=0.0135 safe=False first_violation=network event_count=73 peak_prefill=1 peak_decode=6 minimum_link_headroom_mb_s=-157.04928 peak_memory_gb=30.45989
  trial scenario=mild_alternating partition_id=random_00 partition=8-12-8-9-10-9-13-11 lambda=0.014 safe=False first_violation=network event_count=71 peak_prefill=1 peak_decode=6 minimum_link_headroom_mb_s=-156.792904 peak_memory_gb=30.57221
  trial scenario=mild_alternating partition_id=random_00 partition=8-12-8-9-10-9-13-11 lambda=0.0145 safe=False first_violation=network event_count=68 peak_prefill=1 peak_decode=6 minimum_link_headroom_mb_s=-156.428077 peak_memory_gb=30.56597
  trial scenario=mild_alternating partition_id=random_00 partition=8-12-8-9-10-9-13-11 lambda=0.015 safe=False first_violation=network event_count=68 peak_prefill=1 peak_decode=6 minimum_link_headroom_mb_s=-156.428077 peak_memory_gb=30.56597
  trial scenario=mild_alternating partition_id=random_00 partition=8-12-8-9-10-9-13-11 lambda=0.0155 safe=False first_violation=network event_count=68 peak_prefill=1 peak_decode=6 minimum_link_headroom_mb_s=-156.428077 peak_memory_gb=30.56597
  trial scenario=mild_alternating partition_id=random_00 partition=8-12-8-9-10-9-13-11 lambda=0.016 safe=False first_violation=network event_count=60 peak_prefill=1 peak_decode=6 minimum_link_headroom_mb_s=-157.027212 peak_memory_gb=30.56597
  trial scenario=mild_alternating partition_id=random_00 partition=8-12-8-9-10-9-13-11 lambda=0.0165 safe=False first_violation=network event_count=60 peak_prefill=1 peak_decode=6 minimum_link_headroom_mb_s=-157.027212 peak_memory_gb=30.56597
  trial scenario=mild_alternating partition_id=random_00 partition=8-12-8-9-10-9-13-11 lambda=0.017 safe=False first_violation=network event_count=59 peak_prefill=1 peak_decode=6 minimum_link_headroom_mb_s=-156.894569 peak_memory_gb=30.56597
  trial scenario=mild_alternating partition_id=random_00 partition=8-12-8-9-10-9-13-11 lambda=0.0175 safe=False first_violation=network event_count=26 peak_prefill=1 peak_decode=6 minimum_link_headroom_mb_s=-166.56674 peak_memory_gb=30.55973
  trial scenario=mild_alternating partition_id=random_00 partition=8-12-8-9-10-9-13-11 lambda=0.018 safe=False first_violation=network event_count=26 peak_prefill=1 peak_decode=6 minimum_link_headroom_mb_s=-166.56674 peak_memory_gb=30.55973
  trial scenario=mild_alternating partition_id=random_00 partition=8-12-8-9-10-9-13-11 lambda=0.0185 safe=False first_violation=network event_count=26 peak_prefill=1 peak_decode=6 minimum_link_headroom_mb_s=-166.56674 peak_memory_gb=30.55349
  trial scenario=mild_alternating partition_id=random_00 partition=8-12-8-9-10-9-13-11 lambda=0.019 safe=False first_violation=network event_count=26 peak_prefill=1 peak_decode=6 minimum_link_headroom_mb_s=-166.56674 peak_memory_gb=30.54725
  trial scenario=mild_alternating partition_id=random_00 partition=8-12-8-9-10-9-13-11 lambda=0.0195 safe=False first_violation=network event_count=25 peak_prefill=1 peak_decode=6 minimum_link_headroom_mb_s=-166.44526 peak_memory_gb=30.54725
  trial scenario=mild_alternating partition_id=random_00 partition=8-12-8-9-10-9-13-11 lambda=0.02 safe=False first_violation=network event_count=25 peak_prefill=1 peak_decode=6 minimum_link_headroom_mb_s=-166.44526 peak_memory_gb=30.54725
  trial scenario=mild_alternating partition_id=random_00 partition=8-12-8-9-10-9-13-11 lambda=0.0205 safe=False first_violation=network event_count=25 peak_prefill=1 peak_decode=6 minimum_link_headroom_mb_s=-166.44526 peak_memory_gb=30.54725
  trial scenario=mild_alternating partition_id=random_00 partition=8-12-8-9-10-9-13-11 lambda=0.021 safe=False first_violation=network event_count=24 peak_prefill=1 peak_decode=6 minimum_link_headroom_mb_s=-166.317483 peak_memory_gb=30.54725
  trial scenario=mild_alternating partition_id=random_00 partition=8-12-8-9-10-9-13-11 lambda=0.0215 safe=False first_violation=network event_count=24 peak_prefill=1 peak_decode=6 minimum_link_headroom_mb_s=-166.317483 peak_memory_gb=30.54725
  trial scenario=mild_alternating partition_id=random_00 partition=8-12-8-9-10-9-13-11 lambda=0.022 safe=False first_violation=network event_count=23 peak_prefill=1 peak_decode=6 minimum_link_headroom_mb_s=-166.189427 peak_memory_gb=30.54101
  random_00          partition=[8, 12, 8, 9, 10, 9, 13, 11] safe=0.0085 unsafe=0.009 violation=network monotonic=True
  trial scenario=mild_alternating partition_id=random_01 partition=9-14-9-8-9-10-12-9 lambda=0.006 safe=True first_violation=None event_count=204 peak_prefill=1 peak_decode=5 minimum_link_headroom_mb_s=326.65284 peak_memory_gb=32.64508
  trial scenario=mild_alternating partition_id=random_01 partition=9-14-9-8-9-10-12-9 lambda=0.0065 safe=True first_violation=None event_count=204 peak_prefill=1 peak_decode=5 minimum_link_headroom_mb_s=326.769307 peak_memory_gb=32.63836
  trial scenario=mild_alternating partition_id=random_01 partition=9-14-9-8-9-10-12-9 lambda=0.007 safe=True first_violation=None event_count=204 peak_prefill=1 peak_decode=5 minimum_link_headroom_mb_s=326.91604 peak_memory_gb=33.04282
  trial scenario=mild_alternating partition_id=random_01 partition=9-14-9-8-9-10-12-9 lambda=0.0075 safe=True first_violation=None event_count=204 peak_prefill=1 peak_decode=6 minimum_link_headroom_mb_s=78.20326 peak_memory_gb=33.53338
  trial scenario=mild_alternating partition_id=random_01 partition=9-14-9-8-9-10-12-9 lambda=0.008 safe=True first_violation=None event_count=204 peak_prefill=1 peak_decode=6 minimum_link_headroom_mb_s=78.456585 peak_memory_gb=33.51994
  trial scenario=mild_alternating partition_id=random_01 partition=9-14-9-8-9-10-12-9 lambda=0.0085 safe=True first_violation=None event_count=204 peak_prefill=1 peak_decode=6 minimum_link_headroom_mb_s=78.709495 peak_memory_gb=33.5065
  trial scenario=mild_alternating partition_id=random_01 partition=9-14-9-8-9-10-12-9 lambda=0.009 safe=False first_violation=network event_count=167 peak_prefill=1 peak_decode=6 minimum_link_headroom_mb_s=-187.782997 peak_memory_gb=33.52666
  trial scenario=mild_alternating partition_id=random_01 partition=9-14-9-8-9-10-12-9 lambda=0.0095 safe=False first_violation=network event_count=166 peak_prefill=1 peak_decode=6 minimum_link_headroom_mb_s=-187.65508 peak_memory_gb=33.51994
  trial scenario=mild_alternating partition_id=random_01 partition=9-14-9-8-9-10-12-9 lambda=0.01 safe=False first_violation=network event_count=116 peak_prefill=1 peak_decode=6 minimum_link_headroom_mb_s=-154.565287 peak_memory_gb=32.2339
  trial scenario=mild_alternating partition_id=random_01 partition=9-14-9-8-9-10-12-9 lambda=0.0105 safe=False first_violation=network event_count=105 peak_prefill=1 peak_decode=6 minimum_link_headroom_mb_s=-162.734389 peak_memory_gb=32.22046
  trial scenario=mild_alternating partition_id=random_01 partition=9-14-9-8-9-10-12-9 lambda=0.011 safe=False first_violation=network event_count=103 peak_prefill=1 peak_decode=6 minimum_link_headroom_mb_s=-162.475113 peak_memory_gb=32.34814
  trial scenario=mild_alternating partition_id=random_01 partition=9-14-9-8-9-10-12-9 lambda=0.0115 safe=False first_violation=network event_count=101 peak_prefill=1 peak_decode=6 minimum_link_headroom_mb_s=-162.219176 peak_memory_gb=32.34814
  trial scenario=mild_alternating partition_id=random_01 partition=9-14-9-8-9-10-12-9 lambda=0.012 safe=False first_violation=network event_count=74 peak_prefill=1 peak_decode=6 minimum_link_headroom_mb_s=-157.186327 peak_memory_gb=32.34142
  trial scenario=mild_alternating partition_id=random_01 partition=9-14-9-8-9-10-12-9 lambda=0.0125 safe=False first_violation=network event_count=74 peak_prefill=1 peak_decode=6 minimum_link_headroom_mb_s=-157.186327 peak_memory_gb=32.34142
  trial scenario=mild_alternating partition_id=random_01 partition=9-14-9-8-9-10-12-9 lambda=0.013 safe=False first_violation=network event_count=73 peak_prefill=1 peak_decode=6 minimum_link_headroom_mb_s=-157.04928 peak_memory_gb=32.34142
  trial scenario=mild_alternating partition_id=random_01 partition=9-14-9-8-9-10-12-9 lambda=0.0135 safe=False first_violation=network event_count=73 peak_prefill=1 peak_decode=6 minimum_link_headroom_mb_s=-157.04928 peak_memory_gb=32.34142
  trial scenario=mild_alternating partition_id=random_01 partition=9-14-9-8-9-10-12-9 lambda=0.014 safe=False first_violation=network event_count=71 peak_prefill=1 peak_decode=6 minimum_link_headroom_mb_s=-156.792904 peak_memory_gb=32.46238
  trial scenario=mild_alternating partition_id=random_01 partition=9-14-9-8-9-10-12-9 lambda=0.0145 safe=False first_violation=network event_count=68 peak_prefill=1 peak_decode=6 minimum_link_headroom_mb_s=-156.428077 peak_memory_gb=32.45566
  trial scenario=mild_alternating partition_id=random_01 partition=9-14-9-8-9-10-12-9 lambda=0.015 safe=False first_violation=network event_count=68 peak_prefill=1 peak_decode=6 minimum_link_headroom_mb_s=-156.428077 peak_memory_gb=32.45566
  trial scenario=mild_alternating partition_id=random_01 partition=9-14-9-8-9-10-12-9 lambda=0.0155 safe=False first_violation=network event_count=68 peak_prefill=1 peak_decode=6 minimum_link_headroom_mb_s=-156.428077 peak_memory_gb=32.45566
  trial scenario=mild_alternating partition_id=random_01 partition=9-14-9-8-9-10-12-9 lambda=0.016 safe=False first_violation=network event_count=60 peak_prefill=1 peak_decode=6 minimum_link_headroom_mb_s=-157.027212 peak_memory_gb=32.45566
  trial scenario=mild_alternating partition_id=random_01 partition=9-14-9-8-9-10-12-9 lambda=0.0165 safe=False first_violation=network event_count=60 peak_prefill=1 peak_decode=6 minimum_link_headroom_mb_s=-157.027212 peak_memory_gb=32.45566
  trial scenario=mild_alternating partition_id=random_01 partition=9-14-9-8-9-10-12-9 lambda=0.017 safe=False first_violation=network event_count=59 peak_prefill=1 peak_decode=6 minimum_link_headroom_mb_s=-156.894569 peak_memory_gb=32.45566
  trial scenario=mild_alternating partition_id=random_01 partition=9-14-9-8-9-10-12-9 lambda=0.0175 safe=False first_violation=network event_count=26 peak_prefill=1 peak_decode=6 minimum_link_headroom_mb_s=-166.56674 peak_memory_gb=32.44894
  trial scenario=mild_alternating partition_id=random_01 partition=9-14-9-8-9-10-12-9 lambda=0.018 safe=False first_violation=network event_count=26 peak_prefill=1 peak_decode=6 minimum_link_headroom_mb_s=-166.56674 peak_memory_gb=32.44894
  trial scenario=mild_alternating partition_id=random_01 partition=9-14-9-8-9-10-12-9 lambda=0.0185 safe=False first_violation=network event_count=26 peak_prefill=1 peak_decode=6 minimum_link_headroom_mb_s=-166.56674 peak_memory_gb=32.44222
  trial scenario=mild_alternating partition_id=random_01 partition=9-14-9-8-9-10-12-9 lambda=0.019 safe=False first_violation=network event_count=26 peak_prefill=1 peak_decode=6 minimum_link_headroom_mb_s=-166.56674 peak_memory_gb=32.4355
  trial scenario=mild_alternating partition_id=random_01 partition=9-14-9-8-9-10-12-9 lambda=0.0195 safe=False first_violation=network event_count=25 peak_prefill=1 peak_decode=6 minimum_link_headroom_mb_s=-166.44526 peak_memory_gb=32.4355
  trial scenario=mild_alternating partition_id=random_01 partition=9-14-9-8-9-10-12-9 lambda=0.02 safe=False first_violation=network event_count=25 peak_prefill=1 peak_decode=6 minimum_link_headroom_mb_s=-166.44526 peak_memory_gb=32.4355
  trial scenario=mild_alternating partition_id=random_01 partition=9-14-9-8-9-10-12-9 lambda=0.0205 safe=False first_violation=network event_count=25 peak_prefill=1 peak_decode=6 minimum_link_headroom_mb_s=-166.44526 peak_memory_gb=32.4355
  trial scenario=mild_alternating partition_id=random_01 partition=9-14-9-8-9-10-12-9 lambda=0.021 safe=False first_violation=network event_count=24 peak_prefill=1 peak_decode=6 minimum_link_headroom_mb_s=-166.317483 peak_memory_gb=32.4355
  trial scenario=mild_alternating partition_id=random_01 partition=9-14-9-8-9-10-12-9 lambda=0.0215 safe=False first_violation=network event_count=24 peak_prefill=1 peak_decode=6 minimum_link_headroom_mb_s=-166.317483 peak_memory_gb=32.4355
  trial scenario=mild_alternating partition_id=random_01 partition=9-14-9-8-9-10-12-9 lambda=0.022 safe=False first_violation=network event_count=23 peak_prefill=1 peak_decode=6 minimum_link_headroom_mb_s=-166.189427 peak_memory_gb=32.42878
  random_01          partition=[9, 14, 9, 8, 9, 10, 12, 9] safe=0.0085 unsafe=0.009 violation=network monotonic=True
  trial scenario=mild_alternating partition_id=random_02 partition=10-8-13-7-14-13-9-6 lambda=0.006 safe=True first_violation=None event_count=204 peak_prefill=1 peak_decode=4 minimum_link_headroom_mb_s=584.631518 peak_memory_gb=32.2822
  trial scenario=mild_alternating partition_id=random_02 partition=10-8-13-7-14-13-9-6 lambda=0.0065 safe=True first_violation=None event_count=204 peak_prefill=1 peak_decode=5 minimum_link_headroom_mb_s=358.41104 peak_memory_gb=32.64508
  trial scenario=mild_alternating partition_id=random_02 partition=10-8-13-7-14-13-9-6 lambda=0.007 safe=True first_violation=None event_count=204 peak_prefill=1 peak_decode=5 minimum_link_headroom_mb_s=358.516848 peak_memory_gb=32.63836
  trial scenario=mild_alternating partition_id=random_02 partition=10-8-13-7-14-13-9-6 lambda=0.0075 safe=True first_violation=None event_count=204 peak_prefill=1 peak_decode=6 minimum_link_headroom_mb_s=119.685981 peak_memory_gb=33.53338
  trial scenario=mild_alternating partition_id=random_02 partition=10-8-13-7-14-13-9-6 lambda=0.008 safe=True first_violation=None event_count=204 peak_prefill=1 peak_decode=6 minimum_link_headroom_mb_s=119.797075 peak_memory_gb=33.52666
  trial scenario=mild_alternating partition_id=random_02 partition=10-8-13-7-14-13-9-6 lambda=0.0085 safe=True first_violation=None event_count=204 peak_prefill=1 peak_decode=6 minimum_link_headroom_mb_s=120.032956 peak_memory_gb=33.51322
  trial scenario=mild_alternating partition_id=random_02 partition=10-8-13-7-14-13-9-6 lambda=0.009 safe=True first_violation=None event_count=204 peak_prefill=1 peak_decode=6 minimum_link_headroom_mb_s=119.830963 peak_memory_gb=33.52666
  trial scenario=mild_alternating partition_id=random_02 partition=10-8-13-7-14-13-9-6 lambda=0.0095 safe=False first_violation=network event_count=166 peak_prefill=1 peak_decode=6 minimum_link_headroom_mb_s=-134.718641 peak_memory_gb=33.51994
  trial scenario=mild_alternating partition_id=random_02 partition=10-8-13-7-14-13-9-6 lambda=0.01 safe=False first_violation=network event_count=116 peak_prefill=1 peak_decode=6 minimum_link_headroom_mb_s=-104.795979 peak_memory_gb=32.2339
  trial scenario=mild_alternating partition_id=random_02 partition=10-8-13-7-14-13-9-6 lambda=0.0105 safe=False first_violation=network event_count=116 peak_prefill=1 peak_decode=6 minimum_link_headroom_mb_s=-104.795979 peak_memory_gb=32.22046
  trial scenario=mild_alternating partition_id=random_02 partition=10-8-13-7-14-13-9-6 lambda=0.011 safe=False first_violation=network event_count=104 peak_prefill=1 peak_decode=6 minimum_link_headroom_mb_s=-112.032912 peak_memory_gb=32.34814
  trial scenario=mild_alternating partition_id=random_02 partition=10-8-13-7-14-13-9-6 lambda=0.0115 safe=False first_violation=network event_count=102 peak_prefill=1 peak_decode=6 minimum_link_headroom_mb_s=-111.79799 peak_memory_gb=32.34814
  trial scenario=mild_alternating partition_id=random_02 partition=10-8-13-7-14-13-9-6 lambda=0.012 safe=False first_violation=network event_count=101 peak_prefill=1 peak_decode=6 minimum_link_headroom_mb_s=-111.677362 peak_memory_gb=32.34814
  trial scenario=mild_alternating partition_id=random_02 partition=10-8-13-7-14-13-9-6 lambda=0.0125 safe=False first_violation=network event_count=74 peak_prefill=1 peak_decode=6 minimum_link_headroom_mb_s=-107.115817 peak_memory_gb=32.34142
  trial scenario=mild_alternating partition_id=random_02 partition=10-8-13-7-14-13-9-6 lambda=0.013 safe=False first_violation=network event_count=74 peak_prefill=1 peak_decode=6 minimum_link_headroom_mb_s=-107.115817 peak_memory_gb=32.34142
  trial scenario=mild_alternating partition_id=random_02 partition=10-8-13-7-14-13-9-6 lambda=0.0135 safe=False first_violation=network event_count=73 peak_prefill=1 peak_decode=6 minimum_link_headroom_mb_s=-106.992345 peak_memory_gb=32.34142
  trial scenario=mild_alternating partition_id=random_02 partition=10-8-13-7-14-13-9-6 lambda=0.014 safe=False first_violation=network event_count=73 peak_prefill=1 peak_decode=6 minimum_link_headroom_mb_s=-106.992345 peak_memory_gb=32.34142
  trial scenario=mild_alternating partition_id=random_02 partition=10-8-13-7-14-13-9-6 lambda=0.0145 safe=False first_violation=network event_count=71 peak_prefill=1 peak_decode=6 minimum_link_headroom_mb_s=-106.760412 peak_memory_gb=32.46238
  trial scenario=mild_alternating partition_id=random_02 partition=10-8-13-7-14-13-9-6 lambda=0.015 safe=False first_violation=network event_count=68 peak_prefill=1 peak_decode=6 minimum_link_headroom_mb_s=-106.429294 peak_memory_gb=32.45566
  trial scenario=mild_alternating partition_id=random_02 partition=10-8-13-7-14-13-9-6 lambda=0.0155 safe=False first_violation=network event_count=68 peak_prefill=1 peak_decode=6 minimum_link_headroom_mb_s=-106.429294 peak_memory_gb=32.45566
  trial scenario=mild_alternating partition_id=random_02 partition=10-8-13-7-14-13-9-6 lambda=0.016 safe=False first_violation=network event_count=68 peak_prefill=1 peak_decode=6 minimum_link_headroom_mb_s=-106.429294 peak_memory_gb=32.45566
  trial scenario=mild_alternating partition_id=random_02 partition=10-8-13-7-14-13-9-6 lambda=0.0165 safe=False first_violation=network event_count=60 peak_prefill=1 peak_decode=6 minimum_link_headroom_mb_s=-107.014876 peak_memory_gb=32.45566
  trial scenario=mild_alternating partition_id=random_02 partition=10-8-13-7-14-13-9-6 lambda=0.017 safe=False first_violation=network event_count=60 peak_prefill=1 peak_decode=6 minimum_link_headroom_mb_s=-107.014876 peak_memory_gb=32.45566
  trial scenario=mild_alternating partition_id=random_02 partition=10-8-13-7-14-13-9-6 lambda=0.0175 safe=False first_violation=network event_count=59 peak_prefill=1 peak_decode=6 minimum_link_headroom_mb_s=-106.895125 peak_memory_gb=32.45566
  trial scenario=mild_alternating partition_id=random_02 partition=10-8-13-7-14-13-9-6 lambda=0.018 safe=False first_violation=network event_count=26 peak_prefill=1 peak_decode=6 minimum_link_headroom_mb_s=-115.647505 peak_memory_gb=32.44894
  trial scenario=mild_alternating partition_id=random_02 partition=10-8-13-7-14-13-9-6 lambda=0.0185 safe=False first_violation=network event_count=26 peak_prefill=1 peak_decode=6 minimum_link_headroom_mb_s=-115.647505 peak_memory_gb=32.44894
  trial scenario=mild_alternating partition_id=random_02 partition=10-8-13-7-14-13-9-6 lambda=0.019 safe=False first_violation=network event_count=26 peak_prefill=1 peak_decode=6 minimum_link_headroom_mb_s=-115.647505 peak_memory_gb=32.44222
  trial scenario=mild_alternating partition_id=random_02 partition=10-8-13-7-14-13-9-6 lambda=0.0195 safe=False first_violation=network event_count=26 peak_prefill=1 peak_decode=6 minimum_link_headroom_mb_s=-115.647505 peak_memory_gb=32.4355
  trial scenario=mild_alternating partition_id=random_02 partition=10-8-13-7-14-13-9-6 lambda=0.02 safe=False first_violation=network event_count=25 peak_prefill=1 peak_decode=6 minimum_link_headroom_mb_s=-115.537242 peak_memory_gb=32.4355
  trial scenario=mild_alternating partition_id=random_02 partition=10-8-13-7-14-13-9-6 lambda=0.0205 safe=False first_violation=network event_count=25 peak_prefill=1 peak_decode=6 minimum_link_headroom_mb_s=-115.537242 peak_memory_gb=32.4355
  trial scenario=mild_alternating partition_id=random_02 partition=10-8-13-7-14-13-9-6 lambda=0.021 safe=False first_violation=network event_count=25 peak_prefill=1 peak_decode=6 minimum_link_headroom_mb_s=-115.537242 peak_memory_gb=32.4355
  trial scenario=mild_alternating partition_id=random_02 partition=10-8-13-7-14-13-9-6 lambda=0.0215 safe=False first_violation=network event_count=24 peak_prefill=1 peak_decode=6 minimum_link_headroom_mb_s=-115.421618 peak_memory_gb=32.4355
  trial scenario=mild_alternating partition_id=random_02 partition=10-8-13-7-14-13-9-6 lambda=0.022 safe=False first_violation=network event_count=24 peak_prefill=1 peak_decode=6 minimum_link_headroom_mb_s=-115.421618 peak_memory_gb=32.4355
  random_02          partition=[10, 8, 13, 7, 14, 13, 9, 6] safe=0.009 unsafe=0.0095 violation=network monotonic=True
  trial scenario=mild_alternating partition_id=random_03 partition=12-12-11-7-8-10-11-9 lambda=0.006 safe=True first_violation=None event_count=204 peak_prefill=1 peak_decode=4 minimum_link_headroom_mb_s=571.515797 peak_memory_gb=28.5276
  trial scenario=mild_alternating partition_id=random_03 partition=12-12-11-7-8-10-11-9 lambda=0.0065 safe=True first_violation=None event_count=204 peak_prefill=1 peak_decode=5 minimum_link_headroom_mb_s=340.539023 peak_memory_gb=28.83864
  trial scenario=mild_alternating partition_id=random_03 partition=12-12-11-7-8-10-11-9 lambda=0.007 safe=True first_violation=None event_count=204 peak_prefill=1 peak_decode=5 minimum_link_headroom_mb_s=340.779974 peak_memory_gb=29.17956
  trial scenario=mild_alternating partition_id=random_03 partition=12-12-11-7-8-10-11-9 lambda=0.0075 safe=True first_violation=None event_count=204 peak_prefill=1 peak_decode=6 minimum_link_headroom_mb_s=96.351584 peak_memory_gb=29.60004
  trial scenario=mild_alternating partition_id=random_03 partition=12-12-11-7-8-10-11-9 lambda=0.008 safe=True first_violation=None event_count=204 peak_prefill=1 peak_decode=6 minimum_link_headroom_mb_s=96.594193 peak_memory_gb=29.58852
  trial scenario=mild_alternating partition_id=random_03 partition=12-12-11-7-8-10-11-9 lambda=0.0085 safe=True first_violation=None event_count=204 peak_prefill=1 peak_decode=6 minimum_link_headroom_mb_s=96.719056 peak_memory_gb=29.58276
  trial scenario=mild_alternating partition_id=random_03 partition=12-12-11-7-8-10-11-9 lambda=0.009 safe=True first_violation=None event_count=204 peak_prefill=1 peak_decode=6 minimum_link_headroom_mb_s=96.506235 peak_memory_gb=29.59428
  trial scenario=mild_alternating partition_id=random_03 partition=12-12-11-7-8-10-11-9 lambda=0.0095 safe=False first_violation=network event_count=166 peak_prefill=1 peak_decode=6 minimum_link_headroom_mb_s=-164.477106 peak_memory_gb=29.58852
  trial scenario=mild_alternating partition_id=random_03 partition=12-12-11-7-8-10-11-9 lambda=0.01 safe=False first_violation=network event_count=116 peak_prefill=1 peak_decode=6 minimum_link_headroom_mb_s=-132.791735 peak_memory_gb=28.4862
  trial scenario=mild_alternating partition_id=random_03 partition=12-12-11-7-8-10-11-9 lambda=0.0105 safe=False first_violation=network event_count=115 peak_prefill=1 peak_decode=6 minimum_link_headroom_mb_s=-132.674252 peak_memory_gb=28.47468
  trial scenario=mild_alternating partition_id=random_03 partition=12-12-11-7-8-10-11-9 lambda=0.011 safe=False first_violation=network event_count=103 peak_prefill=1 peak_decode=6 minimum_link_headroom_mb_s=-140.348178 peak_memory_gb=28.58412
  trial scenario=mild_alternating partition_id=random_03 partition=12-12-11-7-8-10-11-9 lambda=0.0115 safe=False first_violation=network event_count=101 peak_prefill=1 peak_decode=6 minimum_link_headroom_mb_s=-140.103051 peak_memory_gb=28.58412
  trial scenario=mild_alternating partition_id=random_03 partition=12-12-11-7-8-10-11-9 lambda=0.012 safe=False first_violation=network event_count=101 peak_prefill=1 peak_decode=6 minimum_link_headroom_mb_s=-140.103051 peak_memory_gb=28.57836
  trial scenario=mild_alternating partition_id=random_03 partition=12-12-11-7-8-10-11-9 lambda=0.0125 safe=False first_violation=network event_count=74 peak_prefill=1 peak_decode=6 minimum_link_headroom_mb_s=-135.279108 peak_memory_gb=28.57836
  trial scenario=mild_alternating partition_id=random_03 partition=12-12-11-7-8-10-11-9 lambda=0.013 safe=False first_violation=network event_count=73 peak_prefill=1 peak_decode=6 minimum_link_headroom_mb_s=-135.148091 peak_memory_gb=28.57836
  trial scenario=mild_alternating partition_id=random_03 partition=12-12-11-7-8-10-11-9 lambda=0.0135 safe=False first_violation=network event_count=73 peak_prefill=1 peak_decode=6 minimum_link_headroom_mb_s=-135.148091 peak_memory_gb=28.57836
  trial scenario=mild_alternating partition_id=random_03 partition=12-12-11-7-8-10-11-9 lambda=0.014 safe=False first_violation=network event_count=71 peak_prefill=1 peak_decode=6 minimum_link_headroom_mb_s=-134.902551 peak_memory_gb=28.57836
  trial scenario=mild_alternating partition_id=random_03 partition=12-12-11-7-8-10-11-9 lambda=0.0145 safe=False first_violation=network event_count=68 peak_prefill=1 peak_decode=6 minimum_link_headroom_mb_s=-134.552649 peak_memory_gb=28.68204
  trial scenario=mild_alternating partition_id=random_03 partition=12-12-11-7-8-10-11-9 lambda=0.015 safe=False first_violation=network event_count=68 peak_prefill=1 peak_decode=6 minimum_link_headroom_mb_s=-134.552649 peak_memory_gb=28.67628
  trial scenario=mild_alternating partition_id=random_03 partition=12-12-11-7-8-10-11-9 lambda=0.0155 safe=False first_violation=network event_count=68 peak_prefill=1 peak_decode=6 minimum_link_headroom_mb_s=-134.552649 peak_memory_gb=28.67628
  trial scenario=mild_alternating partition_id=random_03 partition=12-12-11-7-8-10-11-9 lambda=0.016 safe=False first_violation=network event_count=60 peak_prefill=1 peak_decode=6 minimum_link_headroom_mb_s=-135.14575 peak_memory_gb=28.67628
  trial scenario=mild_alternating partition_id=random_03 partition=12-12-11-7-8-10-11-9 lambda=0.0165 safe=False first_violation=network event_count=60 peak_prefill=1 peak_decode=6 minimum_link_headroom_mb_s=-135.14575 peak_memory_gb=28.67628
  trial scenario=mild_alternating partition_id=random_03 partition=12-12-11-7-8-10-11-9 lambda=0.017 safe=False first_violation=network event_count=60 peak_prefill=1 peak_decode=6 minimum_link_headroom_mb_s=-135.14575 peak_memory_gb=28.67628
  trial scenario=mild_alternating partition_id=random_03 partition=12-12-11-7-8-10-11-9 lambda=0.0175 safe=False first_violation=network event_count=59 peak_prefill=1 peak_decode=6 minimum_link_headroom_mb_s=-135.018828 peak_memory_gb=28.67628
  trial scenario=mild_alternating partition_id=random_03 partition=12-12-11-7-8-10-11-9 lambda=0.018 safe=False first_violation=network event_count=26 peak_prefill=1 peak_decode=6 minimum_link_headroom_mb_s=-144.28352 peak_memory_gb=28.67052
  trial scenario=mild_alternating partition_id=random_03 partition=12-12-11-7-8-10-11-9 lambda=0.0185 safe=False first_violation=network event_count=26 peak_prefill=1 peak_decode=6 minimum_link_headroom_mb_s=-144.28352 peak_memory_gb=28.66476
  trial scenario=mild_alternating partition_id=random_03 partition=12-12-11-7-8-10-11-9 lambda=0.019 safe=False first_violation=network event_count=26 peak_prefill=1 peak_decode=6 minimum_link_headroom_mb_s=-144.28352 peak_memory_gb=28.659
  trial scenario=mild_alternating partition_id=random_03 partition=12-12-11-7-8-10-11-9 lambda=0.0195 safe=False first_violation=network event_count=25 peak_prefill=1 peak_decode=6 minimum_link_headroom_mb_s=-144.167006 peak_memory_gb=28.659
  trial scenario=mild_alternating partition_id=random_03 partition=12-12-11-7-8-10-11-9 lambda=0.02 safe=False first_violation=network event_count=25 peak_prefill=1 peak_decode=6 minimum_link_headroom_mb_s=-144.167006 peak_memory_gb=28.659
  trial scenario=mild_alternating partition_id=random_03 partition=12-12-11-7-8-10-11-9 lambda=0.0205 safe=False first_violation=network event_count=25 peak_prefill=1 peak_decode=6 minimum_link_headroom_mb_s=-144.167006 peak_memory_gb=28.659
  trial scenario=mild_alternating partition_id=random_03 partition=12-12-11-7-8-10-11-9 lambda=0.021 safe=False first_violation=network event_count=25 peak_prefill=1 peak_decode=6 minimum_link_headroom_mb_s=-144.167006 peak_memory_gb=28.659
  trial scenario=mild_alternating partition_id=random_03 partition=12-12-11-7-8-10-11-9 lambda=0.0215 safe=False first_violation=network event_count=24 peak_prefill=1 peak_decode=6 minimum_link_headroom_mb_s=-144.044616 peak_memory_gb=28.659
  trial scenario=mild_alternating partition_id=random_03 partition=12-12-11-7-8-10-11-9 lambda=0.022 safe=False first_violation=network event_count=23 peak_prefill=1 peak_decode=6 minimum_link_headroom_mb_s=-143.921966 peak_memory_gb=28.659
  random_03          partition=[12, 12, 11, 7, 8, 10, 11, 9] safe=0.009 unsafe=0.0095 violation=network monotonic=True
  trial scenario=mild_alternating partition_id=random_04 partition=10-9-12-7-14-6-11-11 lambda=0.006 safe=True first_violation=None event_count=204 peak_prefill=1 peak_decode=4 minimum_link_headroom_mb_s=587.830731 peak_memory_gb=32.2822
  trial scenario=mild_alternating partition_id=random_04 partition=10-9-12-7-14-6-11-11 lambda=0.0065 safe=True first_violation=None event_count=204 peak_prefill=1 peak_decode=5 minimum_link_headroom_mb_s=362.768783 peak_memory_gb=32.64508
  trial scenario=mild_alternating partition_id=random_04 partition=10-9-12-7-14-6-11-11 lambda=0.007 safe=True first_violation=None event_count=204 peak_prefill=1 peak_decode=5 minimum_link_headroom_mb_s=362.873164 peak_memory_gb=32.63836
  trial scenario=mild_alternating partition_id=random_04 partition=10-9-12-7-14-6-11-11 lambda=0.0075 safe=True first_violation=None event_count=204 peak_prefill=1 peak_decode=6 minimum_link_headroom_mb_s=125.371672 peak_memory_gb=33.53338
  trial scenario=mild_alternating partition_id=random_04 partition=10-9-12-7-14-6-11-11 lambda=0.008 safe=True first_violation=None event_count=204 peak_prefill=1 peak_decode=6 minimum_link_headroom_mb_s=125.481234 peak_memory_gb=33.52666
  trial scenario=mild_alternating partition_id=random_04 partition=10-9-12-7-14-6-11-11 lambda=0.0085 safe=True first_violation=None event_count=204 peak_prefill=1 peak_decode=6 minimum_link_headroom_mb_s=125.713738 peak_memory_gb=33.51322
  trial scenario=mild_alternating partition_id=random_04 partition=10-9-12-7-14-6-11-11 lambda=0.009 safe=True first_violation=None event_count=204 peak_prefill=1 peak_decode=6 minimum_link_headroom_mb_s=125.514352 peak_memory_gb=33.52666
  trial scenario=mild_alternating partition_id=random_04 partition=10-9-12-7-14-6-11-11 lambda=0.0095 safe=False first_violation=network event_count=166 peak_prefill=1 peak_decode=6 minimum_link_headroom_mb_s=-127.474946 peak_memory_gb=33.51994
  trial scenario=mild_alternating partition_id=random_04 partition=10-9-12-7-14-6-11-11 lambda=0.01 safe=False first_violation=network event_count=116 peak_prefill=1 peak_decode=6 minimum_link_headroom_mb_s=-97.974464 peak_memory_gb=32.2339
  trial scenario=mild_alternating partition_id=random_04 partition=10-9-12-7-14-6-11-11 lambda=0.0105 safe=False first_violation=network event_count=116 peak_prefill=1 peak_decode=6 minimum_link_headroom_mb_s=-97.974464 peak_memory_gb=32.22046
  trial scenario=mild_alternating partition_id=random_04 partition=10-9-12-7-14-6-11-11 lambda=0.011 safe=False first_violation=network event_count=104 peak_prefill=1 peak_decode=6 minimum_link_headroom_mb_s=-105.103364 peak_memory_gb=32.34814
  trial scenario=mild_alternating partition_id=random_04 partition=10-9-12-7-14-6-11-11 lambda=0.0115 safe=False first_violation=network event_count=102 peak_prefill=1 peak_decode=6 minimum_link_headroom_mb_s=-104.871774 peak_memory_gb=32.34814
  trial scenario=mild_alternating partition_id=random_04 partition=10-9-12-7-14-6-11-11 lambda=0.012 safe=False first_violation=network event_count=101 peak_prefill=1 peak_decode=6 minimum_link_headroom_mb_s=-104.752883 peak_memory_gb=32.34814
  trial scenario=mild_alternating partition_id=random_04 partition=10-9-12-7-14-6-11-11 lambda=0.0125 safe=False first_violation=network event_count=74 peak_prefill=1 peak_decode=6 minimum_link_headroom_mb_s=-100.254217 peak_memory_gb=32.34142
  trial scenario=mild_alternating partition_id=random_04 partition=10-9-12-7-14-6-11-11 lambda=0.013 safe=False first_violation=network event_count=74 peak_prefill=1 peak_decode=6 minimum_link_headroom_mb_s=-100.254217 peak_memory_gb=32.34142
  trial scenario=mild_alternating partition_id=random_04 partition=10-9-12-7-14-6-11-11 lambda=0.0135 safe=False first_violation=network event_count=73 peak_prefill=1 peak_decode=6 minimum_link_headroom_mb_s=-100.132548 peak_memory_gb=32.34142
  trial scenario=mild_alternating partition_id=random_04 partition=10-9-12-7-14-6-11-11 lambda=0.014 safe=False first_violation=network event_count=72 peak_prefill=1 peak_decode=6 minimum_link_headroom_mb_s=-100.01427 peak_memory_gb=32.34142
  trial scenario=mild_alternating partition_id=random_04 partition=10-9-12-7-14-6-11-11 lambda=0.0145 safe=False first_violation=network event_count=70 peak_prefill=1 peak_decode=6 minimum_link_headroom_mb_s=-99.795113 peak_memory_gb=32.46238
  trial scenario=mild_alternating partition_id=random_04 partition=10-9-12-7-14-6-11-11 lambda=0.015 safe=False first_violation=network event_count=68 peak_prefill=1 peak_decode=6 minimum_link_headroom_mb_s=-99.577265 peak_memory_gb=32.45566
  trial scenario=mild_alternating partition_id=random_04 partition=10-9-12-7-14-6-11-11 lambda=0.0155 safe=False first_violation=network event_count=68 peak_prefill=1 peak_decode=6 minimum_link_headroom_mb_s=-99.577265 peak_memory_gb=32.45566
  trial scenario=mild_alternating partition_id=random_04 partition=10-9-12-7-14-6-11-11 lambda=0.016 safe=False first_violation=network event_count=68 peak_prefill=1 peak_decode=6 minimum_link_headroom_mb_s=-99.577265 peak_memory_gb=32.45566
  trial scenario=mild_alternating partition_id=random_04 partition=10-9-12-7-14-6-11-11 lambda=0.0165 safe=False first_violation=network event_count=60 peak_prefill=1 peak_decode=6 minimum_link_headroom_mb_s=-100.161053 peak_memory_gb=32.45566
  trial scenario=mild_alternating partition_id=random_04 partition=10-9-12-7-14-6-11-11 lambda=0.017 safe=False first_violation=network event_count=60 peak_prefill=1 peak_decode=6 minimum_link_headroom_mb_s=-100.161053 peak_memory_gb=32.45566
  trial scenario=mild_alternating partition_id=random_04 partition=10-9-12-7-14-6-11-11 lambda=0.0175 safe=False first_violation=network event_count=60 peak_prefill=1 peak_decode=6 minimum_link_headroom_mb_s=-100.161053 peak_memory_gb=32.45566
  trial scenario=mild_alternating partition_id=random_04 partition=10-9-12-7-14-6-11-11 lambda=0.018 safe=False first_violation=network event_count=59 peak_prefill=1 peak_decode=6 minimum_link_headroom_mb_s=-100.043018 peak_memory_gb=32.45566
  trial scenario=mild_alternating partition_id=random_04 partition=10-9-12-7-14-6-11-11 lambda=0.0185 safe=False first_violation=network event_count=26 peak_prefill=1 peak_decode=6 minimum_link_headroom_mb_s=-108.672549 peak_memory_gb=32.44894
  trial scenario=mild_alternating partition_id=random_04 partition=10-9-12-7-14-6-11-11 lambda=0.019 safe=False first_violation=network event_count=26 peak_prefill=1 peak_decode=6 minimum_link_headroom_mb_s=-108.672549 peak_memory_gb=32.44222
  trial scenario=mild_alternating partition_id=random_04 partition=10-9-12-7-14-6-11-11 lambda=0.0195 safe=False first_violation=network event_count=26 peak_prefill=1 peak_decode=6 minimum_link_headroom_mb_s=-108.672549 peak_memory_gb=32.4355
  trial scenario=mild_alternating partition_id=random_04 partition=10-9-12-7-14-6-11-11 lambda=0.02 safe=False first_violation=network event_count=25 peak_prefill=1 peak_decode=6 minimum_link_headroom_mb_s=-108.563787 peak_memory_gb=32.4355
  trial scenario=mild_alternating partition_id=random_04 partition=10-9-12-7-14-6-11-11 lambda=0.0205 safe=False first_violation=network event_count=25 peak_prefill=1 peak_decode=6 minimum_link_headroom_mb_s=-108.563787 peak_memory_gb=32.4355
  trial scenario=mild_alternating partition_id=random_04 partition=10-9-12-7-14-6-11-11 lambda=0.021 safe=False first_violation=network event_count=25 peak_prefill=1 peak_decode=6 minimum_link_headroom_mb_s=-108.563787 peak_memory_gb=32.4355
  trial scenario=mild_alternating partition_id=random_04 partition=10-9-12-7-14-6-11-11 lambda=0.0215 safe=False first_violation=network event_count=25 peak_prefill=1 peak_decode=6 minimum_link_headroom_mb_s=-108.563787 peak_memory_gb=32.4355
  trial scenario=mild_alternating partition_id=random_04 partition=10-9-12-7-14-6-11-11 lambda=0.022 safe=False first_violation=network event_count=24 peak_prefill=1 peak_decode=6 minimum_link_headroom_mb_s=-108.449783 peak_memory_gb=32.4355
  random_04          partition=[10, 9, 12, 7, 14, 6, 11, 11] safe=0.009 unsafe=0.0095 violation=network monotonic=True
  trial scenario=mild_alternating partition_id=random_05 partition=10-5-14-10-7-10-12-12 lambda=0.006 safe=True first_violation=None event_count=204 peak_prefill=1 peak_decode=4 minimum_link_headroom_mb_s=574.843506 peak_memory_gb=32.2822
  trial scenario=mild_alternating partition_id=random_05 partition=10-5-14-10-7-10-12-12 lambda=0.0065 safe=True first_violation=None event_count=204 peak_prefill=1 peak_decode=5 minimum_link_headroom_mb_s=345.074519 peak_memory_gb=32.64508
  trial scenario=mild_alternating partition_id=random_05 partition=10-5-14-10-7-10-12-12 lambda=0.007 safe=True first_violation=None event_count=204 peak_prefill=1 peak_decode=5 minimum_link_headroom_mb_s=345.301734 peak_memory_gb=33.04282
  trial scenario=mild_alternating partition_id=random_05 partition=10-5-14-10-7-10-12-12 lambda=0.0075 safe=True first_violation=None event_count=204 peak_prefill=1 peak_decode=6 minimum_link_headroom_mb_s=102.275769 peak_memory_gb=33.53338
  trial scenario=mild_alternating partition_id=random_05 partition=10-5-14-10-7-10-12-12 lambda=0.008 safe=True first_violation=None event_count=204 peak_prefill=1 peak_decode=6 minimum_link_headroom_mb_s=102.514928 peak_memory_gb=33.51994
  trial scenario=mild_alternating partition_id=random_05 partition=10-5-14-10-7-10-12-12 lambda=0.0085 safe=True first_violation=None event_count=204 peak_prefill=1 peak_decode=6 minimum_link_headroom_mb_s=102.637983 peak_memory_gb=33.51322
  trial scenario=mild_alternating partition_id=random_05 partition=10-5-14-10-7-10-12-12 lambda=0.009 safe=True first_violation=None event_count=204 peak_prefill=1 peak_decode=6 minimum_link_headroom_mb_s=102.427931 peak_memory_gb=33.52666
  trial scenario=mild_alternating partition_id=random_05 partition=10-5-14-10-7-10-12-12 lambda=0.0095 safe=False first_violation=network event_count=166 peak_prefill=1 peak_decode=6 minimum_link_headroom_mb_s=-156.917403 peak_memory_gb=33.51994
  trial scenario=mild_alternating partition_id=random_05 partition=10-5-14-10-7-10-12-12 lambda=0.01 safe=False first_violation=network event_count=116 peak_prefill=1 peak_decode=6 minimum_link_headroom_mb_s=-125.684135 peak_memory_gb=32.2339
  trial scenario=mild_alternating partition_id=random_05 partition=10-5-14-10-7-10-12-12 lambda=0.0105 safe=False first_violation=network event_count=116 peak_prefill=1 peak_decode=6 minimum_link_headroom_mb_s=-125.684135 peak_memory_gb=32.22046
  trial scenario=mild_alternating partition_id=random_05 partition=10-5-14-10-7-10-12-12 lambda=0.011 safe=False first_violation=network event_count=103 peak_prefill=1 peak_decode=6 minimum_link_headroom_mb_s=-133.126823 peak_memory_gb=32.34814
  trial scenario=mild_alternating partition_id=random_05 partition=10-5-14-10-7-10-12-12 lambda=0.0115 safe=False first_violation=network event_count=101 peak_prefill=1 peak_decode=6 minimum_link_headroom_mb_s=-132.885176 peak_memory_gb=32.34814
  trial scenario=mild_alternating partition_id=random_05 partition=10-5-14-10-7-10-12-12 lambda=0.012 safe=False first_violation=network event_count=101 peak_prefill=1 peak_decode=6 minimum_link_headroom_mb_s=-132.885176 peak_memory_gb=32.34142
  trial scenario=mild_alternating partition_id=random_05 partition=10-5-14-10-7-10-12-12 lambda=0.0125 safe=False first_violation=network event_count=74 peak_prefill=1 peak_decode=6 minimum_link_headroom_mb_s=-128.128513 peak_memory_gb=32.34142
  trial scenario=mild_alternating partition_id=random_05 partition=10-5-14-10-7-10-12-12 lambda=0.013 safe=False first_violation=network event_count=74 peak_prefill=1 peak_decode=6 minimum_link_headroom_mb_s=-128.128513 peak_memory_gb=32.34142
  trial scenario=mild_alternating partition_id=random_05 partition=10-5-14-10-7-10-12-12 lambda=0.0135 safe=False first_violation=network event_count=73 peak_prefill=1 peak_decode=6 minimum_link_headroom_mb_s=-127.999433 peak_memory_gb=32.34142
  trial scenario=mild_alternating partition_id=random_05 partition=10-5-14-10-7-10-12-12 lambda=0.014 safe=False first_violation=network event_count=71 peak_prefill=1 peak_decode=6 minimum_link_headroom_mb_s=-127.757383 peak_memory_gb=32.34142
  trial scenario=mild_alternating partition_id=random_05 partition=10-5-14-10-7-10-12-12 lambda=0.0145 safe=False first_violation=network event_count=68 peak_prefill=1 peak_decode=6 minimum_link_headroom_mb_s=-127.412293 peak_memory_gb=32.46238
  trial scenario=mild_alternating partition_id=random_05 partition=10-5-14-10-7-10-12-12 lambda=0.015 safe=False first_violation=network event_count=68 peak_prefill=1 peak_decode=6 minimum_link_headroom_mb_s=-127.412293 peak_memory_gb=32.45566
  trial scenario=mild_alternating partition_id=random_05 partition=10-5-14-10-7-10-12-12 lambda=0.0155 safe=False first_violation=network event_count=68 peak_prefill=1 peak_decode=6 minimum_link_headroom_mb_s=-127.412293 peak_memory_gb=32.45566
  trial scenario=mild_alternating partition_id=random_05 partition=10-5-14-10-7-10-12-12 lambda=0.016 safe=False first_violation=network event_count=60 peak_prefill=1 peak_decode=6 minimum_link_headroom_mb_s=-128.00346 peak_memory_gb=32.45566
  trial scenario=mild_alternating partition_id=random_05 partition=10-5-14-10-7-10-12-12 lambda=0.0165 safe=False first_violation=network event_count=60 peak_prefill=1 peak_decode=6 minimum_link_headroom_mb_s=-128.00346 peak_memory_gb=32.45566
  trial scenario=mild_alternating partition_id=random_05 partition=10-5-14-10-7-10-12-12 lambda=0.017 safe=False first_violation=network event_count=60 peak_prefill=1 peak_decode=6 minimum_link_headroom_mb_s=-128.00346 peak_memory_gb=32.45566
  trial scenario=mild_alternating partition_id=random_05 partition=10-5-14-10-7-10-12-12 lambda=0.0175 safe=False first_violation=network event_count=59 peak_prefill=1 peak_decode=6 minimum_link_headroom_mb_s=-127.878378 peak_memory_gb=32.45566
  trial scenario=mild_alternating partition_id=random_05 partition=10-5-14-10-7-10-12-12 lambda=0.018 safe=False first_violation=network event_count=26 peak_prefill=1 peak_decode=6 minimum_link_headroom_mb_s=-137.011765 peak_memory_gb=32.44894
  trial scenario=mild_alternating partition_id=random_05 partition=10-5-14-10-7-10-12-12 lambda=0.0185 safe=False first_violation=network event_count=26 peak_prefill=1 peak_decode=6 minimum_link_headroom_mb_s=-137.011765 peak_memory_gb=32.44222
  trial scenario=mild_alternating partition_id=random_05 partition=10-5-14-10-7-10-12-12 lambda=0.019 safe=False first_violation=network event_count=26 peak_prefill=1 peak_decode=6 minimum_link_headroom_mb_s=-137.011765 peak_memory_gb=32.44222
  trial scenario=mild_alternating partition_id=random_05 partition=10-5-14-10-7-10-12-12 lambda=0.0195 safe=False first_violation=network event_count=26 peak_prefill=1 peak_decode=6 minimum_link_headroom_mb_s=-137.011765 peak_memory_gb=32.4355
  trial scenario=mild_alternating partition_id=random_05 partition=10-5-14-10-7-10-12-12 lambda=0.02 safe=False first_violation=network event_count=25 peak_prefill=1 peak_decode=6 minimum_link_headroom_mb_s=-136.896853 peak_memory_gb=32.4355
  trial scenario=mild_alternating partition_id=random_05 partition=10-5-14-10-7-10-12-12 lambda=0.0205 safe=False first_violation=network event_count=25 peak_prefill=1 peak_decode=6 minimum_link_headroom_mb_s=-136.896853 peak_memory_gb=32.4355
  trial scenario=mild_alternating partition_id=random_05 partition=10-5-14-10-7-10-12-12 lambda=0.021 safe=False first_violation=network event_count=25 peak_prefill=1 peak_decode=6 minimum_link_headroom_mb_s=-136.896853 peak_memory_gb=32.4355
  trial scenario=mild_alternating partition_id=random_05 partition=10-5-14-10-7-10-12-12 lambda=0.0215 safe=False first_violation=network event_count=24 peak_prefill=1 peak_decode=6 minimum_link_headroom_mb_s=-136.776198 peak_memory_gb=32.4355
  trial scenario=mild_alternating partition_id=random_05 partition=10-5-14-10-7-10-12-12 lambda=0.022 safe=False first_violation=network event_count=23 peak_prefill=1 peak_decode=6 minimum_link_headroom_mb_s=-136.655289 peak_memory_gb=32.4355
  random_05          partition=[10, 5, 14, 10, 7, 10, 12, 12] safe=0.009 unsafe=0.0095 violation=network monotonic=True
  trial scenario=mild_alternating partition_id=random_06 partition=8-13-10-11-12-10-6-10 lambda=0.006 safe=True first_violation=None event_count=204 peak_prefill=1 peak_decode=5 minimum_link_headroom_mb_s=312.331757 peak_memory_gb=30.74186
  trial scenario=mild_alternating partition_id=random_06 partition=8-13-10-11-12-10-6-10 lambda=0.0065 safe=True first_violation=None event_count=204 peak_prefill=1 peak_decode=5 minimum_link_headroom_mb_s=312.453181 peak_memory_gb=30.73562
  trial scenario=mild_alternating partition_id=random_06 partition=8-13-10-11-12-10-6-10 lambda=0.007 safe=True first_violation=None event_count=204 peak_prefill=1 peak_decode=6 minimum_link_headroom_mb_s=59.222812 peak_memory_gb=31.57919
  trial scenario=mild_alternating partition_id=random_06 partition=8-13-10-11-12-10-6-10 lambda=0.0075 safe=True first_violation=None event_count=204 peak_prefill=1 peak_decode=6 minimum_link_headroom_mb_s=59.470052 peak_memory_gb=31.56671
  trial scenario=mild_alternating partition_id=random_06 partition=8-13-10-11-12-10-6-10 lambda=0.008 safe=True first_violation=None event_count=204 peak_prefill=1 peak_decode=6 minimum_link_headroom_mb_s=59.734671 peak_memory_gb=31.55423
  trial scenario=mild_alternating partition_id=random_06 partition=8-13-10-11-12-10-6-10 lambda=0.0085 safe=True first_violation=None event_count=204 peak_prefill=1 peak_decode=6 minimum_link_headroom_mb_s=59.520017 peak_memory_gb=31.56671
  trial scenario=mild_alternating partition_id=random_06 partition=8-13-10-11-12-10-6-10 lambda=0.009 safe=False first_violation=network event_count=167 peak_prefill=1 peak_decode=6 minimum_link_headroom_mb_s=-211.744292 peak_memory_gb=31.55423
  trial scenario=mild_alternating partition_id=random_06 partition=8-13-10-11-12-10-6-10 lambda=0.0095 safe=False first_violation=network event_count=117 peak_prefill=1 peak_decode=6 minimum_link_headroom_mb_s=-177.184846 peak_memory_gb=30.36005
  trial scenario=mild_alternating partition_id=random_06 partition=8-13-10-11-12-10-6-10 lambda=0.01 safe=False first_violation=network event_count=116 peak_prefill=1 peak_decode=6 minimum_link_headroom_mb_s=-177.040425 peak_memory_gb=30.36005
  trial scenario=mild_alternating partition_id=random_06 partition=8-13-10-11-12-10-6-10 lambda=0.0105 safe=False first_violation=network event_count=105 peak_prefill=1 peak_decode=6 minimum_link_headroom_mb_s=-185.593712 peak_memory_gb=30.46613
  trial scenario=mild_alternating partition_id=random_06 partition=8-13-10-11-12-10-6-10 lambda=0.011 safe=False first_violation=network event_count=102 peak_prefill=1 peak_decode=6 minimum_link_headroom_mb_s=-185.195253 peak_memory_gb=30.46613
  trial scenario=mild_alternating partition_id=random_06 partition=8-13-10-11-12-10-6-10 lambda=0.0115 safe=False first_violation=network event_count=101 peak_prefill=1 peak_decode=6 minimum_link_headroom_mb_s=-185.055458 peak_memory_gb=30.46613
  trial scenario=mild_alternating partition_id=random_06 partition=8-13-10-11-12-10-6-10 lambda=0.012 safe=False first_violation=network event_count=74 peak_prefill=1 peak_decode=6 minimum_link_headroom_mb_s=-179.802535 peak_memory_gb=30.45989
  trial scenario=mild_alternating partition_id=random_06 partition=8-13-10-11-12-10-6-10 lambda=0.0125 safe=False first_violation=network event_count=74 peak_prefill=1 peak_decode=6 minimum_link_headroom_mb_s=-179.802535 peak_memory_gb=30.45989
  trial scenario=mild_alternating partition_id=random_06 partition=8-13-10-11-12-10-6-10 lambda=0.013 safe=False first_violation=network event_count=73 peak_prefill=1 peak_decode=6 minimum_link_headroom_mb_s=-179.659117 peak_memory_gb=30.45989
  trial scenario=mild_alternating partition_id=random_06 partition=8-13-10-11-12-10-6-10 lambda=0.0135 safe=False first_violation=network event_count=73 peak_prefill=1 peak_decode=6 minimum_link_headroom_mb_s=-179.659117 peak_memory_gb=30.45989
  trial scenario=mild_alternating partition_id=random_06 partition=8-13-10-11-12-10-6-10 lambda=0.014 safe=False first_violation=network event_count=68 peak_prefill=1 peak_decode=6 minimum_link_headroom_mb_s=-179.010801 peak_memory_gb=30.57221
  trial scenario=mild_alternating partition_id=random_06 partition=8-13-10-11-12-10-6-10 lambda=0.0145 safe=False first_violation=network event_count=68 peak_prefill=1 peak_decode=6 minimum_link_headroom_mb_s=-179.010801 peak_memory_gb=30.56597
  trial scenario=mild_alternating partition_id=random_06 partition=8-13-10-11-12-10-6-10 lambda=0.015 safe=False first_violation=network event_count=68 peak_prefill=1 peak_decode=6 minimum_link_headroom_mb_s=-179.010801 peak_memory_gb=30.56597
  trial scenario=mild_alternating partition_id=random_06 partition=8-13-10-11-12-10-6-10 lambda=0.0155 safe=False first_violation=network event_count=68 peak_prefill=1 peak_decode=6 minimum_link_headroom_mb_s=-179.010801 peak_memory_gb=30.56597
  trial scenario=mild_alternating partition_id=random_06 partition=8-13-10-11-12-10-6-10 lambda=0.016 safe=False first_violation=network event_count=60 peak_prefill=1 peak_decode=6 minimum_link_headroom_mb_s=-179.616343 peak_memory_gb=30.56597
  trial scenario=mild_alternating partition_id=random_06 partition=8-13-10-11-12-10-6-10 lambda=0.0165 safe=False first_violation=network event_count=60 peak_prefill=1 peak_decode=6 minimum_link_headroom_mb_s=-179.616343 peak_memory_gb=30.56597
  trial scenario=mild_alternating partition_id=random_06 partition=8-13-10-11-12-10-6-10 lambda=0.017 safe=False first_violation=network event_count=59 peak_prefill=1 peak_decode=6 minimum_link_headroom_mb_s=-179.477662 peak_memory_gb=30.56597
  trial scenario=mild_alternating partition_id=random_06 partition=8-13-10-11-12-10-6-10 lambda=0.0175 safe=False first_violation=network event_count=26 peak_prefill=1 peak_decode=6 minimum_link_headroom_mb_s=-189.578717 peak_memory_gb=30.55973
  trial scenario=mild_alternating partition_id=random_06 partition=8-13-10-11-12-10-6-10 lambda=0.018 safe=False first_violation=network event_count=26 peak_prefill=1 peak_decode=6 minimum_link_headroom_mb_s=-189.578717 peak_memory_gb=30.55349
  trial scenario=mild_alternating partition_id=random_06 partition=8-13-10-11-12-10-6-10 lambda=0.0185 safe=False first_violation=network event_count=26 peak_prefill=1 peak_decode=6 minimum_link_headroom_mb_s=-189.578717 peak_memory_gb=30.55349
  trial scenario=mild_alternating partition_id=random_06 partition=8-13-10-11-12-10-6-10 lambda=0.019 safe=False first_violation=network event_count=26 peak_prefill=1 peak_decode=6 minimum_link_headroom_mb_s=-189.578717 peak_memory_gb=30.54725
  trial scenario=mild_alternating partition_id=random_06 partition=8-13-10-11-12-10-6-10 lambda=0.0195 safe=False first_violation=network event_count=25 peak_prefill=1 peak_decode=6 minimum_link_headroom_mb_s=-189.452016 peak_memory_gb=30.54725
  trial scenario=mild_alternating partition_id=random_06 partition=8-13-10-11-12-10-6-10 lambda=0.02 safe=False first_violation=network event_count=25 peak_prefill=1 peak_decode=6 minimum_link_headroom_mb_s=-189.452016 peak_memory_gb=30.54725
  trial scenario=mild_alternating partition_id=random_06 partition=8-13-10-11-12-10-6-10 lambda=0.0205 safe=False first_violation=network event_count=25 peak_prefill=1 peak_decode=6 minimum_link_headroom_mb_s=-189.452016 peak_memory_gb=30.54725
  trial scenario=mild_alternating partition_id=random_06 partition=8-13-10-11-12-10-6-10 lambda=0.021 safe=False first_violation=network event_count=24 peak_prefill=1 peak_decode=6 minimum_link_headroom_mb_s=-189.318562 peak_memory_gb=30.54725
  trial scenario=mild_alternating partition_id=random_06 partition=8-13-10-11-12-10-6-10 lambda=0.0215 safe=False first_violation=network event_count=23 peak_prefill=1 peak_decode=6 minimum_link_headroom_mb_s=-189.184809 peak_memory_gb=30.54725
  trial scenario=mild_alternating partition_id=random_06 partition=8-13-10-11-12-10-6-10 lambda=0.022 safe=False first_violation=network event_count=23 peak_prefill=1 peak_decode=6 minimum_link_headroom_mb_s=-189.184809 peak_memory_gb=30.54101
  random_06          partition=[8, 13, 10, 11, 12, 10, 6, 10] safe=0.0085 unsafe=0.009 violation=network monotonic=True
  trial scenario=mild_alternating partition_id=random_07 partition=10-9-9-9-15-13-8-7 lambda=0.006 safe=True first_violation=None event_count=204 peak_prefill=1 peak_decode=4 minimum_link_headroom_mb_s=571.515797 peak_memory_gb=34.1595
  trial scenario=mild_alternating partition_id=random_07 partition=10-9-9-9-15-13-8-7 lambda=0.0065 safe=True first_violation=None event_count=204 peak_prefill=1 peak_decode=5 minimum_link_headroom_mb_s=340.539023 peak_memory_gb=34.5483
  trial scenario=mild_alternating partition_id=random_07 partition=10-9-9-9-15-13-8-7 lambda=0.007 safe=True first_violation=None event_count=204 peak_prefill=1 peak_decode=5 minimum_link_headroom_mb_s=340.779974 peak_memory_gb=34.97445
  trial scenario=mild_alternating partition_id=random_07 partition=10-9-9-9-15-13-8-7 lambda=0.0075 safe=True first_violation=None event_count=204 peak_prefill=1 peak_decode=6 minimum_link_headroom_mb_s=96.351584 peak_memory_gb=35.50005
  trial scenario=mild_alternating partition_id=random_07 partition=10-9-9-9-15-13-8-7 lambda=0.008 safe=True first_violation=None event_count=204 peak_prefill=1 peak_decode=6 minimum_link_headroom_mb_s=96.594193 peak_memory_gb=35.48565
  trial scenario=mild_alternating partition_id=random_07 partition=10-9-9-9-15-13-8-7 lambda=0.0085 safe=True first_violation=None event_count=204 peak_prefill=1 peak_decode=6 minimum_link_headroom_mb_s=96.719056 peak_memory_gb=35.47845
  trial scenario=mild_alternating partition_id=random_07 partition=10-9-9-9-15-13-8-7 lambda=0.009 safe=True first_violation=None event_count=204 peak_prefill=1 peak_decode=6 minimum_link_headroom_mb_s=96.506235 peak_memory_gb=35.49285
  trial scenario=mild_alternating partition_id=random_07 partition=10-9-9-9-15-13-8-7 lambda=0.0095 safe=False first_violation=network event_count=166 peak_prefill=1 peak_decode=6 minimum_link_headroom_mb_s=-164.477106 peak_memory_gb=35.48565
  trial scenario=mild_alternating partition_id=random_07 partition=10-9-9-9-15-13-8-7 lambda=0.01 safe=False first_violation=network event_count=116 peak_prefill=1 peak_decode=6 minimum_link_headroom_mb_s=-132.791735 peak_memory_gb=34.10775
  trial scenario=mild_alternating partition_id=random_07 partition=10-9-9-9-15-13-8-7 lambda=0.0105 safe=False first_violation=network event_count=115 peak_prefill=1 peak_decode=6 minimum_link_headroom_mb_s=-132.674252 peak_memory_gb=34.09335
  trial scenario=mild_alternating partition_id=random_07 partition=10-9-9-9-15-13-8-7 lambda=0.011 safe=False first_violation=network event_count=103 peak_prefill=1 peak_decode=6 minimum_link_headroom_mb_s=-140.348178 peak_memory_gb=34.23015
  trial scenario=mild_alternating partition_id=random_07 partition=10-9-9-9-15-13-8-7 lambda=0.0115 safe=False first_violation=network event_count=101 peak_prefill=1 peak_decode=6 minimum_link_headroom_mb_s=-140.103051 peak_memory_gb=34.23015
  trial scenario=mild_alternating partition_id=random_07 partition=10-9-9-9-15-13-8-7 lambda=0.012 safe=False first_violation=network event_count=101 peak_prefill=1 peak_decode=6 minimum_link_headroom_mb_s=-140.103051 peak_memory_gb=34.22295
  trial scenario=mild_alternating partition_id=random_07 partition=10-9-9-9-15-13-8-7 lambda=0.0125 safe=False first_violation=network event_count=74 peak_prefill=1 peak_decode=6 minimum_link_headroom_mb_s=-135.279108 peak_memory_gb=34.22295
  trial scenario=mild_alternating partition_id=random_07 partition=10-9-9-9-15-13-8-7 lambda=0.013 safe=False first_violation=network event_count=73 peak_prefill=1 peak_decode=6 minimum_link_headroom_mb_s=-135.148091 peak_memory_gb=34.22295
  trial scenario=mild_alternating partition_id=random_07 partition=10-9-9-9-15-13-8-7 lambda=0.0135 safe=False first_violation=network event_count=73 peak_prefill=1 peak_decode=6 minimum_link_headroom_mb_s=-135.148091 peak_memory_gb=34.22295
  trial scenario=mild_alternating partition_id=random_07 partition=10-9-9-9-15-13-8-7 lambda=0.014 safe=False first_violation=network event_count=71 peak_prefill=1 peak_decode=6 minimum_link_headroom_mb_s=-134.902551 peak_memory_gb=34.22295
  trial scenario=mild_alternating partition_id=random_07 partition=10-9-9-9-15-13-8-7 lambda=0.0145 safe=False first_violation=network event_count=68 peak_prefill=1 peak_decode=6 minimum_link_headroom_mb_s=-134.552649 peak_memory_gb=34.35255
  trial scenario=mild_alternating partition_id=random_07 partition=10-9-9-9-15-13-8-7 lambda=0.015 safe=False first_violation=network event_count=68 peak_prefill=1 peak_decode=6 minimum_link_headroom_mb_s=-134.552649 peak_memory_gb=34.34535
  trial scenario=mild_alternating partition_id=random_07 partition=10-9-9-9-15-13-8-7 lambda=0.0155 safe=False first_violation=network event_count=68 peak_prefill=1 peak_decode=6 minimum_link_headroom_mb_s=-134.552649 peak_memory_gb=34.34535
  trial scenario=mild_alternating partition_id=random_07 partition=10-9-9-9-15-13-8-7 lambda=0.016 safe=False first_violation=network event_count=60 peak_prefill=1 peak_decode=6 minimum_link_headroom_mb_s=-135.14575 peak_memory_gb=34.34535
  trial scenario=mild_alternating partition_id=random_07 partition=10-9-9-9-15-13-8-7 lambda=0.0165 safe=False first_violation=network event_count=60 peak_prefill=1 peak_decode=6 minimum_link_headroom_mb_s=-135.14575 peak_memory_gb=34.34535
  trial scenario=mild_alternating partition_id=random_07 partition=10-9-9-9-15-13-8-7 lambda=0.017 safe=False first_violation=network event_count=60 peak_prefill=1 peak_decode=6 minimum_link_headroom_mb_s=-135.14575 peak_memory_gb=34.34535
  trial scenario=mild_alternating partition_id=random_07 partition=10-9-9-9-15-13-8-7 lambda=0.0175 safe=False first_violation=network event_count=59 peak_prefill=1 peak_decode=6 minimum_link_headroom_mb_s=-135.018828 peak_memory_gb=34.34535
  trial scenario=mild_alternating partition_id=random_07 partition=10-9-9-9-15-13-8-7 lambda=0.018 safe=False first_violation=network event_count=26 peak_prefill=1 peak_decode=6 minimum_link_headroom_mb_s=-144.28352 peak_memory_gb=34.33815
  trial scenario=mild_alternating partition_id=random_07 partition=10-9-9-9-15-13-8-7 lambda=0.0185 safe=False first_violation=network event_count=26 peak_prefill=1 peak_decode=6 minimum_link_headroom_mb_s=-144.28352 peak_memory_gb=34.33095
  trial scenario=mild_alternating partition_id=random_07 partition=10-9-9-9-15-13-8-7 lambda=0.019 safe=False first_violation=network event_count=26 peak_prefill=1 peak_decode=6 minimum_link_headroom_mb_s=-144.28352 peak_memory_gb=34.32375
  trial scenario=mild_alternating partition_id=random_07 partition=10-9-9-9-15-13-8-7 lambda=0.0195 safe=False first_violation=network event_count=25 peak_prefill=1 peak_decode=6 minimum_link_headroom_mb_s=-144.167006 peak_memory_gb=34.32375
  trial scenario=mild_alternating partition_id=random_07 partition=10-9-9-9-15-13-8-7 lambda=0.02 safe=False first_violation=network event_count=25 peak_prefill=1 peak_decode=6 minimum_link_headroom_mb_s=-144.167006 peak_memory_gb=34.32375
  trial scenario=mild_alternating partition_id=random_07 partition=10-9-9-9-15-13-8-7 lambda=0.0205 safe=False first_violation=network event_count=25 peak_prefill=1 peak_decode=6 minimum_link_headroom_mb_s=-144.167006 peak_memory_gb=34.32375
  trial scenario=mild_alternating partition_id=random_07 partition=10-9-9-9-15-13-8-7 lambda=0.021 safe=False first_violation=network event_count=25 peak_prefill=1 peak_decode=6 minimum_link_headroom_mb_s=-144.167006 peak_memory_gb=34.32375
  trial scenario=mild_alternating partition_id=random_07 partition=10-9-9-9-15-13-8-7 lambda=0.0215 safe=False first_violation=network event_count=24 peak_prefill=1 peak_decode=6 minimum_link_headroom_mb_s=-144.044616 peak_memory_gb=34.32375
  trial scenario=mild_alternating partition_id=random_07 partition=10-9-9-9-15-13-8-7 lambda=0.022 safe=False first_violation=network event_count=23 peak_prefill=1 peak_decode=6 minimum_link_headroom_mb_s=-143.921966 peak_memory_gb=34.32375
  random_07          partition=[10, 9, 9, 9, 15, 13, 8, 7] safe=0.009 unsafe=0.0095 violation=network monotonic=True
  trial scenario=mild_alternating partition_id=random_08 partition=12-10-8-15-9-10-5-11 lambda=0.006 safe=True first_violation=None event_count=204 peak_prefill=1 peak_decode=5 minimum_link_headroom_mb_s=302.532542 peak_memory_gb=34.5483
  trial scenario=mild_alternating partition_id=random_08 partition=12-10-8-15-9-10-5-11 lambda=0.0065 safe=True first_violation=None event_count=204 peak_prefill=1 peak_decode=5 minimum_link_headroom_mb_s=302.657412 peak_memory_gb=34.5411
  trial scenario=mild_alternating partition_id=random_08 partition=12-10-8-15-9-10-5-11 lambda=0.007 safe=True first_violation=None event_count=204 peak_prefill=1 peak_decode=6 minimum_link_headroom_mb_s=46.518217 peak_memory_gb=35.50725
  trial scenario=mild_alternating partition_id=random_08 partition=12-10-8-15-9-10-5-11 lambda=0.0075 safe=True first_violation=None event_count=204 peak_prefill=1 peak_decode=6 minimum_link_headroom_mb_s=46.642172 peak_memory_gb=35.50005
  trial scenario=mild_alternating partition_id=random_08 partition=12-10-8-15-9-10-5-11 lambda=0.008 safe=True first_violation=None event_count=204 peak_prefill=1 peak_decode=6 minimum_link_headroom_mb_s=46.914661 peak_memory_gb=35.48565
  trial scenario=mild_alternating partition_id=random_08 partition=12-10-8-15-9-10-5-11 lambda=0.0085 safe=True first_violation=None event_count=204 peak_prefill=1 peak_decode=6 minimum_link_headroom_mb_s=46.818632 peak_memory_gb=35.49285
  trial scenario=mild_alternating partition_id=random_08 partition=12-10-8-15-9-10-5-11 lambda=0.009 safe=False first_violation=network event_count=166 peak_prefill=1 peak_decode=6 minimum_link_headroom_mb_s=-228.03269 peak_memory_gb=35.48565
  trial scenario=mild_alternating partition_id=random_08 partition=12-10-8-15-9-10-5-11 lambda=0.0095 safe=False first_violation=network event_count=117 peak_prefill=1 peak_decode=6 minimum_link_headroom_mb_s=-192.5795 peak_memory_gb=34.10775
  trial scenario=mild_alternating partition_id=random_08 partition=12-10-8-15-9-10-5-11 lambda=0.01 safe=False first_violation=network event_count=116 peak_prefill=1 peak_decode=6 minimum_link_headroom_mb_s=-192.430578 peak_memory_gb=34.09335
  trial scenario=mild_alternating partition_id=random_08 partition=12-10-8-15-9-10-5-11 lambda=0.0105 safe=False first_violation=network event_count=104 peak_prefill=1 peak_decode=6 minimum_link_headroom_mb_s=-201.121164 peak_memory_gb=34.23015
  trial scenario=mild_alternating partition_id=random_08 partition=12-10-8-15-9-10-5-11 lambda=0.011 safe=False first_violation=network event_count=102 peak_prefill=1 peak_decode=6 minimum_link_headroom_mb_s=-200.84139 peak_memory_gb=34.23015
  trial scenario=mild_alternating partition_id=random_08 partition=12-10-8-15-9-10-5-11 lambda=0.0115 safe=False first_violation=network event_count=101 peak_prefill=1 peak_decode=6 minimum_link_headroom_mb_s=-200.697327 peak_memory_gb=34.23015
  trial scenario=mild_alternating partition_id=random_08 partition=12-10-8-15-9-10-5-11 lambda=0.012 safe=False first_violation=network event_count=74 peak_prefill=1 peak_decode=6 minimum_link_headroom_mb_s=-195.291105 peak_memory_gb=34.22295
  trial scenario=mild_alternating partition_id=random_08 partition=12-10-8-15-9-10-5-11 lambda=0.0125 safe=False first_violation=network event_count=74 peak_prefill=1 peak_decode=6 minimum_link_headroom_mb_s=-195.291105 peak_memory_gb=34.22295
  trial scenario=mild_alternating partition_id=random_08 partition=12-10-8-15-9-10-5-11 lambda=0.013 safe=False first_violation=network event_count=73 peak_prefill=1 peak_decode=6 minimum_link_headroom_mb_s=-195.143237 peak_memory_gb=34.22295
  trial scenario=mild_alternating partition_id=random_08 partition=12-10-8-15-9-10-5-11 lambda=0.0135 safe=False first_violation=network event_count=73 peak_prefill=1 peak_decode=6 minimum_link_headroom_mb_s=-195.143237 peak_memory_gb=34.22295
  trial scenario=mild_alternating partition_id=random_08 partition=12-10-8-15-9-10-5-11 lambda=0.014 safe=False first_violation=network event_count=68 peak_prefill=1 peak_decode=6 minimum_link_headroom_mb_s=-194.476049 peak_memory_gb=34.35255
  trial scenario=mild_alternating partition_id=random_08 partition=12-10-8-15-9-10-5-11 lambda=0.0145 safe=False first_violation=network event_count=68 peak_prefill=1 peak_decode=6 minimum_link_headroom_mb_s=-194.476049 peak_memory_gb=34.34535
  trial scenario=mild_alternating partition_id=random_08 partition=12-10-8-15-9-10-5-11 lambda=0.015 safe=False first_violation=network event_count=68 peak_prefill=1 peak_decode=6 minimum_link_headroom_mb_s=-194.476049 peak_memory_gb=34.34535
  trial scenario=mild_alternating partition_id=random_08 partition=12-10-8-15-9-10-5-11 lambda=0.0155 safe=False first_violation=network event_count=60 peak_prefill=1 peak_decode=6 minimum_link_headroom_mb_s=-195.086087 peak_memory_gb=34.34535
  trial scenario=mild_alternating partition_id=random_08 partition=12-10-8-15-9-10-5-11 lambda=0.016 safe=False first_violation=network event_count=60 peak_prefill=1 peak_decode=6 minimum_link_headroom_mb_s=-195.086087 peak_memory_gb=34.34535
  trial scenario=mild_alternating partition_id=random_08 partition=12-10-8-15-9-10-5-11 lambda=0.0165 safe=False first_violation=network event_count=60 peak_prefill=1 peak_decode=6 minimum_link_headroom_mb_s=-195.086087 peak_memory_gb=34.34535
  trial scenario=mild_alternating partition_id=random_08 partition=12-10-8-15-9-10-5-11 lambda=0.017 safe=False first_violation=network event_count=59 peak_prefill=1 peak_decode=6 minimum_link_headroom_mb_s=-194.943194 peak_memory_gb=34.34535
  trial scenario=mild_alternating partition_id=random_08 partition=12-10-8-15-9-10-5-11 lambda=0.0175 safe=False first_violation=network event_count=26 peak_prefill=1 peak_decode=6 minimum_link_headroom_mb_s=-205.342777 peak_memory_gb=34.33815
  trial scenario=mild_alternating partition_id=random_08 partition=12-10-8-15-9-10-5-11 lambda=0.018 safe=False first_violation=network event_count=26 peak_prefill=1 peak_decode=6 minimum_link_headroom_mb_s=-205.342777 peak_memory_gb=34.33095
  trial scenario=mild_alternating partition_id=random_08 partition=12-10-8-15-9-10-5-11 lambda=0.0185 safe=False first_violation=network event_count=26 peak_prefill=1 peak_decode=6 minimum_link_headroom_mb_s=-205.342777 peak_memory_gb=34.32375
  trial scenario=mild_alternating partition_id=random_08 partition=12-10-8-15-9-10-5-11 lambda=0.019 safe=False first_violation=network event_count=25 peak_prefill=1 peak_decode=6 minimum_link_headroom_mb_s=-205.212445 peak_memory_gb=34.32375
  trial scenario=mild_alternating partition_id=random_08 partition=12-10-8-15-9-10-5-11 lambda=0.0195 safe=False first_violation=network event_count=25 peak_prefill=1 peak_decode=6 minimum_link_headroom_mb_s=-205.212445 peak_memory_gb=34.32375
  trial scenario=mild_alternating partition_id=random_08 partition=12-10-8-15-9-10-5-11 lambda=0.02 safe=False first_violation=network event_count=25 peak_prefill=1 peak_decode=6 minimum_link_headroom_mb_s=-205.212445 peak_memory_gb=34.32375
  trial scenario=mild_alternating partition_id=random_08 partition=12-10-8-15-9-10-5-11 lambda=0.0205 safe=False first_violation=network event_count=24 peak_prefill=1 peak_decode=6 minimum_link_headroom_mb_s=-205.075036 peak_memory_gb=34.32375
  trial scenario=mild_alternating partition_id=random_08 partition=12-10-8-15-9-10-5-11 lambda=0.021 safe=False first_violation=network event_count=24 peak_prefill=1 peak_decode=6 minimum_link_headroom_mb_s=-205.075036 peak_memory_gb=34.32375
  trial scenario=mild_alternating partition_id=random_08 partition=12-10-8-15-9-10-5-11 lambda=0.0215 safe=False first_violation=network event_count=23 peak_prefill=1 peak_decode=6 minimum_link_headroom_mb_s=-204.937314 peak_memory_gb=34.31655
  trial scenario=mild_alternating partition_id=random_08 partition=12-10-8-15-9-10-5-11 lambda=0.022 safe=False first_violation=network event_count=23 peak_prefill=1 peak_decode=6 minimum_link_headroom_mb_s=-204.937314 peak_memory_gb=34.31655
  random_08          partition=[12, 10, 8, 15, 9, 10, 5, 11] safe=0.0085 unsafe=0.009 violation=network monotonic=True
  trial scenario=mild_alternating partition_id=random_09 partition=10-9-9-11-12-11-9-9 lambda=0.006 safe=True first_violation=None event_count=204 peak_prefill=1 peak_decode=5 minimum_link_headroom_mb_s=331.3289 peak_memory_gb=28.83864
  trial scenario=mild_alternating partition_id=random_09 partition=10-9-9-11-12-11-9-9 lambda=0.0065 safe=True first_violation=None event_count=204 peak_prefill=1 peak_decode=5 minimum_link_headroom_mb_s=331.3289 peak_memory_gb=28.83864
  trial scenario=mild_alternating partition_id=random_09 partition=10-9-9-11-12-11-9-9 lambda=0.007 safe=True first_violation=None event_count=204 peak_prefill=1 peak_decode=5 minimum_link_headroom_mb_s=331.584559 peak_memory_gb=29.17956
  trial scenario=mild_alternating partition_id=random_09 partition=10-9-9-11-12-11-9-9 lambda=0.0075 safe=True first_violation=None event_count=204 peak_prefill=1 peak_decode=6 minimum_link_headroom_mb_s=84.316319 peak_memory_gb=29.60004
  trial scenario=mild_alternating partition_id=random_09 partition=10-9-9-11-12-11-9-9 lambda=0.008 safe=True first_violation=None event_count=204 peak_prefill=1 peak_decode=6 minimum_link_headroom_mb_s=84.56601 peak_memory_gb=29.58852
  trial scenario=mild_alternating partition_id=random_09 partition=10-9-9-11-12-11-9-9 lambda=0.0085 safe=True first_violation=None event_count=204 peak_prefill=1 peak_decode=6 minimum_link_headroom_mb_s=84.815295 peak_memory_gb=29.577
  trial scenario=mild_alternating partition_id=random_09 partition=10-9-9-11-12-11-9-9 lambda=0.009 safe=True first_violation=None event_count=204 peak_prefill=1 peak_decode=6 minimum_link_headroom_mb_s=84.596936 peak_memory_gb=29.58852
  trial scenario=mild_alternating partition_id=random_09 partition=10-9-9-11-12-11-9-9 lambda=0.0095 safe=False first_violation=network event_count=166 peak_prefill=1 peak_decode=6 minimum_link_headroom_mb_s=-179.844578 peak_memory_gb=29.58852
  trial scenario=mild_alternating partition_id=random_09 partition=10-9-9-11-12-11-9-9 lambda=0.01 safe=False first_violation=network event_count=116 peak_prefill=1 peak_decode=6 minimum_link_headroom_mb_s=-147.231124 peak_memory_gb=28.4862
  trial scenario=mild_alternating partition_id=random_09 partition=10-9-9-11-12-11-9-9 lambda=0.0105 safe=False first_violation=network event_count=105 peak_prefill=1 peak_decode=6 minimum_link_headroom_mb_s=-155.276619 peak_memory_gb=28.47468
  trial scenario=mild_alternating partition_id=random_09 partition=10-9-9-11-12-11-9-9 lambda=0.011 safe=False first_violation=network event_count=103 peak_prefill=1 peak_decode=6 minimum_link_headroom_mb_s=-155.021091 peak_memory_gb=28.58412
  trial scenario=mild_alternating partition_id=random_09 partition=10-9-9-11-12-11-9-9 lambda=0.0115 safe=False first_violation=network event_count=101 peak_prefill=1 peak_decode=6 minimum_link_headroom_mb_s=-154.76882 peak_memory_gb=28.58412
  trial scenario=mild_alternating partition_id=random_09 partition=10-9-9-11-12-11-9-9 lambda=0.012 safe=False first_violation=network event_count=74 peak_prefill=1 peak_decode=6 minimum_link_headroom_mb_s=-149.806811 peak_memory_gb=28.57836
  trial scenario=mild_alternating partition_id=random_09 partition=10-9-9-11-12-11-9-9 lambda=0.0125 safe=False first_violation=network event_count=74 peak_prefill=1 peak_decode=6 minimum_link_headroom_mb_s=-149.806811 peak_memory_gb=28.57836
  trial scenario=mild_alternating partition_id=random_09 partition=10-9-9-11-12-11-9-9 lambda=0.013 safe=False first_violation=network event_count=73 peak_prefill=1 peak_decode=6 minimum_link_headroom_mb_s=-149.671811 peak_memory_gb=28.57836
  trial scenario=mild_alternating partition_id=random_09 partition=10-9-9-11-12-11-9-9 lambda=0.0135 safe=False first_violation=network event_count=73 peak_prefill=1 peak_decode=6 minimum_link_headroom_mb_s=-149.671811 peak_memory_gb=28.57836
  trial scenario=mild_alternating partition_id=random_09 partition=10-9-9-11-12-11-9-9 lambda=0.014 safe=False first_violation=network event_count=71 peak_prefill=1 peak_decode=6 minimum_link_headroom_mb_s=-149.41911 peak_memory_gb=28.68204
  trial scenario=mild_alternating partition_id=random_09 partition=10-9-9-11-12-11-9-9 lambda=0.0145 safe=False first_violation=network event_count=68 peak_prefill=1 peak_decode=6 minimum_link_headroom_mb_s=-149.059341 peak_memory_gb=28.67628
  trial scenario=mild_alternating partition_id=random_09 partition=10-9-9-11-12-11-9-9 lambda=0.015 safe=False first_violation=network event_count=68 peak_prefill=1 peak_decode=6 minimum_link_headroom_mb_s=-149.059341 peak_memory_gb=28.67628
  trial scenario=mild_alternating partition_id=random_09 partition=10-9-9-11-12-11-9-9 lambda=0.0155 safe=False first_violation=network event_count=68 peak_prefill=1 peak_decode=6 minimum_link_headroom_mb_s=-149.059341 peak_memory_gb=28.67628
  trial scenario=mild_alternating partition_id=random_09 partition=10-9-9-11-12-11-9-9 lambda=0.016 safe=False first_violation=network event_count=60 peak_prefill=1 peak_decode=6 minimum_link_headroom_mb_s=-149.656425 peak_memory_gb=28.67628
  trial scenario=mild_alternating partition_id=random_09 partition=10-9-9-11-12-11-9-9 lambda=0.0165 safe=False first_violation=network event_count=60 peak_prefill=1 peak_decode=6 minimum_link_headroom_mb_s=-149.656425 peak_memory_gb=28.67628
  trial scenario=mild_alternating partition_id=random_09 partition=10-9-9-11-12-11-9-9 lambda=0.017 safe=False first_violation=network event_count=60 peak_prefill=1 peak_decode=6 minimum_link_headroom_mb_s=-149.656425 peak_memory_gb=28.67628
  trial scenario=mild_alternating partition_id=random_09 partition=10-9-9-11-12-11-9-9 lambda=0.0175 safe=False first_violation=network event_count=59 peak_prefill=1 peak_decode=6 minimum_link_headroom_mb_s=-149.525722 peak_memory_gb=28.67628
  trial scenario=mild_alternating partition_id=random_09 partition=10-9-9-11-12-11-9-9 lambda=0.018 safe=False first_violation=network event_count=26 peak_prefill=1 peak_decode=6 minimum_link_headroom_mb_s=-159.059757 peak_memory_gb=28.67052
  trial scenario=mild_alternating partition_id=random_09 partition=10-9-9-11-12-11-9-9 lambda=0.0185 safe=False first_violation=network event_count=26 peak_prefill=1 peak_decode=6 minimum_link_headroom_mb_s=-159.059757 peak_memory_gb=28.66476
  trial scenario=mild_alternating partition_id=random_09 partition=10-9-9-11-12-11-9-9 lambda=0.019 safe=False first_violation=network event_count=26 peak_prefill=1 peak_decode=6 minimum_link_headroom_mb_s=-159.059757 peak_memory_gb=28.659
  trial scenario=mild_alternating partition_id=random_09 partition=10-9-9-11-12-11-9-9 lambda=0.0195 safe=False first_violation=network event_count=25 peak_prefill=1 peak_decode=6 minimum_link_headroom_mb_s=-158.93996 peak_memory_gb=28.659
  trial scenario=mild_alternating partition_id=random_09 partition=10-9-9-11-12-11-9-9 lambda=0.02 safe=False first_violation=network event_count=25 peak_prefill=1 peak_decode=6 minimum_link_headroom_mb_s=-158.93996 peak_memory_gb=28.659
  trial scenario=mild_alternating partition_id=random_09 partition=10-9-9-11-12-11-9-9 lambda=0.0205 safe=False first_violation=network event_count=25 peak_prefill=1 peak_decode=6 minimum_link_headroom_mb_s=-158.93996 peak_memory_gb=28.659
  trial scenario=mild_alternating partition_id=random_09 partition=10-9-9-11-12-11-9-9 lambda=0.021 safe=False first_violation=network event_count=24 peak_prefill=1 peak_decode=6 minimum_link_headroom_mb_s=-158.81401 peak_memory_gb=28.659
  trial scenario=mild_alternating partition_id=random_09 partition=10-9-9-11-12-11-9-9 lambda=0.0215 safe=False first_violation=network event_count=24 peak_prefill=1 peak_decode=6 minimum_link_headroom_mb_s=-158.81401 peak_memory_gb=28.659
  trial scenario=mild_alternating partition_id=random_09 partition=10-9-9-11-12-11-9-9 lambda=0.022 safe=False first_violation=network event_count=23 peak_prefill=1 peak_decode=6 minimum_link_headroom_mb_s=-158.687787 peak_memory_gb=28.65324
  random_09          partition=[10, 9, 9, 11, 12, 11, 9, 9] safe=0.009 unsafe=0.0095 violation=network monotonic=True
  trial scenario=mild_alternating partition_id=random_10 partition=14-10-5-10-7-14-10-10 lambda=0.006 safe=True first_violation=None event_count=204 peak_prefill=1 peak_decode=5 minimum_link_headroom_mb_s=312.331757 peak_memory_gb=32.64508
  trial scenario=mild_alternating partition_id=random_10 partition=14-10-5-10-7-14-10-10 lambda=0.0065 safe=True first_violation=None event_count=204 peak_prefill=1 peak_decode=5 minimum_link_headroom_mb_s=312.453181 peak_memory_gb=32.63836
  trial scenario=mild_alternating partition_id=random_10 partition=14-10-5-10-7-14-10-10 lambda=0.007 safe=True first_violation=None event_count=204 peak_prefill=1 peak_decode=6 minimum_link_headroom_mb_s=59.222812 peak_memory_gb=33.54682
  trial scenario=mild_alternating partition_id=random_10 partition=14-10-5-10-7-14-10-10 lambda=0.0075 safe=True first_violation=None event_count=204 peak_prefill=1 peak_decode=6 minimum_link_headroom_mb_s=59.470052 peak_memory_gb=33.53338
  trial scenario=mild_alternating partition_id=random_10 partition=14-10-5-10-7-14-10-10 lambda=0.008 safe=True first_violation=None event_count=204 peak_prefill=1 peak_decode=6 minimum_link_headroom_mb_s=59.734671 peak_memory_gb=33.51994
  trial scenario=mild_alternating partition_id=random_10 partition=14-10-5-10-7-14-10-10 lambda=0.0085 safe=True first_violation=None event_count=204 peak_prefill=1 peak_decode=6 minimum_link_headroom_mb_s=59.520017 peak_memory_gb=33.53338
  trial scenario=mild_alternating partition_id=random_10 partition=14-10-5-10-7-14-10-10 lambda=0.009 safe=False first_violation=network event_count=167 peak_prefill=1 peak_decode=6 minimum_link_headroom_mb_s=-211.744292 peak_memory_gb=33.51994
  trial scenario=mild_alternating partition_id=random_10 partition=14-10-5-10-7-14-10-10 lambda=0.0095 safe=False first_violation=network event_count=117 peak_prefill=1 peak_decode=6 minimum_link_headroom_mb_s=-177.184846 peak_memory_gb=32.2339
  trial scenario=mild_alternating partition_id=random_10 partition=14-10-5-10-7-14-10-10 lambda=0.01 safe=False first_violation=network event_count=116 peak_prefill=1 peak_decode=6 minimum_link_headroom_mb_s=-177.040425 peak_memory_gb=32.2339
  trial scenario=mild_alternating partition_id=random_10 partition=14-10-5-10-7-14-10-10 lambda=0.0105 safe=False first_violation=network event_count=105 peak_prefill=1 peak_decode=6 minimum_link_headroom_mb_s=-185.593712 peak_memory_gb=32.34814
  trial scenario=mild_alternating partition_id=random_10 partition=14-10-5-10-7-14-10-10 lambda=0.011 safe=False first_violation=network event_count=102 peak_prefill=1 peak_decode=6 minimum_link_headroom_mb_s=-185.195253 peak_memory_gb=32.34814
  trial scenario=mild_alternating partition_id=random_10 partition=14-10-5-10-7-14-10-10 lambda=0.0115 safe=False first_violation=network event_count=101 peak_prefill=1 peak_decode=6 minimum_link_headroom_mb_s=-185.055458 peak_memory_gb=32.34814
  trial scenario=mild_alternating partition_id=random_10 partition=14-10-5-10-7-14-10-10 lambda=0.012 safe=False first_violation=network event_count=74 peak_prefill=1 peak_decode=6 minimum_link_headroom_mb_s=-179.802535 peak_memory_gb=32.34142
  trial scenario=mild_alternating partition_id=random_10 partition=14-10-5-10-7-14-10-10 lambda=0.0125 safe=False first_violation=network event_count=74 peak_prefill=1 peak_decode=6 minimum_link_headroom_mb_s=-179.802535 peak_memory_gb=32.34142
  trial scenario=mild_alternating partition_id=random_10 partition=14-10-5-10-7-14-10-10 lambda=0.013 safe=False first_violation=network event_count=73 peak_prefill=1 peak_decode=6 minimum_link_headroom_mb_s=-179.659117 peak_memory_gb=32.34142
  trial scenario=mild_alternating partition_id=random_10 partition=14-10-5-10-7-14-10-10 lambda=0.0135 safe=False first_violation=network event_count=73 peak_prefill=1 peak_decode=6 minimum_link_headroom_mb_s=-179.659117 peak_memory_gb=32.34142
  trial scenario=mild_alternating partition_id=random_10 partition=14-10-5-10-7-14-10-10 lambda=0.014 safe=False first_violation=network event_count=68 peak_prefill=1 peak_decode=6 minimum_link_headroom_mb_s=-179.010801 peak_memory_gb=32.46238
  trial scenario=mild_alternating partition_id=random_10 partition=14-10-5-10-7-14-10-10 lambda=0.0145 safe=False first_violation=network event_count=68 peak_prefill=1 peak_decode=6 minimum_link_headroom_mb_s=-179.010801 peak_memory_gb=32.45566
  trial scenario=mild_alternating partition_id=random_10 partition=14-10-5-10-7-14-10-10 lambda=0.015 safe=False first_violation=network event_count=68 peak_prefill=1 peak_decode=6 minimum_link_headroom_mb_s=-179.010801 peak_memory_gb=32.45566
  trial scenario=mild_alternating partition_id=random_10 partition=14-10-5-10-7-14-10-10 lambda=0.0155 safe=False first_violation=network event_count=68 peak_prefill=1 peak_decode=6 minimum_link_headroom_mb_s=-179.010801 peak_memory_gb=32.45566
  trial scenario=mild_alternating partition_id=random_10 partition=14-10-5-10-7-14-10-10 lambda=0.016 safe=False first_violation=network event_count=60 peak_prefill=1 peak_decode=6 minimum_link_headroom_mb_s=-179.616343 peak_memory_gb=32.45566
  trial scenario=mild_alternating partition_id=random_10 partition=14-10-5-10-7-14-10-10 lambda=0.0165 safe=False first_violation=network event_count=60 peak_prefill=1 peak_decode=6 minimum_link_headroom_mb_s=-179.616343 peak_memory_gb=32.45566
  trial scenario=mild_alternating partition_id=random_10 partition=14-10-5-10-7-14-10-10 lambda=0.017 safe=False first_violation=network event_count=59 peak_prefill=1 peak_decode=6 minimum_link_headroom_mb_s=-179.477662 peak_memory_gb=32.45566
  trial scenario=mild_alternating partition_id=random_10 partition=14-10-5-10-7-14-10-10 lambda=0.0175 safe=False first_violation=network event_count=26 peak_prefill=1 peak_decode=6 minimum_link_headroom_mb_s=-189.578717 peak_memory_gb=32.44894
  trial scenario=mild_alternating partition_id=random_10 partition=14-10-5-10-7-14-10-10 lambda=0.018 safe=False first_violation=network event_count=26 peak_prefill=1 peak_decode=6 minimum_link_headroom_mb_s=-189.578717 peak_memory_gb=32.44222
  trial scenario=mild_alternating partition_id=random_10 partition=14-10-5-10-7-14-10-10 lambda=0.0185 safe=False first_violation=network event_count=26 peak_prefill=1 peak_decode=6 minimum_link_headroom_mb_s=-189.578717 peak_memory_gb=32.44222
  trial scenario=mild_alternating partition_id=random_10 partition=14-10-5-10-7-14-10-10 lambda=0.019 safe=False first_violation=network event_count=26 peak_prefill=1 peak_decode=6 minimum_link_headroom_mb_s=-189.578717 peak_memory_gb=32.4355
  trial scenario=mild_alternating partition_id=random_10 partition=14-10-5-10-7-14-10-10 lambda=0.0195 safe=False first_violation=network event_count=25 peak_prefill=1 peak_decode=6 minimum_link_headroom_mb_s=-189.452016 peak_memory_gb=32.4355
  trial scenario=mild_alternating partition_id=random_10 partition=14-10-5-10-7-14-10-10 lambda=0.02 safe=False first_violation=network event_count=25 peak_prefill=1 peak_decode=6 minimum_link_headroom_mb_s=-189.452016 peak_memory_gb=32.4355
  trial scenario=mild_alternating partition_id=random_10 partition=14-10-5-10-7-14-10-10 lambda=0.0205 safe=False first_violation=network event_count=25 peak_prefill=1 peak_decode=6 minimum_link_headroom_mb_s=-189.452016 peak_memory_gb=32.4355
  trial scenario=mild_alternating partition_id=random_10 partition=14-10-5-10-7-14-10-10 lambda=0.021 safe=False first_violation=network event_count=24 peak_prefill=1 peak_decode=6 minimum_link_headroom_mb_s=-189.318562 peak_memory_gb=32.4355
  trial scenario=mild_alternating partition_id=random_10 partition=14-10-5-10-7-14-10-10 lambda=0.0215 safe=False first_violation=network event_count=23 peak_prefill=1 peak_decode=6 minimum_link_headroom_mb_s=-189.184809 peak_memory_gb=32.4355
  trial scenario=mild_alternating partition_id=random_10 partition=14-10-5-10-7-14-10-10 lambda=0.022 safe=False first_violation=network event_count=23 peak_prefill=1 peak_decode=6 minimum_link_headroom_mb_s=-189.184809 peak_memory_gb=32.42878
  random_10          partition=[14, 10, 5, 10, 7, 14, 10, 10] safe=0.0085 unsafe=0.009 violation=network monotonic=True
  trial scenario=mild_alternating partition_id=random_11 partition=10-8-11-11-9-14-8-9 lambda=0.006 safe=True first_violation=None event_count=204 peak_prefill=1 peak_decode=5 minimum_link_headroom_mb_s=321.928468 peak_memory_gb=32.64508
  trial scenario=mild_alternating partition_id=random_11 partition=10-8-11-11-9-14-8-9 lambda=0.0065 safe=True first_violation=None event_count=204 peak_prefill=1 peak_decode=5 minimum_link_headroom_mb_s=322.04656 peak_memory_gb=32.63836
  trial scenario=mild_alternating partition_id=random_11 partition=10-8-11-11-9-14-8-9 lambda=0.007 safe=True first_violation=None event_count=204 peak_prefill=1 peak_decode=6 minimum_link_headroom_mb_s=71.784792 peak_memory_gb=33.54682
  trial scenario=mild_alternating partition_id=random_11 partition=10-8-11-11-9-14-8-9 lambda=0.0075 safe=True first_violation=None event_count=204 peak_prefill=1 peak_decode=6 minimum_link_headroom_mb_s=72.025228 peak_memory_gb=33.53338
  trial scenario=mild_alternating partition_id=random_11 partition=10-8-11-11-9-14-8-9 lambda=0.008 safe=True first_violation=None event_count=204 peak_prefill=1 peak_decode=6 minimum_link_headroom_mb_s=72.282252 peak_memory_gb=33.51994
  trial scenario=mild_alternating partition_id=random_11 partition=10-8-11-11-9-14-8-9 lambda=0.0085 safe=True first_violation=None event_count=204 peak_prefill=1 peak_decode=6 minimum_link_headroom_mb_s=72.072909 peak_memory_gb=33.53338
  trial scenario=mild_alternating partition_id=random_11 partition=10-8-11-11-9-14-8-9 lambda=0.009 safe=False first_violation=network event_count=167 peak_prefill=1 peak_decode=6 minimum_link_headroom_mb_s=-195.681744 peak_memory_gb=33.5065
  trial scenario=mild_alternating partition_id=random_11 partition=10-8-11-11-9-14-8-9 lambda=0.0095 safe=False first_violation=network event_count=117 peak_prefill=1 peak_decode=6 minimum_link_headroom_mb_s=-162.117473 peak_memory_gb=32.24734
  trial scenario=mild_alternating partition_id=random_11 partition=10-8-11-11-9-14-8-9 lambda=0.01 safe=False first_violation=network event_count=116 peak_prefill=1 peak_decode=6 minimum_link_headroom_mb_s=-161.977386 peak_memory_gb=32.2339
  trial scenario=mild_alternating partition_id=random_11 partition=10-8-11-11-9-14-8-9 lambda=0.0105 safe=False first_violation=network event_count=105 peak_prefill=1 peak_decode=6 minimum_link_headroom_mb_s=-170.272289 peak_memory_gb=32.22046
  trial scenario=mild_alternating partition_id=random_11 partition=10-8-11-11-9-14-8-9 lambda=0.011 safe=False first_violation=network event_count=103 peak_prefill=1 peak_decode=6 minimum_link_headroom_mb_s=-170.009199 peak_memory_gb=32.34814
  trial scenario=mild_alternating partition_id=random_11 partition=10-8-11-11-9-14-8-9 lambda=0.0115 safe=False first_violation=network event_count=101 peak_prefill=1 peak_decode=6 minimum_link_headroom_mb_s=-169.749531 peak_memory_gb=32.34814
  trial scenario=mild_alternating partition_id=random_11 partition=10-8-11-11-9-14-8-9 lambda=0.012 safe=False first_violation=network event_count=74 peak_prefill=1 peak_decode=6 minimum_link_headroom_mb_s=-164.644601 peak_memory_gb=32.34142
  trial scenario=mild_alternating partition_id=random_11 partition=10-8-11-11-9-14-8-9 lambda=0.0125 safe=False first_violation=network event_count=74 peak_prefill=1 peak_decode=6 minimum_link_headroom_mb_s=-164.644601 peak_memory_gb=32.34142
  trial scenario=mild_alternating partition_id=random_11 partition=10-8-11-11-9-14-8-9 lambda=0.013 safe=False first_violation=network event_count=73 peak_prefill=1 peak_decode=6 minimum_link_headroom_mb_s=-164.505471 peak_memory_gb=32.34142
  trial scenario=mild_alternating partition_id=random_11 partition=10-8-11-11-9-14-8-9 lambda=0.0135 safe=False first_violation=network event_count=73 peak_prefill=1 peak_decode=6 minimum_link_headroom_mb_s=-164.505471 peak_memory_gb=32.34142
  trial scenario=mild_alternating partition_id=random_11 partition=10-8-11-11-9-14-8-9 lambda=0.014 safe=False first_violation=network event_count=71 peak_prefill=1 peak_decode=6 minimum_link_headroom_mb_s=-164.245354 peak_memory_gb=32.34142
  trial scenario=mild_alternating partition_id=random_11 partition=10-8-11-11-9-14-8-9 lambda=0.0145 safe=False first_violation=network event_count=68 peak_prefill=1 peak_decode=6 minimum_link_headroom_mb_s=-163.875385 peak_memory_gb=32.45566
  trial scenario=mild_alternating partition_id=random_11 partition=10-8-11-11-9-14-8-9 lambda=0.015 safe=False first_violation=network event_count=68 peak_prefill=1 peak_decode=6 minimum_link_headroom_mb_s=-163.875385 peak_memory_gb=32.45566
  trial scenario=mild_alternating partition_id=random_11 partition=10-8-11-11-9-14-8-9 lambda=0.0155 safe=False first_violation=network event_count=68 peak_prefill=1 peak_decode=6 minimum_link_headroom_mb_s=-163.875385 peak_memory_gb=32.45566
  trial scenario=mild_alternating partition_id=random_11 partition=10-8-11-11-9-14-8-9 lambda=0.016 safe=False first_violation=network event_count=60 peak_prefill=1 peak_decode=6 minimum_link_headroom_mb_s=-164.476612 peak_memory_gb=32.45566
  trial scenario=mild_alternating partition_id=random_11 partition=10-8-11-11-9-14-8-9 lambda=0.0165 safe=False first_violation=network event_count=60 peak_prefill=1 peak_decode=6 minimum_link_headroom_mb_s=-164.476612 peak_memory_gb=32.45566
  trial scenario=mild_alternating partition_id=random_11 partition=10-8-11-11-9-14-8-9 lambda=0.017 safe=False first_violation=network event_count=59 peak_prefill=1 peak_decode=6 minimum_link_headroom_mb_s=-164.341992 peak_memory_gb=32.45566
  trial scenario=mild_alternating partition_id=random_11 partition=10-8-11-11-9-14-8-9 lambda=0.0175 safe=False first_violation=network event_count=26 peak_prefill=1 peak_decode=6 minimum_link_headroom_mb_s=-174.154677 peak_memory_gb=32.44894
  trial scenario=mild_alternating partition_id=random_11 partition=10-8-11-11-9-14-8-9 lambda=0.018 safe=False first_violation=network event_count=26 peak_prefill=1 peak_decode=6 minimum_link_headroom_mb_s=-174.154677 peak_memory_gb=32.44222
  trial scenario=mild_alternating partition_id=random_11 partition=10-8-11-11-9-14-8-9 lambda=0.0185 safe=False first_violation=network event_count=26 peak_prefill=1 peak_decode=6 minimum_link_headroom_mb_s=-174.154677 peak_memory_gb=32.44222
  trial scenario=mild_alternating partition_id=random_11 partition=10-8-11-11-9-14-8-9 lambda=0.019 safe=False first_violation=network event_count=26 peak_prefill=1 peak_decode=6 minimum_link_headroom_mb_s=-174.154677 peak_memory_gb=32.4355
  trial scenario=mild_alternating partition_id=random_11 partition=10-8-11-11-9-14-8-9 lambda=0.0195 safe=False first_violation=network event_count=25 peak_prefill=1 peak_decode=6 minimum_link_headroom_mb_s=-174.031486 peak_memory_gb=32.4355
  trial scenario=mild_alternating partition_id=random_11 partition=10-8-11-11-9-14-8-9 lambda=0.02 safe=False first_violation=network event_count=25 peak_prefill=1 peak_decode=6 minimum_link_headroom_mb_s=-174.031486 peak_memory_gb=32.4355
  trial scenario=mild_alternating partition_id=random_11 partition=10-8-11-11-9-14-8-9 lambda=0.0205 safe=False first_violation=network event_count=25 peak_prefill=1 peak_decode=6 minimum_link_headroom_mb_s=-174.031486 peak_memory_gb=32.4355
  trial scenario=mild_alternating partition_id=random_11 partition=10-8-11-11-9-14-8-9 lambda=0.021 safe=False first_violation=network event_count=24 peak_prefill=1 peak_decode=6 minimum_link_headroom_mb_s=-173.901849 peak_memory_gb=32.4355
  trial scenario=mild_alternating partition_id=random_11 partition=10-8-11-11-9-14-8-9 lambda=0.0215 safe=False first_violation=network event_count=23 peak_prefill=1 peak_decode=6 minimum_link_headroom_mb_s=-173.771927 peak_memory_gb=32.4355
  trial scenario=mild_alternating partition_id=random_11 partition=10-8-11-11-9-14-8-9 lambda=0.022 safe=False first_violation=network event_count=23 peak_prefill=1 peak_decode=6 minimum_link_headroom_mb_s=-173.771927 peak_memory_gb=32.42878
  random_11          partition=[10, 8, 11, 11, 9, 14, 8, 9] safe=0.0085 unsafe=0.009 violation=network monotonic=True
  trial scenario=mild_alternating partition_id=random_12 partition=13-11-9-12-8-10-8-9 lambda=0.006 safe=True first_violation=None event_count=204 peak_prefill=1 peak_decode=5 minimum_link_headroom_mb_s=321.928468 peak_memory_gb=30.74186
  trial scenario=mild_alternating partition_id=random_12 partition=13-11-9-12-8-10-8-9 lambda=0.0065 safe=True first_violation=None event_count=204 peak_prefill=1 peak_decode=5 minimum_link_headroom_mb_s=322.04656 peak_memory_gb=30.73562
  trial scenario=mild_alternating partition_id=random_12 partition=13-11-9-12-8-10-8-9 lambda=0.007 safe=True first_violation=None event_count=204 peak_prefill=1 peak_decode=6 minimum_link_headroom_mb_s=71.784792 peak_memory_gb=31.57919
  trial scenario=mild_alternating partition_id=random_12 partition=13-11-9-12-8-10-8-9 lambda=0.0075 safe=True first_violation=None event_count=204 peak_prefill=1 peak_decode=6 minimum_link_headroom_mb_s=72.025228 peak_memory_gb=31.56671
  trial scenario=mild_alternating partition_id=random_12 partition=13-11-9-12-8-10-8-9 lambda=0.008 safe=True first_violation=None event_count=204 peak_prefill=1 peak_decode=6 minimum_link_headroom_mb_s=72.282252 peak_memory_gb=31.55423
  trial scenario=mild_alternating partition_id=random_12 partition=13-11-9-12-8-10-8-9 lambda=0.0085 safe=True first_violation=None event_count=204 peak_prefill=1 peak_decode=6 minimum_link_headroom_mb_s=72.072909 peak_memory_gb=31.56671
  trial scenario=mild_alternating partition_id=random_12 partition=13-11-9-12-8-10-8-9 lambda=0.009 safe=False first_violation=network event_count=167 peak_prefill=1 peak_decode=6 minimum_link_headroom_mb_s=-195.681744 peak_memory_gb=31.54175
  trial scenario=mild_alternating partition_id=random_12 partition=13-11-9-12-8-10-8-9 lambda=0.0095 safe=False first_violation=network event_count=117 peak_prefill=1 peak_decode=6 minimum_link_headroom_mb_s=-162.117473 peak_memory_gb=30.37253
  trial scenario=mild_alternating partition_id=random_12 partition=13-11-9-12-8-10-8-9 lambda=0.01 safe=False first_violation=network event_count=116 peak_prefill=1 peak_decode=6 minimum_link_headroom_mb_s=-161.977386 peak_memory_gb=30.36005
  trial scenario=mild_alternating partition_id=random_12 partition=13-11-9-12-8-10-8-9 lambda=0.0105 safe=False first_violation=network event_count=105 peak_prefill=1 peak_decode=6 minimum_link_headroom_mb_s=-170.272289 peak_memory_gb=30.34757
  trial scenario=mild_alternating partition_id=random_12 partition=13-11-9-12-8-10-8-9 lambda=0.011 safe=False first_violation=network event_count=103 peak_prefill=1 peak_decode=6 minimum_link_headroom_mb_s=-170.009199 peak_memory_gb=30.46613
  trial scenario=mild_alternating partition_id=random_12 partition=13-11-9-12-8-10-8-9 lambda=0.0115 safe=False first_violation=network event_count=101 peak_prefill=1 peak_decode=6 minimum_link_headroom_mb_s=-169.749531 peak_memory_gb=30.46613
  trial scenario=mild_alternating partition_id=random_12 partition=13-11-9-12-8-10-8-9 lambda=0.012 safe=False first_violation=network event_count=74 peak_prefill=1 peak_decode=6 minimum_link_headroom_mb_s=-164.644601 peak_memory_gb=30.45989
  trial scenario=mild_alternating partition_id=random_12 partition=13-11-9-12-8-10-8-9 lambda=0.0125 safe=False first_violation=network event_count=74 peak_prefill=1 peak_decode=6 minimum_link_headroom_mb_s=-164.644601 peak_memory_gb=30.45989
  trial scenario=mild_alternating partition_id=random_12 partition=13-11-9-12-8-10-8-9 lambda=0.013 safe=False first_violation=network event_count=73 peak_prefill=1 peak_decode=6 minimum_link_headroom_mb_s=-164.505471 peak_memory_gb=30.45989
  trial scenario=mild_alternating partition_id=random_12 partition=13-11-9-12-8-10-8-9 lambda=0.0135 safe=False first_violation=network event_count=73 peak_prefill=1 peak_decode=6 minimum_link_headroom_mb_s=-164.505471 peak_memory_gb=30.45989
  trial scenario=mild_alternating partition_id=random_12 partition=13-11-9-12-8-10-8-9 lambda=0.014 safe=False first_violation=network event_count=71 peak_prefill=1 peak_decode=6 minimum_link_headroom_mb_s=-164.245354 peak_memory_gb=30.45989
  trial scenario=mild_alternating partition_id=random_12 partition=13-11-9-12-8-10-8-9 lambda=0.0145 safe=False first_violation=network event_count=68 peak_prefill=1 peak_decode=6 minimum_link_headroom_mb_s=-163.875385 peak_memory_gb=30.56597
  trial scenario=mild_alternating partition_id=random_12 partition=13-11-9-12-8-10-8-9 lambda=0.015 safe=False first_violation=network event_count=68 peak_prefill=1 peak_decode=6 minimum_link_headroom_mb_s=-163.875385 peak_memory_gb=30.56597
  trial scenario=mild_alternating partition_id=random_12 partition=13-11-9-12-8-10-8-9 lambda=0.0155 safe=False first_violation=network event_count=68 peak_prefill=1 peak_decode=6 minimum_link_headroom_mb_s=-163.875385 peak_memory_gb=30.56597
  trial scenario=mild_alternating partition_id=random_12 partition=13-11-9-12-8-10-8-9 lambda=0.016 safe=False first_violation=network event_count=60 peak_prefill=1 peak_decode=6 minimum_link_headroom_mb_s=-164.476612 peak_memory_gb=30.56597
  trial scenario=mild_alternating partition_id=random_12 partition=13-11-9-12-8-10-8-9 lambda=0.0165 safe=False first_violation=network event_count=60 peak_prefill=1 peak_decode=6 minimum_link_headroom_mb_s=-164.476612 peak_memory_gb=30.56597
  trial scenario=mild_alternating partition_id=random_12 partition=13-11-9-12-8-10-8-9 lambda=0.017 safe=False first_violation=network event_count=59 peak_prefill=1 peak_decode=6 minimum_link_headroom_mb_s=-164.341992 peak_memory_gb=30.56597
  trial scenario=mild_alternating partition_id=random_12 partition=13-11-9-12-8-10-8-9 lambda=0.0175 safe=False first_violation=network event_count=26 peak_prefill=1 peak_decode=6 minimum_link_headroom_mb_s=-174.154677 peak_memory_gb=30.55973
  trial scenario=mild_alternating partition_id=random_12 partition=13-11-9-12-8-10-8-9 lambda=0.018 safe=False first_violation=network event_count=26 peak_prefill=1 peak_decode=6 minimum_link_headroom_mb_s=-174.154677 peak_memory_gb=30.55349
  trial scenario=mild_alternating partition_id=random_12 partition=13-11-9-12-8-10-8-9 lambda=0.0185 safe=False first_violation=network event_count=26 peak_prefill=1 peak_decode=6 minimum_link_headroom_mb_s=-174.154677 peak_memory_gb=30.55349
  trial scenario=mild_alternating partition_id=random_12 partition=13-11-9-12-8-10-8-9 lambda=0.019 safe=False first_violation=network event_count=26 peak_prefill=1 peak_decode=6 minimum_link_headroom_mb_s=-174.154677 peak_memory_gb=30.54725
  trial scenario=mild_alternating partition_id=random_12 partition=13-11-9-12-8-10-8-9 lambda=0.0195 safe=False first_violation=network event_count=25 peak_prefill=1 peak_decode=6 minimum_link_headroom_mb_s=-174.031486 peak_memory_gb=30.54725
  trial scenario=mild_alternating partition_id=random_12 partition=13-11-9-12-8-10-8-9 lambda=0.02 safe=False first_violation=network event_count=25 peak_prefill=1 peak_decode=6 minimum_link_headroom_mb_s=-174.031486 peak_memory_gb=30.54725
  trial scenario=mild_alternating partition_id=random_12 partition=13-11-9-12-8-10-8-9 lambda=0.0205 safe=False first_violation=network event_count=25 peak_prefill=1 peak_decode=6 minimum_link_headroom_mb_s=-174.031486 peak_memory_gb=30.54725
  trial scenario=mild_alternating partition_id=random_12 partition=13-11-9-12-8-10-8-9 lambda=0.021 safe=False first_violation=network event_count=24 peak_prefill=1 peak_decode=6 minimum_link_headroom_mb_s=-173.901849 peak_memory_gb=30.54725
  trial scenario=mild_alternating partition_id=random_12 partition=13-11-9-12-8-10-8-9 lambda=0.0215 safe=False first_violation=network event_count=23 peak_prefill=1 peak_decode=6 minimum_link_headroom_mb_s=-173.771927 peak_memory_gb=30.54725
  trial scenario=mild_alternating partition_id=random_12 partition=13-11-9-12-8-10-8-9 lambda=0.022 safe=False first_violation=network event_count=23 peak_prefill=1 peak_decode=6 minimum_link_headroom_mb_s=-173.771927 peak_memory_gb=30.54101
  random_12          partition=[13, 11, 9, 12, 8, 10, 8, 9] safe=0.0085 unsafe=0.009 violation=network monotonic=True
  trial scenario=mild_alternating partition_id=random_13 partition=14-11-13-11-8-8-6-9 lambda=0.006 safe=True first_violation=None event_count=204 peak_prefill=1 peak_decode=5 minimum_link_headroom_mb_s=335.83689 peak_memory_gb=32.6518
  trial scenario=mild_alternating partition_id=random_13 partition=14-11-13-11-8-8-6-9 lambda=0.0065 safe=True first_violation=None event_count=204 peak_prefill=1 peak_decode=5 minimum_link_headroom_mb_s=335.957386 peak_memory_gb=32.64508
  trial scenario=mild_alternating partition_id=random_13 partition=14-11-13-11-8-8-6-9 lambda=0.007 safe=True first_violation=None event_count=204 peak_prefill=1 peak_decode=5 minimum_link_headroom_mb_s=336.20563 peak_memory_gb=33.04282
  trial scenario=mild_alternating partition_id=random_13 partition=14-11-13-11-8-8-6-9 lambda=0.0075 safe=True first_violation=None event_count=204 peak_prefill=1 peak_decode=6 minimum_link_headroom_mb_s=90.365427 peak_memory_gb=33.53338
  trial scenario=mild_alternating partition_id=random_13 partition=14-11-13-11-8-8-6-9 lambda=0.008 safe=True first_violation=None event_count=204 peak_prefill=1 peak_decode=6 minimum_link_headroom_mb_s=90.611547 peak_memory_gb=33.51994
  trial scenario=mild_alternating partition_id=random_13 partition=14-11-13-11-8-8-6-9 lambda=0.0085 safe=True first_violation=None event_count=204 peak_prefill=1 peak_decode=6 minimum_link_headroom_mb_s=90.85727 peak_memory_gb=33.5065
  trial scenario=mild_alternating partition_id=random_13 partition=14-11-13-11-8-8-6-9 lambda=0.009 safe=True first_violation=None event_count=204 peak_prefill=1 peak_decode=6 minimum_link_headroom_mb_s=90.641762 peak_memory_gb=33.51994
  trial scenario=mild_alternating partition_id=random_13 partition=14-11-13-11-8-8-6-9 lambda=0.0095 safe=False first_violation=network event_count=166 peak_prefill=1 peak_decode=6 minimum_link_headroom_mb_s=-172.119047 peak_memory_gb=33.51994
  trial scenario=mild_alternating partition_id=random_13 partition=14-11-13-11-8-8-6-9 lambda=0.01 safe=False first_violation=network event_count=116 peak_prefill=1 peak_decode=6 minimum_link_headroom_mb_s=-139.973674 peak_memory_gb=32.2339
  trial scenario=mild_alternating partition_id=random_13 partition=14-11-13-11-8-8-6-9 lambda=0.0105 safe=False first_violation=network event_count=105 peak_prefill=1 peak_decode=6 minimum_link_headroom_mb_s=-147.897707 peak_memory_gb=32.22046
  trial scenario=mild_alternating partition_id=random_13 partition=14-11-13-11-8-8-6-9 lambda=0.011 safe=False first_violation=network event_count=103 peak_prefill=1 peak_decode=6 minimum_link_headroom_mb_s=-147.645861 peak_memory_gb=32.34814
  trial scenario=mild_alternating partition_id=random_13 partition=14-11-13-11-8-8-6-9 lambda=0.0115 safe=False first_violation=network event_count=101 peak_prefill=1 peak_decode=6 minimum_link_headroom_mb_s=-147.397193 peak_memory_gb=32.34814
  trial scenario=mild_alternating partition_id=random_13 partition=14-11-13-11-8-8-6-9 lambda=0.012 safe=False first_violation=network event_count=101 peak_prefill=1 peak_decode=6 minimum_link_headroom_mb_s=-147.397193 peak_memory_gb=32.34142
  trial scenario=mild_alternating partition_id=random_13 partition=14-11-13-11-8-8-6-9 lambda=0.0125 safe=False first_violation=network event_count=74 peak_prefill=1 peak_decode=6 minimum_link_headroom_mb_s=-142.50481 peak_memory_gb=32.34142
  trial scenario=mild_alternating partition_id=random_13 partition=14-11-13-11-8-8-6-9 lambda=0.013 safe=False first_violation=network event_count=73 peak_prefill=1 peak_decode=6 minimum_link_headroom_mb_s=-142.37182 peak_memory_gb=32.34142
  trial scenario=mild_alternating partition_id=random_13 partition=14-11-13-11-8-8-6-9 lambda=0.0135 safe=False first_violation=network event_count=73 peak_prefill=1 peak_decode=6 minimum_link_headroom_mb_s=-142.37182 peak_memory_gb=32.34142
  trial scenario=mild_alternating partition_id=random_13 partition=14-11-13-11-8-8-6-9 lambda=0.014 safe=False first_violation=network event_count=71 peak_prefill=1 peak_decode=6 minimum_link_headroom_mb_s=-142.12273 peak_memory_gb=32.46238
  trial scenario=mild_alternating partition_id=random_13 partition=14-11-13-11-8-8-6-9 lambda=0.0145 safe=False first_violation=network event_count=68 peak_prefill=1 peak_decode=6 minimum_link_headroom_mb_s=-141.767936 peak_memory_gb=32.46238
  trial scenario=mild_alternating partition_id=random_13 partition=14-11-13-11-8-8-6-9 lambda=0.015 safe=False first_violation=network event_count=68 peak_prefill=1 peak_decode=6 minimum_link_headroom_mb_s=-141.767936 peak_memory_gb=32.45566
  trial scenario=mild_alternating partition_id=random_13 partition=14-11-13-11-8-8-6-9 lambda=0.0155 safe=False first_violation=network event_count=68 peak_prefill=1 peak_decode=6 minimum_link_headroom_mb_s=-141.767936 peak_memory_gb=32.45566
  trial scenario=mild_alternating partition_id=random_13 partition=14-11-13-11-8-8-6-9 lambda=0.016 safe=False first_violation=network event_count=60 peak_prefill=1 peak_decode=6 minimum_link_headroom_mb_s=-142.363009 peak_memory_gb=32.45566
  trial scenario=mild_alternating partition_id=random_13 partition=14-11-13-11-8-8-6-9 lambda=0.0165 safe=False first_violation=network event_count=60 peak_prefill=1 peak_decode=6 minimum_link_headroom_mb_s=-142.363009 peak_memory_gb=32.45566
  trial scenario=mild_alternating partition_id=random_13 partition=14-11-13-11-8-8-6-9 lambda=0.017 safe=False first_violation=network event_count=60 peak_prefill=1 peak_decode=6 minimum_link_headroom_mb_s=-142.363009 peak_memory_gb=32.45566
  trial scenario=mild_alternating partition_id=random_13 partition=14-11-13-11-8-8-6-9 lambda=0.0175 safe=False first_violation=network event_count=59 peak_prefill=1 peak_decode=6 minimum_link_headroom_mb_s=-142.234213 peak_memory_gb=32.45566
  trial scenario=mild_alternating partition_id=random_13 partition=14-11-13-11-8-8-6-9 lambda=0.018 safe=False first_violation=network event_count=26 peak_prefill=1 peak_decode=6 minimum_link_headroom_mb_s=-151.632438 peak_memory_gb=32.44894
  trial scenario=mild_alternating partition_id=random_13 partition=14-11-13-11-8-8-6-9 lambda=0.0185 safe=False first_violation=network event_count=26 peak_prefill=1 peak_decode=6 minimum_link_headroom_mb_s=-151.632438 peak_memory_gb=32.44222
  trial scenario=mild_alternating partition_id=random_13 partition=14-11-13-11-8-8-6-9 lambda=0.019 safe=False first_violation=network event_count=26 peak_prefill=1 peak_decode=6 minimum_link_headroom_mb_s=-151.632438 peak_memory_gb=32.4355
  trial scenario=mild_alternating partition_id=random_13 partition=14-11-13-11-8-8-6-9 lambda=0.0195 safe=False first_violation=network event_count=25 peak_prefill=1 peak_decode=6 minimum_link_headroom_mb_s=-151.514296 peak_memory_gb=32.4355
  trial scenario=mild_alternating partition_id=random_13 partition=14-11-13-11-8-8-6-9 lambda=0.02 safe=False first_violation=network event_count=25 peak_prefill=1 peak_decode=6 minimum_link_headroom_mb_s=-151.514296 peak_memory_gb=32.4355
  trial scenario=mild_alternating partition_id=random_13 partition=14-11-13-11-8-8-6-9 lambda=0.0205 safe=False first_violation=network event_count=25 peak_prefill=1 peak_decode=6 minimum_link_headroom_mb_s=-151.514296 peak_memory_gb=32.4355
  trial scenario=mild_alternating partition_id=random_13 partition=14-11-13-11-8-8-6-9 lambda=0.021 safe=False first_violation=network event_count=25 peak_prefill=1 peak_decode=6 minimum_link_headroom_mb_s=-151.514296 peak_memory_gb=32.4355
  trial scenario=mild_alternating partition_id=random_13 partition=14-11-13-11-8-8-6-9 lambda=0.0215 safe=False first_violation=network event_count=24 peak_prefill=1 peak_decode=6 minimum_link_headroom_mb_s=-151.390142 peak_memory_gb=32.4355
  trial scenario=mild_alternating partition_id=random_13 partition=14-11-13-11-8-8-6-9 lambda=0.022 safe=False first_violation=network event_count=23 peak_prefill=1 peak_decode=6 minimum_link_headroom_mb_s=-151.265721 peak_memory_gb=32.4355
  random_13          partition=[14, 11, 13, 11, 8, 8, 6, 9] safe=0.009 unsafe=0.0095 violation=network monotonic=True
  trial scenario=mild_alternating partition_id=random_14 partition=12-10-11-9-10-11-10-7 lambda=0.006 safe=True first_violation=None event_count=204 peak_prefill=1 peak_decode=4 minimum_link_headroom_mb_s=574.843506 peak_memory_gb=28.5276
  trial scenario=mild_alternating partition_id=random_14 partition=12-10-11-9-10-11-10-7 lambda=0.0065 safe=True first_violation=None event_count=204 peak_prefill=1 peak_decode=5 minimum_link_headroom_mb_s=345.074519 peak_memory_gb=28.83864
  trial scenario=mild_alternating partition_id=random_14 partition=12-10-11-9-10-11-10-7 lambda=0.007 safe=True first_violation=None event_count=204 peak_prefill=1 peak_decode=5 minimum_link_headroom_mb_s=345.301734 peak_memory_gb=29.17956
  trial scenario=mild_alternating partition_id=random_14 partition=12-10-11-9-10-11-10-7 lambda=0.0075 safe=True first_violation=None event_count=204 peak_prefill=1 peak_decode=6 minimum_link_headroom_mb_s=102.275769 peak_memory_gb=29.60004
  trial scenario=mild_alternating partition_id=random_14 partition=12-10-11-9-10-11-10-7 lambda=0.008 safe=True first_violation=None event_count=204 peak_prefill=1 peak_decode=6 minimum_link_headroom_mb_s=102.514928 peak_memory_gb=29.58852
  trial scenario=mild_alternating partition_id=random_14 partition=12-10-11-9-10-11-10-7 lambda=0.0085 safe=True first_violation=None event_count=204 peak_prefill=1 peak_decode=6 minimum_link_headroom_mb_s=102.637983 peak_memory_gb=29.58276
  trial scenario=mild_alternating partition_id=random_14 partition=12-10-11-9-10-11-10-7 lambda=0.009 safe=True first_violation=None event_count=204 peak_prefill=1 peak_decode=6 minimum_link_headroom_mb_s=102.427931 peak_memory_gb=29.59428
  trial scenario=mild_alternating partition_id=random_14 partition=12-10-11-9-10-11-10-7 lambda=0.0095 safe=False first_violation=network event_count=166 peak_prefill=1 peak_decode=6 minimum_link_headroom_mb_s=-156.917403 peak_memory_gb=29.58852
  trial scenario=mild_alternating partition_id=random_14 partition=12-10-11-9-10-11-10-7 lambda=0.01 safe=False first_violation=network event_count=116 peak_prefill=1 peak_decode=6 minimum_link_headroom_mb_s=-125.684135 peak_memory_gb=28.4862
  trial scenario=mild_alternating partition_id=random_14 partition=12-10-11-9-10-11-10-7 lambda=0.0105 safe=False first_violation=network event_count=116 peak_prefill=1 peak_decode=6 minimum_link_headroom_mb_s=-125.684135 peak_memory_gb=28.47468
  trial scenario=mild_alternating partition_id=random_14 partition=12-10-11-9-10-11-10-7 lambda=0.011 safe=False first_violation=network event_count=103 peak_prefill=1 peak_decode=6 minimum_link_headroom_mb_s=-133.126823 peak_memory_gb=28.58412
  trial scenario=mild_alternating partition_id=random_14 partition=12-10-11-9-10-11-10-7 lambda=0.0115 safe=False first_violation=network event_count=101 peak_prefill=1 peak_decode=6 minimum_link_headroom_mb_s=-132.885176 peak_memory_gb=28.58412
  trial scenario=mild_alternating partition_id=random_14 partition=12-10-11-9-10-11-10-7 lambda=0.012 safe=False first_violation=network event_count=101 peak_prefill=1 peak_decode=6 minimum_link_headroom_mb_s=-132.885176 peak_memory_gb=28.57836
  trial scenario=mild_alternating partition_id=random_14 partition=12-10-11-9-10-11-10-7 lambda=0.0125 safe=False first_violation=network event_count=74 peak_prefill=1 peak_decode=6 minimum_link_headroom_mb_s=-128.128513 peak_memory_gb=28.57836
  trial scenario=mild_alternating partition_id=random_14 partition=12-10-11-9-10-11-10-7 lambda=0.013 safe=False first_violation=network event_count=74 peak_prefill=1 peak_decode=6 minimum_link_headroom_mb_s=-128.128513 peak_memory_gb=28.57836
  trial scenario=mild_alternating partition_id=random_14 partition=12-10-11-9-10-11-10-7 lambda=0.0135 safe=False first_violation=network event_count=73 peak_prefill=1 peak_decode=6 minimum_link_headroom_mb_s=-127.999433 peak_memory_gb=28.57836
  trial scenario=mild_alternating partition_id=random_14 partition=12-10-11-9-10-11-10-7 lambda=0.014 safe=False first_violation=network event_count=71 peak_prefill=1 peak_decode=6 minimum_link_headroom_mb_s=-127.757383 peak_memory_gb=28.57836
  trial scenario=mild_alternating partition_id=random_14 partition=12-10-11-9-10-11-10-7 lambda=0.0145 safe=False first_violation=network event_count=68 peak_prefill=1 peak_decode=6 minimum_link_headroom_mb_s=-127.412293 peak_memory_gb=28.68204
  trial scenario=mild_alternating partition_id=random_14 partition=12-10-11-9-10-11-10-7 lambda=0.015 safe=False first_violation=network event_count=68 peak_prefill=1 peak_decode=6 minimum_link_headroom_mb_s=-127.412293 peak_memory_gb=28.67628
  trial scenario=mild_alternating partition_id=random_14 partition=12-10-11-9-10-11-10-7 lambda=0.0155 safe=False first_violation=network event_count=68 peak_prefill=1 peak_decode=6 minimum_link_headroom_mb_s=-127.412293 peak_memory_gb=28.67628
  trial scenario=mild_alternating partition_id=random_14 partition=12-10-11-9-10-11-10-7 lambda=0.016 safe=False first_violation=network event_count=60 peak_prefill=1 peak_decode=6 minimum_link_headroom_mb_s=-128.00346 peak_memory_gb=28.67628
  trial scenario=mild_alternating partition_id=random_14 partition=12-10-11-9-10-11-10-7 lambda=0.0165 safe=False first_violation=network event_count=60 peak_prefill=1 peak_decode=6 minimum_link_headroom_mb_s=-128.00346 peak_memory_gb=28.67628
  trial scenario=mild_alternating partition_id=random_14 partition=12-10-11-9-10-11-10-7 lambda=0.017 safe=False first_violation=network event_count=60 peak_prefill=1 peak_decode=6 minimum_link_headroom_mb_s=-128.00346 peak_memory_gb=28.67628
  trial scenario=mild_alternating partition_id=random_14 partition=12-10-11-9-10-11-10-7 lambda=0.0175 safe=False first_violation=network event_count=59 peak_prefill=1 peak_decode=6 minimum_link_headroom_mb_s=-127.878378 peak_memory_gb=28.67628
  trial scenario=mild_alternating partition_id=random_14 partition=12-10-11-9-10-11-10-7 lambda=0.018 safe=False first_violation=network event_count=26 peak_prefill=1 peak_decode=6 minimum_link_headroom_mb_s=-137.011765 peak_memory_gb=28.67052
  trial scenario=mild_alternating partition_id=random_14 partition=12-10-11-9-10-11-10-7 lambda=0.0185 safe=False first_violation=network event_count=26 peak_prefill=1 peak_decode=6 minimum_link_headroom_mb_s=-137.011765 peak_memory_gb=28.66476
  trial scenario=mild_alternating partition_id=random_14 partition=12-10-11-9-10-11-10-7 lambda=0.019 safe=False first_violation=network event_count=26 peak_prefill=1 peak_decode=6 minimum_link_headroom_mb_s=-137.011765 peak_memory_gb=28.66476
  trial scenario=mild_alternating partition_id=random_14 partition=12-10-11-9-10-11-10-7 lambda=0.0195 safe=False first_violation=network event_count=26 peak_prefill=1 peak_decode=6 minimum_link_headroom_mb_s=-137.011765 peak_memory_gb=28.659
  trial scenario=mild_alternating partition_id=random_14 partition=12-10-11-9-10-11-10-7 lambda=0.02 safe=False first_violation=network event_count=25 peak_prefill=1 peak_decode=6 minimum_link_headroom_mb_s=-136.896853 peak_memory_gb=28.659
  trial scenario=mild_alternating partition_id=random_14 partition=12-10-11-9-10-11-10-7 lambda=0.0205 safe=False first_violation=network event_count=25 peak_prefill=1 peak_decode=6 minimum_link_headroom_mb_s=-136.896853 peak_memory_gb=28.659
  trial scenario=mild_alternating partition_id=random_14 partition=12-10-11-9-10-11-10-7 lambda=0.021 safe=False first_violation=network event_count=25 peak_prefill=1 peak_decode=6 minimum_link_headroom_mb_s=-136.896853 peak_memory_gb=28.659
  trial scenario=mild_alternating partition_id=random_14 partition=12-10-11-9-10-11-10-7 lambda=0.0215 safe=False first_violation=network event_count=24 peak_prefill=1 peak_decode=6 minimum_link_headroom_mb_s=-136.776198 peak_memory_gb=28.659
  trial scenario=mild_alternating partition_id=random_14 partition=12-10-11-9-10-11-10-7 lambda=0.022 safe=False first_violation=network event_count=23 peak_prefill=1 peak_decode=6 minimum_link_headroom_mb_s=-136.655289 peak_memory_gb=28.659
  random_14          partition=[12, 10, 11, 9, 10, 11, 10, 7] safe=0.009 unsafe=0.0095 violation=network monotonic=True
  trial scenario=mild_alternating partition_id=random_15 partition=12-6-11-11-9-9-10-12 lambda=0.006 safe=True first_violation=None event_count=204 peak_prefill=1 peak_decode=4 minimum_link_headroom_mb_s=571.515797 peak_memory_gb=28.5276
  trial scenario=mild_alternating partition_id=random_15 partition=12-6-11-11-9-9-10-12 lambda=0.0065 safe=True first_violation=None event_count=204 peak_prefill=1 peak_decode=5 minimum_link_headroom_mb_s=340.539023 peak_memory_gb=28.83864
  trial scenario=mild_alternating partition_id=random_15 partition=12-6-11-11-9-9-10-12 lambda=0.007 safe=True first_violation=None event_count=204 peak_prefill=1 peak_decode=5 minimum_link_headroom_mb_s=340.779974 peak_memory_gb=29.17956
  trial scenario=mild_alternating partition_id=random_15 partition=12-6-11-11-9-9-10-12 lambda=0.0075 safe=True first_violation=None event_count=204 peak_prefill=1 peak_decode=6 minimum_link_headroom_mb_s=96.351584 peak_memory_gb=29.60004
  trial scenario=mild_alternating partition_id=random_15 partition=12-6-11-11-9-9-10-12 lambda=0.008 safe=True first_violation=None event_count=204 peak_prefill=1 peak_decode=6 minimum_link_headroom_mb_s=96.594193 peak_memory_gb=29.58852
  trial scenario=mild_alternating partition_id=random_15 partition=12-6-11-11-9-9-10-12 lambda=0.0085 safe=True first_violation=None event_count=204 peak_prefill=1 peak_decode=6 minimum_link_headroom_mb_s=96.719056 peak_memory_gb=29.58276
  trial scenario=mild_alternating partition_id=random_15 partition=12-6-11-11-9-9-10-12 lambda=0.009 safe=True first_violation=None event_count=204 peak_prefill=1 peak_decode=6 minimum_link_headroom_mb_s=96.506235 peak_memory_gb=29.59428
  trial scenario=mild_alternating partition_id=random_15 partition=12-6-11-11-9-9-10-12 lambda=0.0095 safe=False first_violation=network event_count=166 peak_prefill=1 peak_decode=6 minimum_link_headroom_mb_s=-164.477106 peak_memory_gb=29.58852
  trial scenario=mild_alternating partition_id=random_15 partition=12-6-11-11-9-9-10-12 lambda=0.01 safe=False first_violation=network event_count=116 peak_prefill=1 peak_decode=6 minimum_link_headroom_mb_s=-132.791735 peak_memory_gb=28.4862
  trial scenario=mild_alternating partition_id=random_15 partition=12-6-11-11-9-9-10-12 lambda=0.0105 safe=False first_violation=network event_count=115 peak_prefill=1 peak_decode=6 minimum_link_headroom_mb_s=-132.674252 peak_memory_gb=28.47468
  trial scenario=mild_alternating partition_id=random_15 partition=12-6-11-11-9-9-10-12 lambda=0.011 safe=False first_violation=network event_count=103 peak_prefill=1 peak_decode=6 minimum_link_headroom_mb_s=-140.348178 peak_memory_gb=28.58412
  trial scenario=mild_alternating partition_id=random_15 partition=12-6-11-11-9-9-10-12 lambda=0.0115 safe=False first_violation=network event_count=101 peak_prefill=1 peak_decode=6 minimum_link_headroom_mb_s=-140.103051 peak_memory_gb=28.58412
  trial scenario=mild_alternating partition_id=random_15 partition=12-6-11-11-9-9-10-12 lambda=0.012 safe=False first_violation=network event_count=101 peak_prefill=1 peak_decode=6 minimum_link_headroom_mb_s=-140.103051 peak_memory_gb=28.57836
  trial scenario=mild_alternating partition_id=random_15 partition=12-6-11-11-9-9-10-12 lambda=0.0125 safe=False first_violation=network event_count=74 peak_prefill=1 peak_decode=6 minimum_link_headroom_mb_s=-135.279108 peak_memory_gb=28.57836
  trial scenario=mild_alternating partition_id=random_15 partition=12-6-11-11-9-9-10-12 lambda=0.013 safe=False first_violation=network event_count=73 peak_prefill=1 peak_decode=6 minimum_link_headroom_mb_s=-135.148091 peak_memory_gb=28.57836
  trial scenario=mild_alternating partition_id=random_15 partition=12-6-11-11-9-9-10-12 lambda=0.0135 safe=False first_violation=network event_count=73 peak_prefill=1 peak_decode=6 minimum_link_headroom_mb_s=-135.148091 peak_memory_gb=28.57836
  trial scenario=mild_alternating partition_id=random_15 partition=12-6-11-11-9-9-10-12 lambda=0.014 safe=False first_violation=network event_count=71 peak_prefill=1 peak_decode=6 minimum_link_headroom_mb_s=-134.902551 peak_memory_gb=28.57836
  trial scenario=mild_alternating partition_id=random_15 partition=12-6-11-11-9-9-10-12 lambda=0.0145 safe=False first_violation=network event_count=68 peak_prefill=1 peak_decode=6 minimum_link_headroom_mb_s=-134.552649 peak_memory_gb=28.68204
  trial scenario=mild_alternating partition_id=random_15 partition=12-6-11-11-9-9-10-12 lambda=0.015 safe=False first_violation=network event_count=68 peak_prefill=1 peak_decode=6 minimum_link_headroom_mb_s=-134.552649 peak_memory_gb=28.67628
  trial scenario=mild_alternating partition_id=random_15 partition=12-6-11-11-9-9-10-12 lambda=0.0155 safe=False first_violation=network event_count=68 peak_prefill=1 peak_decode=6 minimum_link_headroom_mb_s=-134.552649 peak_memory_gb=28.67628
  trial scenario=mild_alternating partition_id=random_15 partition=12-6-11-11-9-9-10-12 lambda=0.016 safe=False first_violation=network event_count=60 peak_prefill=1 peak_decode=6 minimum_link_headroom_mb_s=-135.14575 peak_memory_gb=28.67628
  trial scenario=mild_alternating partition_id=random_15 partition=12-6-11-11-9-9-10-12 lambda=0.0165 safe=False first_violation=network event_count=60 peak_prefill=1 peak_decode=6 minimum_link_headroom_mb_s=-135.14575 peak_memory_gb=28.67628
  trial scenario=mild_alternating partition_id=random_15 partition=12-6-11-11-9-9-10-12 lambda=0.017 safe=False first_violation=network event_count=60 peak_prefill=1 peak_decode=6 minimum_link_headroom_mb_s=-135.14575 peak_memory_gb=28.67628
  trial scenario=mild_alternating partition_id=random_15 partition=12-6-11-11-9-9-10-12 lambda=0.0175 safe=False first_violation=network event_count=59 peak_prefill=1 peak_decode=6 minimum_link_headroom_mb_s=-135.018828 peak_memory_gb=28.67628
  trial scenario=mild_alternating partition_id=random_15 partition=12-6-11-11-9-9-10-12 lambda=0.018 safe=False first_violation=network event_count=26 peak_prefill=1 peak_decode=6 minimum_link_headroom_mb_s=-144.28352 peak_memory_gb=28.67052
  trial scenario=mild_alternating partition_id=random_15 partition=12-6-11-11-9-9-10-12 lambda=0.0185 safe=False first_violation=network event_count=26 peak_prefill=1 peak_decode=6 minimum_link_headroom_mb_s=-144.28352 peak_memory_gb=28.66476
  trial scenario=mild_alternating partition_id=random_15 partition=12-6-11-11-9-9-10-12 lambda=0.019 safe=False first_violation=network event_count=26 peak_prefill=1 peak_decode=6 minimum_link_headroom_mb_s=-144.28352 peak_memory_gb=28.659
  trial scenario=mild_alternating partition_id=random_15 partition=12-6-11-11-9-9-10-12 lambda=0.0195 safe=False first_violation=network event_count=25 peak_prefill=1 peak_decode=6 minimum_link_headroom_mb_s=-144.167006 peak_memory_gb=28.659
  trial scenario=mild_alternating partition_id=random_15 partition=12-6-11-11-9-9-10-12 lambda=0.02 safe=False first_violation=network event_count=25 peak_prefill=1 peak_decode=6 minimum_link_headroom_mb_s=-144.167006 peak_memory_gb=28.659
  trial scenario=mild_alternating partition_id=random_15 partition=12-6-11-11-9-9-10-12 lambda=0.0205 safe=False first_violation=network event_count=25 peak_prefill=1 peak_decode=6 minimum_link_headroom_mb_s=-144.167006 peak_memory_gb=28.659
  trial scenario=mild_alternating partition_id=random_15 partition=12-6-11-11-9-9-10-12 lambda=0.021 safe=False first_violation=network event_count=25 peak_prefill=1 peak_decode=6 minimum_link_headroom_mb_s=-144.167006 peak_memory_gb=28.659
  trial scenario=mild_alternating partition_id=random_15 partition=12-6-11-11-9-9-10-12 lambda=0.0215 safe=False first_violation=network event_count=24 peak_prefill=1 peak_decode=6 minimum_link_headroom_mb_s=-144.044616 peak_memory_gb=28.659
  trial scenario=mild_alternating partition_id=random_15 partition=12-6-11-11-9-9-10-12 lambda=0.022 safe=False first_violation=network event_count=23 peak_prefill=1 peak_decode=6 minimum_link_headroom_mb_s=-143.921966 peak_memory_gb=28.659
  random_15          partition=[12, 6, 11, 11, 9, 9, 10, 12] safe=0.009 unsafe=0.0095 violation=network monotonic=True
  trial scenario=mild_alternating partition_id=random_16 partition=7-10-12-13-10-10-8-10 lambda=0.006 safe=True first_violation=None event_count=204 peak_prefill=1 peak_decode=5 minimum_link_headroom_mb_s=317.15503 peak_memory_gb=30.74186
  trial scenario=mild_alternating partition_id=random_16 partition=7-10-12-13-10-10-8-10 lambda=0.0065 safe=True first_violation=None event_count=204 peak_prefill=1 peak_decode=5 minimum_link_headroom_mb_s=317.274774 peak_memory_gb=30.73562
  trial scenario=mild_alternating partition_id=random_16 partition=7-10-12-13-10-10-8-10 lambda=0.007 safe=True first_violation=None event_count=204 peak_prefill=1 peak_decode=5 minimum_link_headroom_mb_s=65.537371 peak_memory_gb=31.57919
  trial scenario=mild_alternating partition_id=random_16 partition=7-10-12-13-10-10-8-10 lambda=0.0075 safe=True first_violation=None event_count=204 peak_prefill=1 peak_decode=6 minimum_link_headroom_mb_s=65.781181 peak_memory_gb=31.56671
  trial scenario=mild_alternating partition_id=random_16 partition=7-10-12-13-10-10-8-10 lambda=0.008 safe=True first_violation=None event_count=204 peak_prefill=1 peak_decode=6 minimum_link_headroom_mb_s=66.041969 peak_memory_gb=31.55423
  trial scenario=mild_alternating partition_id=random_16 partition=7-10-12-13-10-10-8-10 lambda=0.0085 safe=True first_violation=None event_count=204 peak_prefill=1 peak_decode=6 minimum_link_headroom_mb_s=65.829989 peak_memory_gb=31.56671
  trial scenario=mild_alternating partition_id=random_16 partition=7-10-12-13-10-10-8-10 lambda=0.009 safe=False first_violation=network event_count=167 peak_prefill=1 peak_decode=6 minimum_link_headroom_mb_s=-203.66835 peak_memory_gb=31.56047
  trial scenario=mild_alternating partition_id=random_16 partition=7-10-12-13-10-10-8-10 lambda=0.0095 safe=False first_violation=network event_count=117 peak_prefill=1 peak_decode=6 minimum_link_headroom_mb_s=-169.610906 peak_memory_gb=30.36629
  trial scenario=mild_alternating partition_id=random_16 partition=7-10-12-13-10-10-8-10 lambda=0.01 safe=False first_violation=network event_count=116 peak_prefill=1 peak_decode=6 minimum_link_headroom_mb_s=-169.468673 peak_memory_gb=30.36005
  trial scenario=mild_alternating partition_id=random_16 partition=7-10-12-13-10-10-8-10 lambda=0.0105 safe=False first_violation=network event_count=105 peak_prefill=1 peak_decode=6 minimum_link_headroom_mb_s=-177.89162 peak_memory_gb=30.34757
  trial scenario=mild_alternating partition_id=random_16 partition=7-10-12-13-10-10-8-10 lambda=0.011 safe=False first_violation=network event_count=102 peak_prefill=1 peak_decode=6 minimum_link_headroom_mb_s=-177.498902 peak_memory_gb=30.46613
  trial scenario=mild_alternating partition_id=random_16 partition=7-10-12-13-10-10-8-10 lambda=0.0115 safe=False first_violation=network event_count=101 peak_prefill=1 peak_decode=6 minimum_link_headroom_mb_s=-177.361183 peak_memory_gb=30.46613
  trial scenario=mild_alternating partition_id=random_16 partition=7-10-12-13-10-10-8-10 lambda=0.012 safe=False first_violation=network event_count=74 peak_prefill=1 peak_decode=6 minimum_link_headroom_mb_s=-172.182905 peak_memory_gb=30.45989
  trial scenario=mild_alternating partition_id=random_16 partition=7-10-12-13-10-10-8-10 lambda=0.0125 safe=False first_violation=network event_count=74 peak_prefill=1 peak_decode=6 minimum_link_headroom_mb_s=-172.182905 peak_memory_gb=30.45989
  trial scenario=mild_alternating partition_id=random_16 partition=7-10-12-13-10-10-8-10 lambda=0.013 safe=False first_violation=network event_count=73 peak_prefill=1 peak_decode=6 minimum_link_headroom_mb_s=-172.041651 peak_memory_gb=30.45989
  trial scenario=mild_alternating partition_id=random_16 partition=7-10-12-13-10-10-8-10 lambda=0.0135 safe=False first_violation=network event_count=73 peak_prefill=1 peak_decode=6 minimum_link_headroom_mb_s=-172.041651 peak_memory_gb=30.45989
  trial scenario=mild_alternating partition_id=random_16 partition=7-10-12-13-10-10-8-10 lambda=0.014 safe=False first_violation=network event_count=71 peak_prefill=1 peak_decode=6 minimum_link_headroom_mb_s=-171.777727 peak_memory_gb=30.57221
  trial scenario=mild_alternating partition_id=random_16 partition=7-10-12-13-10-10-8-10 lambda=0.0145 safe=False first_violation=network event_count=68 peak_prefill=1 peak_decode=6 minimum_link_headroom_mb_s=-171.402528 peak_memory_gb=30.56597
  trial scenario=mild_alternating partition_id=random_16 partition=7-10-12-13-10-10-8-10 lambda=0.015 safe=False first_violation=network event_count=68 peak_prefill=1 peak_decode=6 minimum_link_headroom_mb_s=-171.402528 peak_memory_gb=30.56597
  trial scenario=mild_alternating partition_id=random_16 partition=7-10-12-13-10-10-8-10 lambda=0.0155 safe=False first_violation=network event_count=68 peak_prefill=1 peak_decode=6 minimum_link_headroom_mb_s=-171.402528 peak_memory_gb=30.56597
  trial scenario=mild_alternating partition_id=random_16 partition=7-10-12-13-10-10-8-10 lambda=0.016 safe=False first_violation=network event_count=60 peak_prefill=1 peak_decode=6 minimum_link_headroom_mb_s=-172.005891 peak_memory_gb=30.56597
  trial scenario=mild_alternating partition_id=random_16 partition=7-10-12-13-10-10-8-10 lambda=0.0165 safe=False first_violation=network event_count=60 peak_prefill=1 peak_decode=6 minimum_link_headroom_mb_s=-172.005891 peak_memory_gb=30.56597
  trial scenario=mild_alternating partition_id=random_16 partition=7-10-12-13-10-10-8-10 lambda=0.017 safe=False first_violation=network event_count=59 peak_prefill=1 peak_decode=6 minimum_link_headroom_mb_s=-171.869258 peak_memory_gb=30.56597
  trial scenario=mild_alternating partition_id=random_16 partition=7-10-12-13-10-10-8-10 lambda=0.0175 safe=False first_violation=network event_count=26 peak_prefill=1 peak_decode=6 minimum_link_headroom_mb_s=-181.824887 peak_memory_gb=30.55973
  trial scenario=mild_alternating partition_id=random_16 partition=7-10-12-13-10-10-8-10 lambda=0.018 safe=False first_violation=network event_count=26 peak_prefill=1 peak_decode=6 minimum_link_headroom_mb_s=-181.824887 peak_memory_gb=30.55349
  trial scenario=mild_alternating partition_id=random_16 partition=7-10-12-13-10-10-8-10 lambda=0.0185 safe=False first_violation=network event_count=26 peak_prefill=1 peak_decode=6 minimum_link_headroom_mb_s=-181.824887 peak_memory_gb=30.55349
  trial scenario=mild_alternating partition_id=random_16 partition=7-10-12-13-10-10-8-10 lambda=0.019 safe=False first_violation=network event_count=26 peak_prefill=1 peak_decode=6 minimum_link_headroom_mb_s=-181.824887 peak_memory_gb=30.54725
  trial scenario=mild_alternating partition_id=random_16 partition=7-10-12-13-10-10-8-10 lambda=0.0195 safe=False first_violation=network event_count=25 peak_prefill=1 peak_decode=6 minimum_link_headroom_mb_s=-181.699956 peak_memory_gb=30.54725
  trial scenario=mild_alternating partition_id=random_16 partition=7-10-12-13-10-10-8-10 lambda=0.02 safe=False first_violation=network event_count=25 peak_prefill=1 peak_decode=6 minimum_link_headroom_mb_s=-181.699956 peak_memory_gb=30.54725
  trial scenario=mild_alternating partition_id=random_16 partition=7-10-12-13-10-10-8-10 lambda=0.0205 safe=False first_violation=network event_count=25 peak_prefill=1 peak_decode=6 minimum_link_headroom_mb_s=-181.699956 peak_memory_gb=30.54725
  trial scenario=mild_alternating partition_id=random_16 partition=7-10-12-13-10-10-8-10 lambda=0.021 safe=False first_violation=network event_count=24 peak_prefill=1 peak_decode=6 minimum_link_headroom_mb_s=-181.568427 peak_memory_gb=30.54725
  trial scenario=mild_alternating partition_id=random_16 partition=7-10-12-13-10-10-8-10 lambda=0.0215 safe=False first_violation=network event_count=23 peak_prefill=1 peak_decode=6 minimum_link_headroom_mb_s=-181.436607 peak_memory_gb=30.54725
  trial scenario=mild_alternating partition_id=random_16 partition=7-10-12-13-10-10-8-10 lambda=0.022 safe=False first_violation=network event_count=23 peak_prefill=1 peak_decode=6 minimum_link_headroom_mb_s=-181.436607 peak_memory_gb=30.54101
  random_16          partition=[7, 10, 12, 13, 10, 10, 8, 10] safe=0.0085 unsafe=0.009 violation=network monotonic=True
  trial scenario=mild_alternating partition_id=random_17 partition=7-15-8-10-10-10-8-12 lambda=0.006 safe=True first_violation=None event_count=204 peak_prefill=1 peak_decode=5 minimum_link_headroom_mb_s=297.554979 peak_memory_gb=34.5483
  trial scenario=mild_alternating partition_id=random_17 partition=7-15-8-10-10-10-8-12 lambda=0.0065 safe=True first_violation=None event_count=204 peak_prefill=1 peak_decode=5 minimum_link_headroom_mb_s=297.681616 peak_memory_gb=34.5411
  trial scenario=mild_alternating partition_id=random_17 partition=7-15-8-10-10-10-8-12 lambda=0.007 safe=True first_violation=None event_count=204 peak_prefill=1 peak_decode=6 minimum_link_headroom_mb_s=39.997486 peak_memory_gb=35.50725
  trial scenario=mild_alternating partition_id=random_17 partition=7-15-8-10-10-10-8-12 lambda=0.0075 safe=True first_violation=None event_count=204 peak_prefill=1 peak_decode=6 minimum_link_headroom_mb_s=40.123172 peak_memory_gb=35.50005
  trial scenario=mild_alternating partition_id=random_17 partition=7-15-8-10-10-10-8-12 lambda=0.008 safe=True first_violation=None event_count=204 peak_prefill=1 peak_decode=6 minimum_link_headroom_mb_s=40.399703 peak_memory_gb=35.48565
  trial scenario=mild_alternating partition_id=random_17 partition=7-15-8-10-10-10-8-12 lambda=0.0085 safe=True first_violation=None event_count=204 peak_prefill=1 peak_decode=6 minimum_link_headroom_mb_s=40.302616 peak_memory_gb=35.49285
  trial scenario=mild_alternating partition_id=random_17 partition=7-15-8-10-10-10-8-12 lambda=0.009 safe=False first_violation=network event_count=166 peak_prefill=1 peak_decode=6 minimum_link_headroom_mb_s=-236.383801 peak_memory_gb=35.48565
  trial scenario=mild_alternating partition_id=random_17 partition=7-15-8-10-10-10-8-12 lambda=0.0095 safe=False first_violation=network event_count=116 peak_prefill=1 peak_decode=6 minimum_link_headroom_mb_s=-200.251676 peak_memory_gb=34.10775
  trial scenario=mild_alternating partition_id=random_17 partition=7-15-8-10-10-10-8-12 lambda=0.01 safe=False first_violation=network event_count=116 peak_prefill=1 peak_decode=6 minimum_link_headroom_mb_s=-200.251676 peak_memory_gb=34.09335
  trial scenario=mild_alternating partition_id=random_17 partition=7-15-8-10-10-10-8-12 lambda=0.0105 safe=False first_violation=network event_count=104 peak_prefill=1 peak_decode=6 minimum_link_headroom_mb_s=-209.077943 peak_memory_gb=34.23015
  trial scenario=mild_alternating partition_id=random_17 partition=7-15-8-10-10-10-8-12 lambda=0.011 safe=False first_violation=network event_count=102 peak_prefill=1 peak_decode=6 minimum_link_headroom_mb_s=-208.793979 peak_memory_gb=34.23015
  trial scenario=mild_alternating partition_id=random_17 partition=7-15-8-10-10-10-8-12 lambda=0.0115 safe=False first_violation=network event_count=101 peak_prefill=1 peak_decode=6 minimum_link_headroom_mb_s=-208.647722 peak_memory_gb=34.22295
  trial scenario=mild_alternating partition_id=random_17 partition=7-15-8-10-10-10-8-12 lambda=0.012 safe=False first_violation=network event_count=74 peak_prefill=1 peak_decode=6 minimum_link_headroom_mb_s=-203.162784 peak_memory_gb=34.22295
  trial scenario=mild_alternating partition_id=random_17 partition=7-15-8-10-10-10-8-12 lambda=0.0125 safe=False first_violation=network event_count=74 peak_prefill=1 peak_decode=6 minimum_link_headroom_mb_s=-203.162784 peak_memory_gb=34.22295
  trial scenario=mild_alternating partition_id=random_17 partition=7-15-8-10-10-10-8-12 lambda=0.013 safe=False first_violation=network event_count=73 peak_prefill=1 peak_decode=6 minimum_link_headroom_mb_s=-203.012628 peak_memory_gb=34.22295
  trial scenario=mild_alternating partition_id=random_17 partition=7-15-8-10-10-10-8-12 lambda=0.0135 safe=False first_violation=network event_count=71 peak_prefill=1 peak_decode=6 minimum_link_headroom_mb_s=-202.732785 peak_memory_gb=34.22295
  trial scenario=mild_alternating partition_id=random_17 partition=7-15-8-10-10-10-8-12 lambda=0.014 safe=False first_violation=network event_count=68 peak_prefill=1 peak_decode=6 minimum_link_headroom_mb_s=-202.335754 peak_memory_gb=34.35255
  trial scenario=mild_alternating partition_id=random_17 partition=7-15-8-10-10-10-8-12 lambda=0.0145 safe=False first_violation=network event_count=68 peak_prefill=1 peak_decode=6 minimum_link_headroom_mb_s=-202.335754 peak_memory_gb=34.34535
  trial scenario=mild_alternating partition_id=random_17 partition=7-15-8-10-10-10-8-12 lambda=0.015 safe=False first_violation=network event_count=68 peak_prefill=1 peak_decode=6 minimum_link_headroom_mb_s=-202.335754 peak_memory_gb=34.34535
  trial scenario=mild_alternating partition_id=random_17 partition=7-15-8-10-10-10-8-12 lambda=0.0155 safe=False first_violation=network event_count=60 peak_prefill=1 peak_decode=6 minimum_link_headroom_mb_s=-202.948112 peak_memory_gb=34.34535
  trial scenario=mild_alternating partition_id=random_17 partition=7-15-8-10-10-10-8-12 lambda=0.016 safe=False first_violation=network event_count=60 peak_prefill=1 peak_decode=6 minimum_link_headroom_mb_s=-202.948112 peak_memory_gb=34.34535
  trial scenario=mild_alternating partition_id=random_17 partition=7-15-8-10-10-10-8-12 lambda=0.0165 safe=False first_violation=network event_count=60 peak_prefill=1 peak_decode=6 minimum_link_headroom_mb_s=-202.948112 peak_memory_gb=34.34535
  trial scenario=mild_alternating partition_id=random_17 partition=7-15-8-10-10-10-8-12 lambda=0.017 safe=False first_violation=network event_count=59 peak_prefill=1 peak_decode=6 minimum_link_headroom_mb_s=-202.803054 peak_memory_gb=34.34535
  trial scenario=mild_alternating partition_id=random_17 partition=7-15-8-10-10-10-8-12 lambda=0.0175 safe=False first_violation=network event_count=26 peak_prefill=1 peak_decode=6 minimum_link_headroom_mb_s=-213.355853 peak_memory_gb=34.33815
  trial scenario=mild_alternating partition_id=random_17 partition=7-15-8-10-10-10-8-12 lambda=0.018 safe=False first_violation=network event_count=26 peak_prefill=1 peak_decode=6 minimum_link_headroom_mb_s=-213.355853 peak_memory_gb=34.33095
  trial scenario=mild_alternating partition_id=random_17 partition=7-15-8-10-10-10-8-12 lambda=0.0185 safe=False first_violation=network event_count=26 peak_prefill=1 peak_decode=6 minimum_link_headroom_mb_s=-213.355853 peak_memory_gb=34.32375
  trial scenario=mild_alternating partition_id=random_17 partition=7-15-8-10-10-10-8-12 lambda=0.019 safe=False first_violation=network event_count=25 peak_prefill=1 peak_decode=6 minimum_link_headroom_mb_s=-213.223658 peak_memory_gb=34.32375
  trial scenario=mild_alternating partition_id=random_17 partition=7-15-8-10-10-10-8-12 lambda=0.0195 safe=False first_violation=network event_count=25 peak_prefill=1 peak_decode=6 minimum_link_headroom_mb_s=-213.223658 peak_memory_gb=34.32375
  trial scenario=mild_alternating partition_id=random_17 partition=7-15-8-10-10-10-8-12 lambda=0.02 safe=False first_violation=network event_count=25 peak_prefill=1 peak_decode=6 minimum_link_headroom_mb_s=-213.223658 peak_memory_gb=34.32375
  trial scenario=mild_alternating partition_id=random_17 partition=7-15-8-10-10-10-8-12 lambda=0.0205 safe=False first_violation=network event_count=24 peak_prefill=1 peak_decode=6 minimum_link_headroom_mb_s=-213.084219 peak_memory_gb=34.32375
  trial scenario=mild_alternating partition_id=random_17 partition=7-15-8-10-10-10-8-12 lambda=0.021 safe=False first_violation=network event_count=24 peak_prefill=1 peak_decode=6 minimum_link_headroom_mb_s=-213.084219 peak_memory_gb=34.32375
  trial scenario=mild_alternating partition_id=random_17 partition=7-15-8-10-10-10-8-12 lambda=0.0215 safe=False first_violation=network event_count=23 peak_prefill=1 peak_decode=6 minimum_link_headroom_mb_s=-212.944458 peak_memory_gb=34.31655
  trial scenario=mild_alternating partition_id=random_17 partition=7-15-8-10-10-10-8-12 lambda=0.022 safe=False first_violation=network event_count=23 peak_prefill=1 peak_decode=6 minimum_link_headroom_mb_s=-212.944458 peak_memory_gb=34.31655
  random_17          partition=[7, 15, 8, 10, 10, 10, 8, 12] safe=0.0085 unsafe=0.009 violation=network monotonic=True
summary scenario=mild_alternating min=0.0085 max=0.009 absolute_gap=0.0005 relative_gap_pct=5.882 significant=False
scenario=single_slow_stage speeds=[1.0, 1.0, 1.0, 0.55, 1.0, 1.0, 1.0, 1.0] partitions=20
  trial scenario=single_slow_stage partition_id=uniform partition=10-10-10-10-10-10-10-10 lambda=0.006 safe=True first_violation=None event_count=204 peak_prefill=1 peak_decode=5 minimum_link_headroom_mb_s=223.866264 peak_memory_gb=25.0322
  trial scenario=single_slow_stage partition_id=uniform partition=10-10-10-10-10-10-10-10 lambda=0.0065 safe=True first_violation=None event_count=204 peak_prefill=1 peak_decode=5 minimum_link_headroom_mb_s=224.307746 peak_memory_gb=25.3163
  trial scenario=single_slow_stage partition_id=uniform partition=10-10-10-10-10-10-10-10 lambda=0.007 safe=False first_violation=network event_count=162 peak_prefill=1 peak_decode=5 minimum_link_headroom_mb_s=-56.623147 peak_memory_gb=25.4027
  trial scenario=single_slow_stage partition_id=uniform partition=10-10-10-10-10-10-10-10 lambda=0.0075 safe=False first_violation=network event_count=160 peak_prefill=1 peak_decode=5 minimum_link_headroom_mb_s=-56.283251 peak_memory_gb=25.3979
  trial scenario=single_slow_stage partition_id=uniform partition=10-10-10-10-10-10-10-10 lambda=0.008 safe=False first_violation=network event_count=110 peak_prefill=1 peak_decode=5 minimum_link_headroom_mb_s=-29.802445 peak_memory_gb=24.4745
  trial scenario=single_slow_stage partition_id=uniform partition=10-10-10-10-10-10-10-10 lambda=0.0085 safe=False first_violation=network event_count=109 peak_prefill=1 peak_decode=5 minimum_link_headroom_mb_s=-29.626125 peak_memory_gb=24.4745
  trial scenario=single_slow_stage partition_id=uniform partition=10-10-10-10-10-10-10-10 lambda=0.009 safe=False first_violation=network event_count=97 peak_prefill=1 peak_decode=5 minimum_link_headroom_mb_s=-35.491924 peak_memory_gb=24.4601
  trial scenario=single_slow_stage partition_id=uniform partition=10-10-10-10-10-10-10-10 lambda=0.0095 safe=False first_violation=network event_count=69 peak_prefill=1 peak_decode=5 minimum_link_headroom_mb_s=-18.575038 peak_memory_gb=24.3449
  trial scenario=single_slow_stage partition_id=uniform partition=10-10-10-10-10-10-10-10 lambda=0.01 safe=False first_violation=network event_count=69 peak_prefill=1 peak_decode=5 minimum_link_headroom_mb_s=-18.575038 peak_memory_gb=24.8201
  trial scenario=single_slow_stage partition_id=uniform partition=10-10-10-10-10-10-10-10 lambda=0.0105 safe=False first_violation=network event_count=68 peak_prefill=1 peak_decode=5 minimum_link_headroom_mb_s=-18.422511 peak_memory_gb=24.8201
  trial scenario=single_slow_stage partition_id=uniform partition=10-10-10-10-10-10-10-10 lambda=0.011 safe=False first_violation=network event_count=66 peak_prefill=1 peak_decode=5 minimum_link_headroom_mb_s=-18.100719 peak_memory_gb=24.8153
  trial scenario=single_slow_stage partition_id=uniform partition=10-10-10-10-10-10-10-10 lambda=0.0115 safe=False first_violation=network event_count=66 peak_prefill=1 peak_decode=5 minimum_link_headroom_mb_s=-18.100719 peak_memory_gb=24.8153
  trial scenario=single_slow_stage partition_id=uniform partition=10-10-10-10-10-10-10-10 lambda=0.012 safe=False first_violation=network event_count=66 peak_prefill=1 peak_decode=5 minimum_link_headroom_mb_s=-18.100719 peak_memory_gb=24.8153
  trial scenario=single_slow_stage partition_id=uniform partition=10-10-10-10-10-10-10-10 lambda=0.0125 safe=False first_violation=network event_count=66 peak_prefill=1 peak_decode=5 minimum_link_headroom_mb_s=-18.100719 peak_memory_gb=24.8153
  trial scenario=single_slow_stage partition_id=uniform partition=10-10-10-10-10-10-10-10 lambda=0.013 safe=False first_violation=network event_count=23 peak_prefill=1 peak_decode=5 minimum_link_headroom_mb_s=-47.98239 peak_memory_gb=24.8153
  trial scenario=single_slow_stage partition_id=uniform partition=10-10-10-10-10-10-10-10 lambda=0.0135 safe=False first_violation=network event_count=22 peak_prefill=1 peak_decode=5 minimum_link_headroom_mb_s=-47.820282 peak_memory_gb=24.8057
  trial scenario=single_slow_stage partition_id=uniform partition=10-10-10-10-10-10-10-10 lambda=0.014 safe=False first_violation=network event_count=21 peak_prefill=1 peak_decode=5 minimum_link_headroom_mb_s=-47.667942 peak_memory_gb=24.7961
  trial scenario=single_slow_stage partition_id=uniform partition=10-10-10-10-10-10-10-10 lambda=0.0145 safe=False first_violation=network event_count=21 peak_prefill=1 peak_decode=5 minimum_link_headroom_mb_s=-47.667942 peak_memory_gb=24.7961
  trial scenario=single_slow_stage partition_id=uniform partition=10-10-10-10-10-10-10-10 lambda=0.015 safe=False first_violation=network event_count=21 peak_prefill=1 peak_decode=5 minimum_link_headroom_mb_s=-47.667942 peak_memory_gb=24.7961
  trial scenario=single_slow_stage partition_id=uniform partition=10-10-10-10-10-10-10-10 lambda=0.0155 safe=False first_violation=network event_count=21 peak_prefill=1 peak_decode=5 minimum_link_headroom_mb_s=-47.667942 peak_memory_gb=24.7961
  trial scenario=single_slow_stage partition_id=uniform partition=10-10-10-10-10-10-10-10 lambda=0.016 safe=False first_violation=network event_count=21 peak_prefill=1 peak_decode=5 minimum_link_headroom_mb_s=-47.667942 peak_memory_gb=24.7961
  trial scenario=single_slow_stage partition_id=uniform partition=10-10-10-10-10-10-10-10 lambda=0.0165 safe=False first_violation=network event_count=21 peak_prefill=1 peak_decode=5 minimum_link_headroom_mb_s=-47.667942 peak_memory_gb=24.7961
  trial scenario=single_slow_stage partition_id=uniform partition=10-10-10-10-10-10-10-10 lambda=0.017 safe=False first_violation=network event_count=20 peak_prefill=1 peak_decode=5 minimum_link_headroom_mb_s=-47.506039 peak_memory_gb=24.7961
  trial scenario=single_slow_stage partition_id=uniform partition=10-10-10-10-10-10-10-10 lambda=0.0175 safe=False first_violation=network event_count=19 peak_prefill=1 peak_decode=5 minimum_link_headroom_mb_s=-47.337612 peak_memory_gb=24.7961
  trial scenario=single_slow_stage partition_id=uniform partition=10-10-10-10-10-10-10-10 lambda=0.018 safe=False first_violation=network event_count=19 peak_prefill=1 peak_decode=5 minimum_link_headroom_mb_s=-47.337612 peak_memory_gb=24.7961
  trial scenario=single_slow_stage partition_id=uniform partition=10-10-10-10-10-10-10-10 lambda=0.0185 safe=False first_violation=network event_count=19 peak_prefill=1 peak_decode=5 minimum_link_headroom_mb_s=-47.337612 peak_memory_gb=24.7913
  trial scenario=single_slow_stage partition_id=uniform partition=10-10-10-10-10-10-10-10 lambda=0.019 safe=False first_violation=network event_count=19 peak_prefill=1 peak_decode=5 minimum_link_headroom_mb_s=-47.337612 peak_memory_gb=24.7913
  trial scenario=single_slow_stage partition_id=uniform partition=10-10-10-10-10-10-10-10 lambda=0.0195 safe=False first_violation=network event_count=19 peak_prefill=1 peak_decode=5 minimum_link_headroom_mb_s=-47.337612 peak_memory_gb=24.7913
  trial scenario=single_slow_stage partition_id=uniform partition=10-10-10-10-10-10-10-10 lambda=0.02 safe=False first_violation=network event_count=19 peak_prefill=1 peak_decode=5 minimum_link_headroom_mb_s=-47.337612 peak_memory_gb=24.7913
  trial scenario=single_slow_stage partition_id=uniform partition=10-10-10-10-10-10-10-10 lambda=0.0205 safe=False first_violation=network event_count=18 peak_prefill=1 peak_decode=5 minimum_link_headroom_mb_s=-47.185458 peak_memory_gb=24.7865
  trial scenario=single_slow_stage partition_id=uniform partition=10-10-10-10-10-10-10-10 lambda=0.021 safe=False first_violation=network event_count=18 peak_prefill=1 peak_decode=5 minimum_link_headroom_mb_s=-47.185458 peak_memory_gb=24.7865
  trial scenario=single_slow_stage partition_id=uniform partition=10-10-10-10-10-10-10-10 lambda=0.0215 safe=False first_violation=network event_count=18 peak_prefill=1 peak_decode=5 minimum_link_headroom_mb_s=-47.185458 peak_memory_gb=24.7865
  trial scenario=single_slow_stage partition_id=uniform partition=10-10-10-10-10-10-10-10 lambda=0.022 safe=False first_violation=network event_count=18 peak_prefill=1 peak_decode=5 minimum_link_headroom_mb_s=-47.185458 peak_memory_gb=24.7865
  uniform            partition=[10, 10, 10, 10, 10, 10, 10, 10] safe=0.0065 unsafe=0.007 violation=network monotonic=True
  trial scenario=single_slow_stage partition_id=compute_balanced partition=11-11-11-6-11-10-10-10 lambda=0.006 safe=True first_violation=None event_count=204 peak_prefill=1 peak_decode=5 minimum_link_headroom_mb_s=282.323849 peak_memory_gb=26.93542
  trial scenario=single_slow_stage partition_id=compute_balanced partition=11-11-11-6-11-10-10-10 lambda=0.0065 safe=True first_violation=None event_count=204 peak_prefill=1 peak_decode=5 minimum_link_headroom_mb_s=282.455961 peak_memory_gb=26.93014
  trial scenario=single_slow_stage partition_id=compute_balanced partition=11-11-11-6-11-10-10-10 lambda=0.007 safe=True first_violation=None event_count=204 peak_prefill=1 peak_decode=6 minimum_link_headroom_mb_s=20.162701 peak_memory_gb=27.63337
  trial scenario=single_slow_stage partition_id=compute_balanced partition=11-11-11-6-11-10-10-10 lambda=0.0075 safe=True first_violation=None event_count=204 peak_prefill=1 peak_decode=6 minimum_link_headroom_mb_s=20.302159 peak_memory_gb=27.62809
  trial scenario=single_slow_stage partition_id=compute_balanced partition=11-11-11-6-11-10-10-10 lambda=0.008 safe=True first_violation=None event_count=204 peak_prefill=1 peak_decode=6 minimum_link_headroom_mb_s=20.601058 peak_memory_gb=27.61753
  trial scenario=single_slow_stage partition_id=compute_balanced partition=11-11-11-6-11-10-10-10 lambda=0.0085 safe=True first_violation=None event_count=204 peak_prefill=1 peak_decode=6 minimum_link_headroom_mb_s=20.351467 peak_memory_gb=27.62809
  trial scenario=single_slow_stage partition_id=compute_balanced partition=11-11-11-6-11-10-10-10 lambda=0.009 safe=False first_violation=network event_count=166 peak_prefill=1 peak_decode=6 minimum_link_headroom_mb_s=-261.977554 peak_memory_gb=27.62281
  trial scenario=single_slow_stage partition_id=compute_balanced partition=11-11-11-6-11-10-10-10 lambda=0.0095 safe=False first_violation=network event_count=116 peak_prefill=1 peak_decode=6 minimum_link_headroom_mb_s=-224.198931 peak_memory_gb=26.61235
  trial scenario=single_slow_stage partition_id=compute_balanced partition=11-11-11-6-11-10-10-10 lambda=0.01 safe=False first_violation=network event_count=116 peak_prefill=1 peak_decode=6 minimum_link_headroom_mb_s=-224.198931 peak_memory_gb=26.60179
  trial scenario=single_slow_stage partition_id=compute_balanced partition=11-11-11-6-11-10-10-10 lambda=0.0105 safe=False first_violation=network event_count=103 peak_prefill=1 peak_decode=6 minimum_link_headroom_mb_s=-233.288655 peak_memory_gb=26.70211
  trial scenario=single_slow_stage partition_id=compute_balanced partition=11-11-11-6-11-10-10-10 lambda=0.011 safe=False first_violation=network event_count=101 peak_prefill=1 peak_decode=6 minimum_link_headroom_mb_s=-232.996649 peak_memory_gb=26.70211
  trial scenario=single_slow_stage partition_id=compute_balanced partition=11-11-11-6-11-10-10-10 lambda=0.0115 safe=False first_violation=network event_count=101 peak_prefill=1 peak_decode=6 minimum_link_headroom_mb_s=-232.996649 peak_memory_gb=26.69683
  trial scenario=single_slow_stage partition_id=compute_balanced partition=11-11-11-6-11-10-10-10 lambda=0.012 safe=False first_violation=network event_count=74 peak_prefill=1 peak_decode=6 minimum_link_headroom_mb_s=-227.267293 peak_memory_gb=26.69683
  trial scenario=single_slow_stage partition_id=compute_balanced partition=11-11-11-6-11-10-10-10 lambda=0.0125 safe=False first_violation=network event_count=73 peak_prefill=1 peak_decode=6 minimum_link_headroom_mb_s=-227.110014 peak_memory_gb=26.69683
  trial scenario=single_slow_stage partition_id=compute_balanced partition=11-11-11-6-11-10-10-10 lambda=0.013 safe=False first_violation=network event_count=73 peak_prefill=1 peak_decode=6 minimum_link_headroom_mb_s=-227.110014 peak_memory_gb=26.69683
  trial scenario=single_slow_stage partition_id=compute_balanced partition=11-11-11-6-11-10-10-10 lambda=0.0135 safe=False first_violation=network event_count=71 peak_prefill=1 peak_decode=6 minimum_link_headroom_mb_s=-226.817476 peak_memory_gb=26.79187
  trial scenario=single_slow_stage partition_id=compute_balanced partition=11-11-11-6-11-10-10-10 lambda=0.014 safe=False first_violation=network event_count=68 peak_prefill=1 peak_decode=6 minimum_link_headroom_mb_s=-226.403086 peak_memory_gb=26.78659
  trial scenario=single_slow_stage partition_id=compute_balanced partition=11-11-11-6-11-10-10-10 lambda=0.0145 safe=False first_violation=network event_count=68 peak_prefill=1 peak_decode=6 minimum_link_headroom_mb_s=-226.403086 peak_memory_gb=26.78659
  trial scenario=single_slow_stage partition_id=compute_balanced partition=11-11-11-6-11-10-10-10 lambda=0.015 safe=False first_violation=network event_count=68 peak_prefill=1 peak_decode=6 minimum_link_headroom_mb_s=-226.403086 peak_memory_gb=26.78659
  trial scenario=single_slow_stage partition_id=compute_balanced partition=11-11-11-6-11-10-10-10 lambda=0.0155 safe=False first_violation=network event_count=60 peak_prefill=1 peak_decode=6 minimum_link_headroom_mb_s=-227.022696 peak_memory_gb=26.78659
  trial scenario=single_slow_stage partition_id=compute_balanced partition=11-11-11-6-11-10-10-10 lambda=0.016 safe=False first_violation=network event_count=60 peak_prefill=1 peak_decode=6 minimum_link_headroom_mb_s=-227.022696 peak_memory_gb=26.78659
  trial scenario=single_slow_stage partition_id=compute_balanced partition=11-11-11-6-11-10-10-10 lambda=0.0165 safe=False first_violation=network event_count=59 peak_prefill=1 peak_decode=6 minimum_link_headroom_mb_s=-226.870908 peak_memory_gb=26.78659
  trial scenario=single_slow_stage partition_id=compute_balanced partition=11-11-11-6-11-10-10-10 lambda=0.017 safe=False first_violation=network event_count=26 peak_prefill=1 peak_decode=6 minimum_link_headroom_mb_s=-237.899146 peak_memory_gb=26.78131
  trial scenario=single_slow_stage partition_id=compute_balanced partition=11-11-11-6-11-10-10-10 lambda=0.0175 safe=False first_violation=network event_count=26 peak_prefill=1 peak_decode=6 minimum_link_headroom_mb_s=-237.899146 peak_memory_gb=26.77603
  trial scenario=single_slow_stage partition_id=compute_balanced partition=11-11-11-6-11-10-10-10 lambda=0.018 safe=False first_violation=network event_count=26 peak_prefill=1 peak_decode=6 minimum_link_headroom_mb_s=-237.899146 peak_memory_gb=26.77603
  trial scenario=single_slow_stage partition_id=compute_balanced partition=11-11-11-6-11-10-10-10 lambda=0.0185 safe=False first_violation=network event_count=26 peak_prefill=1 peak_decode=6 minimum_link_headroom_mb_s=-237.899146 peak_memory_gb=26.77075
  trial scenario=single_slow_stage partition_id=compute_balanced partition=11-11-11-6-11-10-10-10 lambda=0.019 safe=False first_violation=network event_count=25 peak_prefill=1 peak_decode=6 minimum_link_headroom_mb_s=-237.761175 peak_memory_gb=26.77075
  trial scenario=single_slow_stage partition_id=compute_balanced partition=11-11-11-6-11-10-10-10 lambda=0.0195 safe=False first_violation=network event_count=25 peak_prefill=1 peak_decode=6 minimum_link_headroom_mb_s=-237.761175 peak_memory_gb=26.77075
  trial scenario=single_slow_stage partition_id=compute_balanced partition=11-11-11-6-11-10-10-10 lambda=0.02 safe=False first_violation=network event_count=25 peak_prefill=1 peak_decode=6 minimum_link_headroom_mb_s=-237.761175 peak_memory_gb=26.77075
  trial scenario=single_slow_stage partition_id=compute_balanced partition=11-11-11-6-11-10-10-10 lambda=0.0205 safe=False first_violation=network event_count=24 peak_prefill=1 peak_decode=6 minimum_link_headroom_mb_s=-237.615429 peak_memory_gb=26.77075
  trial scenario=single_slow_stage partition_id=compute_balanced partition=11-11-11-6-11-10-10-10 lambda=0.021 safe=False first_violation=network event_count=23 peak_prefill=1 peak_decode=6 minimum_link_headroom_mb_s=-237.469337 peak_memory_gb=26.77075
  trial scenario=single_slow_stage partition_id=compute_balanced partition=11-11-11-6-11-10-10-10 lambda=0.0215 safe=False first_violation=network event_count=23 peak_prefill=1 peak_decode=6 minimum_link_headroom_mb_s=-237.469337 peak_memory_gb=26.76547
  trial scenario=single_slow_stage partition_id=compute_balanced partition=11-11-11-6-11-10-10-10 lambda=0.022 safe=False first_violation=network event_count=23 peak_prefill=1 peak_decode=6 minimum_link_headroom_mb_s=-237.469337 peak_memory_gb=26.76547
  compute_balanced   partition=[11, 11, 11, 6, 11, 10, 10, 10] safe=0.0085 unsafe=0.009 violation=network monotonic=True
  trial scenario=single_slow_stage partition_id=random_00 partition=8-12-8-9-10-9-13-11 lambda=0.006 safe=True first_violation=None event_count=204 peak_prefill=1 peak_decode=5 minimum_link_headroom_mb_s=239.139161 peak_memory_gb=30.74186
  trial scenario=single_slow_stage partition_id=random_00 partition=8-12-8-9-10-9-13-11 lambda=0.0065 safe=True first_violation=None event_count=204 peak_prefill=1 peak_decode=5 minimum_link_headroom_mb_s=239.552658 peak_memory_gb=31.11119
  trial scenario=single_slow_stage partition_id=random_00 partition=8-12-8-9-10-9-13-11 lambda=0.007 safe=False first_violation=network event_count=162 peak_prefill=1 peak_decode=5 minimum_link_headroom_mb_s=-36.53459 peak_memory_gb=31.22351
  trial scenario=single_slow_stage partition_id=random_00 partition=8-12-8-9-10-9-13-11 lambda=0.0075 safe=False first_violation=network event_count=160 peak_prefill=1 peak_decode=5 minimum_link_headroom_mb_s=-36.208373 peak_memory_gb=31.21727
  trial scenario=single_slow_stage partition_id=random_00 partition=8-12-8-9-10-9-13-11 lambda=0.008 safe=False first_violation=network event_count=111 peak_prefill=1 peak_decode=5 minimum_link_headroom_mb_s=-10.894538 peak_memory_gb=30.01685
  trial scenario=single_slow_stage partition_id=random_00 partition=8-12-8-9-10-9-13-11 lambda=0.0085 safe=False first_violation=network event_count=110 peak_prefill=1 peak_decode=5 minimum_link_headroom_mb_s=-10.747586 peak_memory_gb=30.01685
  trial scenario=single_slow_stage partition_id=random_00 partition=8-12-8-9-10-9-13-11 lambda=0.009 safe=False first_violation=network event_count=98 peak_prefill=1 peak_decode=5 minimum_link_headroom_mb_s=-16.363309 peak_memory_gb=30.00437
  trial scenario=single_slow_stage partition_id=random_00 partition=8-12-8-9-10-9-13-11 lambda=0.0095 safe=False first_violation=network event_count=96 peak_prefill=1 peak_decode=6 minimum_link_headroom_mb_s=-16.047011 peak_memory_gb=30.11045
  trial scenario=single_slow_stage partition_id=random_00 partition=8-12-8-9-10-9-13-11 lambda=0.01 safe=False first_violation=network event_count=86 peak_prefill=1 peak_decode=6 minimum_link_headroom_mb_s=-17.552221 peak_memory_gb=30.46613
  trial scenario=single_slow_stage partition_id=random_00 partition=8-12-8-9-10-9-13-11 lambda=0.0105 safe=False first_violation=network event_count=77 peak_prefill=1 peak_decode=6 minimum_link_headroom_mb_s=-17.054845 peak_memory_gb=30.46613
  trial scenario=single_slow_stage partition_id=random_00 partition=8-12-8-9-10-9-13-11 lambda=0.011 safe=False first_violation=network event_count=76 peak_prefill=1 peak_decode=6 minimum_link_headroom_mb_s=-16.907893 peak_memory_gb=30.46613
  trial scenario=single_slow_stage partition_id=random_00 partition=8-12-8-9-10-9-13-11 lambda=0.0115 safe=False first_violation=network event_count=74 peak_prefill=1 peak_decode=6 minimum_link_headroom_mb_s=-295.754457 peak_memory_gb=30.45989
  trial scenario=single_slow_stage partition_id=random_00 partition=8-12-8-9-10-9-13-11 lambda=0.012 safe=False first_violation=network event_count=74 peak_prefill=1 peak_decode=6 minimum_link_headroom_mb_s=-295.754457 peak_memory_gb=30.45989
  trial scenario=single_slow_stage partition_id=random_00 partition=8-12-8-9-10-9-13-11 lambda=0.0125 safe=False first_violation=network event_count=73 peak_prefill=1 peak_decode=6 minimum_link_headroom_mb_s=-295.575993 peak_memory_gb=30.45989
  trial scenario=single_slow_stage partition_id=random_00 partition=8-12-8-9-10-9-13-11 lambda=0.013 safe=False first_violation=network event_count=57 peak_prefill=1 peak_decode=5 minimum_link_headroom_mb_s=-14.198893 peak_memory_gb=30.45989
  trial scenario=single_slow_stage partition_id=random_00 partition=8-12-8-9-10-9-13-11 lambda=0.0135 safe=False first_violation=network event_count=23 peak_prefill=1 peak_decode=5 minimum_link_headroom_mb_s=-28.222899 peak_memory_gb=30.45365
  trial scenario=single_slow_stage partition_id=random_00 partition=8-12-8-9-10-9-13-11 lambda=0.014 safe=False first_violation=network event_count=21 peak_prefill=1 peak_decode=5 minimum_link_headroom_mb_s=-27.920529 peak_memory_gb=30.43493
  trial scenario=single_slow_stage partition_id=random_00 partition=8-12-8-9-10-9-13-11 lambda=0.0145 safe=False first_violation=network event_count=21 peak_prefill=1 peak_decode=5 minimum_link_headroom_mb_s=-27.920529 peak_memory_gb=30.43493
  trial scenario=single_slow_stage partition_id=random_00 partition=8-12-8-9-10-9-13-11 lambda=0.015 safe=False first_violation=network event_count=21 peak_prefill=1 peak_decode=5 minimum_link_headroom_mb_s=-27.920529 peak_memory_gb=30.43493
  trial scenario=single_slow_stage partition_id=random_00 partition=8-12-8-9-10-9-13-11 lambda=0.0155 safe=False first_violation=network event_count=21 peak_prefill=1 peak_decode=5 minimum_link_headroom_mb_s=-27.920529 peak_memory_gb=30.43493
  trial scenario=single_slow_stage partition_id=random_00 partition=8-12-8-9-10-9-13-11 lambda=0.016 safe=False first_violation=network event_count=21 peak_prefill=1 peak_decode=5 minimum_link_headroom_mb_s=-27.920529 peak_memory_gb=30.43493
  trial scenario=single_slow_stage partition_id=random_00 partition=8-12-8-9-10-9-13-11 lambda=0.0165 safe=False first_violation=network event_count=21 peak_prefill=1 peak_decode=5 minimum_link_headroom_mb_s=-27.920529 peak_memory_gb=30.43493
  trial scenario=single_slow_stage partition_id=random_00 partition=8-12-8-9-10-9-13-11 lambda=0.017 safe=False first_violation=network event_count=20 peak_prefill=1 peak_decode=5 minimum_link_headroom_mb_s=-27.764952 peak_memory_gb=30.43493
  trial scenario=single_slow_stage partition_id=random_00 partition=8-12-8-9-10-9-13-11 lambda=0.0175 safe=False first_violation=network event_count=20 peak_prefill=1 peak_decode=5 minimum_link_headroom_mb_s=-27.764952 peak_memory_gb=30.43493
  trial scenario=single_slow_stage partition_id=random_00 partition=8-12-8-9-10-9-13-11 lambda=0.018 safe=False first_violation=network event_count=19 peak_prefill=1 peak_decode=5 minimum_link_headroom_mb_s=-27.603263 peak_memory_gb=30.43493
  trial scenario=single_slow_stage partition_id=random_00 partition=8-12-8-9-10-9-13-11 lambda=0.0185 safe=False first_violation=network event_count=19 peak_prefill=1 peak_decode=5 minimum_link_headroom_mb_s=-27.603263 peak_memory_gb=30.42869
  trial scenario=single_slow_stage partition_id=random_00 partition=8-12-8-9-10-9-13-11 lambda=0.019 safe=False first_violation=network event_count=19 peak_prefill=1 peak_decode=5 minimum_link_headroom_mb_s=-27.603263 peak_memory_gb=30.42869
  trial scenario=single_slow_stage partition_id=random_00 partition=8-12-8-9-10-9-13-11 lambda=0.0195 safe=False first_violation=network event_count=19 peak_prefill=1 peak_decode=5 minimum_link_headroom_mb_s=-27.603263 peak_memory_gb=30.42869
  trial scenario=single_slow_stage partition_id=random_00 partition=8-12-8-9-10-9-13-11 lambda=0.02 safe=False first_violation=network event_count=19 peak_prefill=1 peak_decode=5 minimum_link_headroom_mb_s=-27.603263 peak_memory_gb=30.42869
  trial scenario=single_slow_stage partition_id=random_00 partition=8-12-8-9-10-9-13-11 lambda=0.0205 safe=False first_violation=network event_count=18 peak_prefill=1 peak_decode=5 minimum_link_headroom_mb_s=-27.456837 peak_memory_gb=30.42245
  trial scenario=single_slow_stage partition_id=random_00 partition=8-12-8-9-10-9-13-11 lambda=0.021 safe=False first_violation=network event_count=18 peak_prefill=1 peak_decode=5 minimum_link_headroom_mb_s=-27.456837 peak_memory_gb=30.42245
  trial scenario=single_slow_stage partition_id=random_00 partition=8-12-8-9-10-9-13-11 lambda=0.0215 safe=False first_violation=network event_count=18 peak_prefill=1 peak_decode=5 minimum_link_headroom_mb_s=-27.456837 peak_memory_gb=30.42245
  trial scenario=single_slow_stage partition_id=random_00 partition=8-12-8-9-10-9-13-11 lambda=0.022 safe=False first_violation=network event_count=18 peak_prefill=1 peak_decode=5 minimum_link_headroom_mb_s=-27.456837 peak_memory_gb=30.42245
  random_00          partition=[8, 12, 8, 9, 10, 9, 13, 11] safe=0.0065 unsafe=0.007 violation=network monotonic=True
  trial scenario=single_slow_stage partition_id=random_01 partition=9-14-9-8-9-10-12-9 lambda=0.006 safe=True first_violation=None event_count=204 peak_prefill=1 peak_decode=5 minimum_link_headroom_mb_s=253.960039 peak_memory_gb=32.64508
  trial scenario=single_slow_stage partition_id=random_01 partition=9-14-9-8-9-10-12-9 lambda=0.0065 safe=True first_violation=None event_count=204 peak_prefill=1 peak_decode=5 minimum_link_headroom_mb_s=254.102628 peak_memory_gb=32.63836
  trial scenario=single_slow_stage partition_id=random_01 partition=9-14-9-8-9-10-12-9 lambda=0.007 safe=False first_violation=network event_count=162 peak_prefill=1 peak_decode=5 minimum_link_headroom_mb_s=-17.058942 peak_memory_gb=33.16378
  trial scenario=single_slow_stage partition_id=random_01 partition=9-14-9-8-9-10-12-9 lambda=0.0075 safe=False first_violation=network event_count=160 peak_prefill=1 peak_decode=5 minimum_link_headroom_mb_s=-16.745725 peak_memory_gb=33.15706
  trial scenario=single_slow_stage partition_id=random_01 partition=9-14-9-8-9-10-12-9 lambda=0.008 safe=False first_violation=network event_count=158 peak_prefill=1 peak_decode=6 minimum_link_headroom_mb_s=-16.433096 peak_memory_gb=33.15034
  trial scenario=single_slow_stage partition_id=random_01 partition=9-14-9-8-9-10-12-9 lambda=0.0085 safe=False first_violation=network event_count=158 peak_prefill=1 peak_decode=6 minimum_link_headroom_mb_s=-16.433096 peak_memory_gb=33.14362
  trial scenario=single_slow_stage partition_id=random_01 partition=9-14-9-8-9-10-12-9 lambda=0.009 safe=False first_violation=network event_count=127 peak_prefill=1 peak_decode=6 minimum_link_headroom_mb_s=-11.26769 peak_memory_gb=32.51068
  trial scenario=single_slow_stage partition_id=random_01 partition=9-14-9-8-9-10-12-9 lambda=0.0095 safe=False first_violation=network event_count=116 peak_prefill=1 peak_decode=6 minimum_link_headroom_mb_s=-268.854603 peak_memory_gb=32.2339
  trial scenario=single_slow_stage partition_id=random_01 partition=9-14-9-8-9-10-12-9 lambda=0.01 safe=False first_violation=network event_count=105 peak_prefill=1 peak_decode=6 minimum_link_headroom_mb_s=-279.062118 peak_memory_gb=32.22046
  trial scenario=single_slow_stage partition_id=random_01 partition=9-14-9-8-9-10-12-9 lambda=0.0105 safe=False first_violation=network event_count=103 peak_prefill=1 peak_decode=6 minimum_link_headroom_mb_s=-278.740991 peak_memory_gb=32.34814
  trial scenario=single_slow_stage partition_id=random_01 partition=9-14-9-8-9-10-12-9 lambda=0.011 safe=False first_violation=network event_count=101 peak_prefill=1 peak_decode=6 minimum_link_headroom_mb_s=-278.42465 peak_memory_gb=32.34814
  trial scenario=single_slow_stage partition_id=random_01 partition=9-14-9-8-9-10-12-9 lambda=0.0115 safe=False first_violation=network event_count=74 peak_prefill=1 peak_decode=6 minimum_link_headroom_mb_s=-272.225812 peak_memory_gb=32.34142
  trial scenario=single_slow_stage partition_id=random_01 partition=9-14-9-8-9-10-12-9 lambda=0.012 safe=False first_violation=network event_count=74 peak_prefill=1 peak_decode=6 minimum_link_headroom_mb_s=-272.225812 peak_memory_gb=32.34142
  trial scenario=single_slow_stage partition_id=random_01 partition=9-14-9-8-9-10-12-9 lambda=0.0125 safe=False first_violation=network event_count=73 peak_prefill=1 peak_decode=6 minimum_link_headroom_mb_s=-272.054785 peak_memory_gb=32.34142
  trial scenario=single_slow_stage partition_id=random_01 partition=9-14-9-8-9-10-12-9 lambda=0.013 safe=False first_violation=network event_count=73 peak_prefill=1 peak_decode=6 minimum_link_headroom_mb_s=-272.054785 peak_memory_gb=32.34142
  trial scenario=single_slow_stage partition_id=random_01 partition=9-14-9-8-9-10-12-9 lambda=0.0135 safe=False first_violation=network event_count=23 peak_prefill=1 peak_decode=5 minimum_link_headroom_mb_s=-9.05995 peak_memory_gb=32.3347
  trial scenario=single_slow_stage partition_id=random_01 partition=9-14-9-8-9-10-12-9 lambda=0.014 safe=False first_violation=network event_count=21 peak_prefill=1 peak_decode=5 minimum_link_headroom_mb_s=-8.769091 peak_memory_gb=32.31454
  trial scenario=single_slow_stage partition_id=random_01 partition=9-14-9-8-9-10-12-9 lambda=0.0145 safe=False first_violation=network event_count=21 peak_prefill=1 peak_decode=5 minimum_link_headroom_mb_s=-8.769091 peak_memory_gb=32.31454
  trial scenario=single_slow_stage partition_id=random_01 partition=9-14-9-8-9-10-12-9 lambda=0.015 safe=False first_violation=network event_count=21 peak_prefill=1 peak_decode=5 minimum_link_headroom_mb_s=-8.769091 peak_memory_gb=32.31454
  trial scenario=single_slow_stage partition_id=random_01 partition=9-14-9-8-9-10-12-9 lambda=0.0155 safe=False first_violation=network event_count=21 peak_prefill=1 peak_decode=5 minimum_link_headroom_mb_s=-8.769091 peak_memory_gb=32.31454
  trial scenario=single_slow_stage partition_id=random_01 partition=9-14-9-8-9-10-12-9 lambda=0.016 safe=False first_violation=network event_count=21 peak_prefill=1 peak_decode=5 minimum_link_headroom_mb_s=-8.769091 peak_memory_gb=32.31454
  trial scenario=single_slow_stage partition_id=random_01 partition=9-14-9-8-9-10-12-9 lambda=0.0165 safe=False first_violation=network event_count=21 peak_prefill=1 peak_decode=5 minimum_link_headroom_mb_s=-8.769091 peak_memory_gb=32.31454
  trial scenario=single_slow_stage partition_id=random_01 partition=9-14-9-8-9-10-12-9 lambda=0.017 safe=False first_violation=network event_count=21 peak_prefill=1 peak_decode=5 minimum_link_headroom_mb_s=-8.769091 peak_memory_gb=32.31454
  trial scenario=single_slow_stage partition_id=random_01 partition=9-14-9-8-9-10-12-9 lambda=0.0175 safe=False first_violation=network event_count=20 peak_prefill=1 peak_decode=5 minimum_link_headroom_mb_s=-8.619537 peak_memory_gb=32.31454
  trial scenario=single_slow_stage partition_id=random_01 partition=9-14-9-8-9-10-12-9 lambda=0.018 safe=False first_violation=network event_count=19 peak_prefill=1 peak_decode=5 minimum_link_headroom_mb_s=-8.464254 peak_memory_gb=32.31454
  trial scenario=single_slow_stage partition_id=random_01 partition=9-14-9-8-9-10-12-9 lambda=0.0185 safe=False first_violation=network event_count=19 peak_prefill=1 peak_decode=5 minimum_link_headroom_mb_s=-8.464254 peak_memory_gb=32.31454
  trial scenario=single_slow_stage partition_id=random_01 partition=9-14-9-8-9-10-12-9 lambda=0.019 safe=False first_violation=network event_count=19 peak_prefill=1 peak_decode=5 minimum_link_headroom_mb_s=-8.464254 peak_memory_gb=32.30782
  trial scenario=single_slow_stage partition_id=random_01 partition=9-14-9-8-9-10-12-9 lambda=0.0195 safe=False first_violation=network event_count=19 peak_prefill=1 peak_decode=5 minimum_link_headroom_mb_s=-8.464254 peak_memory_gb=32.30782
  trial scenario=single_slow_stage partition_id=random_01 partition=9-14-9-8-9-10-12-9 lambda=0.02 safe=False first_violation=network event_count=19 peak_prefill=1 peak_decode=5 minimum_link_headroom_mb_s=-8.464254 peak_memory_gb=32.30782
  trial scenario=single_slow_stage partition_id=random_01 partition=9-14-9-8-9-10-12-9 lambda=0.0205 safe=False first_violation=network event_count=19 peak_prefill=1 peak_decode=5 minimum_link_headroom_mb_s=-8.464254 peak_memory_gb=32.30782
  trial scenario=single_slow_stage partition_id=random_01 partition=9-14-9-8-9-10-12-9 lambda=0.021 safe=False first_violation=network event_count=18 peak_prefill=1 peak_decode=5 minimum_link_headroom_mb_s=-8.323294 peak_memory_gb=32.3011
  trial scenario=single_slow_stage partition_id=random_01 partition=9-14-9-8-9-10-12-9 lambda=0.0215 safe=False first_violation=network event_count=18 peak_prefill=1 peak_decode=5 minimum_link_headroom_mb_s=-8.323294 peak_memory_gb=32.3011
  trial scenario=single_slow_stage partition_id=random_01 partition=9-14-9-8-9-10-12-9 lambda=0.022 safe=False first_violation=network event_count=18 peak_prefill=1 peak_decode=5 minimum_link_headroom_mb_s=-8.323294 peak_memory_gb=32.3011
  random_01          partition=[9, 14, 9, 8, 9, 10, 12, 9] safe=0.0065 unsafe=0.007 violation=network monotonic=True
  trial scenario=single_slow_stage partition_id=random_02 partition=10-8-13-7-14-13-9-6 lambda=0.006 safe=True first_violation=None event_count=204 peak_prefill=1 peak_decode=5 minimum_link_headroom_mb_s=268.348712 peak_memory_gb=32.64508
  trial scenario=single_slow_stage partition_id=random_02 partition=10-8-13-7-14-13-9-6 lambda=0.0065 safe=True first_violation=None event_count=204 peak_prefill=1 peak_decode=5 minimum_link_headroom_mb_s=268.485941 peak_memory_gb=32.63836
  trial scenario=single_slow_stage partition_id=random_02 partition=10-8-13-7-14-13-9-6 lambda=0.007 safe=True first_violation=None event_count=204 peak_prefill=1 peak_decode=6 minimum_link_headroom_mb_s=1.831477 peak_memory_gb=33.53338
  trial scenario=single_slow_stage partition_id=random_02 partition=10-8-13-7-14-13-9-6 lambda=0.0075 safe=True first_violation=None event_count=204 peak_prefill=1 peak_decode=6 minimum_link_headroom_mb_s=1.976479 peak_memory_gb=33.52666
  trial scenario=single_slow_stage partition_id=random_02 partition=10-8-13-7-14-13-9-6 lambda=0.008 safe=True first_violation=None event_count=204 peak_prefill=1 peak_decode=6 minimum_link_headroom_mb_s=2.2878 peak_memory_gb=33.51322
  trial scenario=single_slow_stage partition_id=random_02 partition=10-8-13-7-14-13-9-6 lambda=0.0085 safe=True first_violation=None event_count=204 peak_prefill=1 peak_decode=6 minimum_link_headroom_mb_s=2.029048 peak_memory_gb=33.52666
  trial scenario=single_slow_stage partition_id=random_02 partition=10-8-13-7-14-13-9-6 lambda=0.009 safe=False first_violation=network event_count=146 peak_prefill=1 peak_decode=6 minimum_link_headroom_mb_s=-7.189078 peak_memory_gb=33.1369
  trial scenario=single_slow_stage partition_id=random_02 partition=10-8-13-7-14-13-9-6 lambda=0.0095 safe=False first_violation=network event_count=116 peak_prefill=1 peak_decode=6 minimum_link_headroom_mb_s=-246.191391 peak_memory_gb=32.2339
  trial scenario=single_slow_stage partition_id=random_02 partition=10-8-13-7-14-13-9-6 lambda=0.01 safe=False first_violation=network event_count=105 peak_prefill=1 peak_decode=6 minimum_link_headroom_mb_s=-255.977894 peak_memory_gb=32.22046
  trial scenario=single_slow_stage partition_id=random_02 partition=10-8-13-7-14-13-9-6 lambda=0.0105 safe=False first_violation=network event_count=103 peak_prefill=1 peak_decode=6 minimum_link_headroom_mb_s=-255.66955 peak_memory_gb=32.34814
  trial scenario=single_slow_stage partition_id=random_02 partition=10-8-13-7-14-13-9-6 lambda=0.011 safe=False first_violation=network event_count=101 peak_prefill=1 peak_decode=6 minimum_link_headroom_mb_s=-255.365677 peak_memory_gb=32.34814
  trial scenario=single_slow_stage partition_id=random_02 partition=10-8-13-7-14-13-9-6 lambda=0.0115 safe=False first_violation=network event_count=74 peak_prefill=1 peak_decode=6 minimum_link_headroom_mb_s=-249.407337 peak_memory_gb=32.34142
  trial scenario=single_slow_stage partition_id=random_02 partition=10-8-13-7-14-13-9-6 lambda=0.012 safe=False first_violation=network event_count=74 peak_prefill=1 peak_decode=6 minimum_link_headroom_mb_s=-249.407337 peak_memory_gb=32.34142
  trial scenario=single_slow_stage partition_id=random_02 partition=10-8-13-7-14-13-9-6 lambda=0.0125 safe=False first_violation=network event_count=73 peak_prefill=1 peak_decode=6 minimum_link_headroom_mb_s=-249.243364 peak_memory_gb=32.34142
  trial scenario=single_slow_stage partition_id=random_02 partition=10-8-13-7-14-13-9-6 lambda=0.013 safe=False first_violation=network event_count=72 peak_prefill=1 peak_decode=6 minimum_link_headroom_mb_s=-249.084868 peak_memory_gb=32.34142
  trial scenario=single_slow_stage partition_id=random_02 partition=10-8-13-7-14-13-9-6 lambda=0.0135 safe=False first_violation=network event_count=70 peak_prefill=1 peak_decode=6 minimum_link_headroom_mb_s=-248.795556 peak_memory_gb=32.46238
  trial scenario=single_slow_stage partition_id=random_02 partition=10-8-13-7-14-13-9-6 lambda=0.014 safe=False first_violation=network event_count=68 peak_prefill=1 peak_decode=6 minimum_link_headroom_mb_s=-248.508306 peak_memory_gb=32.45566
  trial scenario=single_slow_stage partition_id=random_02 partition=10-8-13-7-14-13-9-6 lambda=0.0145 safe=False first_violation=network event_count=68 peak_prefill=1 peak_decode=6 minimum_link_headroom_mb_s=-248.508306 peak_memory_gb=32.45566
  trial scenario=single_slow_stage partition_id=random_02 partition=10-8-13-7-14-13-9-6 lambda=0.015 safe=False first_violation=network event_count=68 peak_prefill=1 peak_decode=6 minimum_link_headroom_mb_s=-248.508306 peak_memory_gb=32.45566
  trial scenario=single_slow_stage partition_id=random_02 partition=10-8-13-7-14-13-9-6 lambda=0.0155 safe=False first_violation=network event_count=60 peak_prefill=1 peak_decode=6 minimum_link_headroom_mb_s=-249.134782 peak_memory_gb=32.45566
  trial scenario=single_slow_stage partition_id=random_02 partition=10-8-13-7-14-13-9-6 lambda=0.016 safe=False first_violation=network event_count=60 peak_prefill=1 peak_decode=6 minimum_link_headroom_mb_s=-249.134782 peak_memory_gb=32.45566
  trial scenario=single_slow_stage partition_id=random_02 partition=10-8-13-7-14-13-9-6 lambda=0.0165 safe=False first_violation=network event_count=59 peak_prefill=1 peak_decode=6 minimum_link_headroom_mb_s=-248.976678 peak_memory_gb=32.45566
  trial scenario=single_slow_stage partition_id=random_02 partition=10-8-13-7-14-13-9-6 lambda=0.017 safe=False first_violation=network event_count=26 peak_prefill=1 peak_decode=6 minimum_link_headroom_mb_s=-260.449915 peak_memory_gb=32.44894
  trial scenario=single_slow_stage partition_id=random_02 partition=10-8-13-7-14-13-9-6 lambda=0.0175 safe=False first_violation=network event_count=26 peak_prefill=1 peak_decode=6 minimum_link_headroom_mb_s=-260.449915 peak_memory_gb=32.44222
  trial scenario=single_slow_stage partition_id=random_02 partition=10-8-13-7-14-13-9-6 lambda=0.018 safe=False first_violation=network event_count=26 peak_prefill=1 peak_decode=6 minimum_link_headroom_mb_s=-260.449915 peak_memory_gb=32.44222
  trial scenario=single_slow_stage partition_id=random_02 partition=10-8-13-7-14-13-9-6 lambda=0.0185 safe=False first_violation=network event_count=25 peak_prefill=1 peak_decode=6 minimum_link_headroom_mb_s=-260.306544 peak_memory_gb=32.4355
  trial scenario=single_slow_stage partition_id=random_02 partition=10-8-13-7-14-13-9-6 lambda=0.019 safe=False first_violation=network event_count=25 peak_prefill=1 peak_decode=6 minimum_link_headroom_mb_s=-260.306544 peak_memory_gb=32.4355
  trial scenario=single_slow_stage partition_id=random_02 partition=10-8-13-7-14-13-9-6 lambda=0.0195 safe=False first_violation=network event_count=25 peak_prefill=1 peak_decode=6 minimum_link_headroom_mb_s=-260.306544 peak_memory_gb=32.4355
  trial scenario=single_slow_stage partition_id=random_02 partition=10-8-13-7-14-13-9-6 lambda=0.02 safe=False first_violation=network event_count=24 peak_prefill=1 peak_decode=6 minimum_link_headroom_mb_s=-260.154889 peak_memory_gb=32.4355
  trial scenario=single_slow_stage partition_id=random_02 partition=10-8-13-7-14-13-9-6 lambda=0.0205 safe=False first_violation=network event_count=24 peak_prefill=1 peak_decode=6 minimum_link_headroom_mb_s=-260.154889 peak_memory_gb=32.4355
  trial scenario=single_slow_stage partition_id=random_02 partition=10-8-13-7-14-13-9-6 lambda=0.021 safe=False first_violation=network event_count=23 peak_prefill=1 peak_decode=6 minimum_link_headroom_mb_s=-260.002865 peak_memory_gb=32.42878
  trial scenario=single_slow_stage partition_id=random_02 partition=10-8-13-7-14-13-9-6 lambda=0.0215 safe=False first_violation=network event_count=23 peak_prefill=1 peak_decode=6 minimum_link_headroom_mb_s=-260.002865 peak_memory_gb=32.42878
  trial scenario=single_slow_stage partition_id=random_02 partition=10-8-13-7-14-13-9-6 lambda=0.022 safe=False first_violation=network event_count=23 peak_prefill=1 peak_decode=6 minimum_link_headroom_mb_s=-260.002865 peak_memory_gb=32.42878
  random_02          partition=[10, 8, 13, 7, 14, 13, 9, 6] safe=0.0085 unsafe=0.009 violation=network monotonic=True
  trial scenario=single_slow_stage partition_id=random_03 partition=12-12-11-7-8-10-11-9 lambda=0.006 safe=True first_violation=None event_count=204 peak_prefill=1 peak_decode=5 minimum_link_headroom_mb_s=268.348712 peak_memory_gb=28.83864
  trial scenario=single_slow_stage partition_id=random_03 partition=12-12-11-7-8-10-11-9 lambda=0.0065 safe=True first_violation=None event_count=204 peak_prefill=1 peak_decode=5 minimum_link_headroom_mb_s=268.485941 peak_memory_gb=28.83288
  trial scenario=single_slow_stage partition_id=random_03 partition=12-12-11-7-8-10-11-9 lambda=0.007 safe=True first_violation=None event_count=204 peak_prefill=1 peak_decode=6 minimum_link_headroom_mb_s=1.831477 peak_memory_gb=29.60004
  trial scenario=single_slow_stage partition_id=random_03 partition=12-12-11-7-8-10-11-9 lambda=0.0075 safe=True first_violation=None event_count=204 peak_prefill=1 peak_decode=6 minimum_link_headroom_mb_s=1.976479 peak_memory_gb=29.59428
  trial scenario=single_slow_stage partition_id=random_03 partition=12-12-11-7-8-10-11-9 lambda=0.008 safe=True first_violation=None event_count=204 peak_prefill=1 peak_decode=6 minimum_link_headroom_mb_s=2.2878 peak_memory_gb=29.58276
  trial scenario=single_slow_stage partition_id=random_03 partition=12-12-11-7-8-10-11-9 lambda=0.0085 safe=True first_violation=None event_count=204 peak_prefill=1 peak_decode=6 minimum_link_headroom_mb_s=2.029048 peak_memory_gb=29.59428
  trial scenario=single_slow_stage partition_id=random_03 partition=12-12-11-7-8-10-11-9 lambda=0.009 safe=False first_violation=network event_count=146 peak_prefill=1 peak_decode=6 minimum_link_headroom_mb_s=-7.189078 peak_memory_gb=29.2602
  trial scenario=single_slow_stage partition_id=random_03 partition=12-12-11-7-8-10-11-9 lambda=0.0095 safe=False first_violation=network event_count=116 peak_prefill=1 peak_decode=6 minimum_link_headroom_mb_s=-246.191391 peak_memory_gb=28.4862
  trial scenario=single_slow_stage partition_id=random_03 partition=12-12-11-7-8-10-11-9 lambda=0.01 safe=False first_violation=network event_count=105 peak_prefill=1 peak_decode=6 minimum_link_headroom_mb_s=-255.977894 peak_memory_gb=28.47468
  trial scenario=single_slow_stage partition_id=random_03 partition=12-12-11-7-8-10-11-9 lambda=0.0105 safe=False first_violation=network event_count=103 peak_prefill=1 peak_decode=6 minimum_link_headroom_mb_s=-255.66955 peak_memory_gb=28.58412
  trial scenario=single_slow_stage partition_id=random_03 partition=12-12-11-7-8-10-11-9 lambda=0.011 safe=False first_violation=network event_count=101 peak_prefill=1 peak_decode=6 minimum_link_headroom_mb_s=-255.365677 peak_memory_gb=28.58412
  trial scenario=single_slow_stage partition_id=random_03 partition=12-12-11-7-8-10-11-9 lambda=0.0115 safe=False first_violation=network event_count=74 peak_prefill=1 peak_decode=6 minimum_link_headroom_mb_s=-249.407337 peak_memory_gb=28.57836
  trial scenario=single_slow_stage partition_id=random_03 partition=12-12-11-7-8-10-11-9 lambda=0.012 safe=False first_violation=network event_count=74 peak_prefill=1 peak_decode=6 minimum_link_headroom_mb_s=-249.407337 peak_memory_gb=28.57836
  trial scenario=single_slow_stage partition_id=random_03 partition=12-12-11-7-8-10-11-9 lambda=0.0125 safe=False first_violation=network event_count=73 peak_prefill=1 peak_decode=6 minimum_link_headroom_mb_s=-249.243364 peak_memory_gb=28.57836
  trial scenario=single_slow_stage partition_id=random_03 partition=12-12-11-7-8-10-11-9 lambda=0.013 safe=False first_violation=network event_count=72 peak_prefill=1 peak_decode=6 minimum_link_headroom_mb_s=-249.084868 peak_memory_gb=28.57836
  trial scenario=single_slow_stage partition_id=random_03 partition=12-12-11-7-8-10-11-9 lambda=0.0135 safe=False first_violation=network event_count=70 peak_prefill=1 peak_decode=6 minimum_link_headroom_mb_s=-248.795556 peak_memory_gb=28.68204
  trial scenario=single_slow_stage partition_id=random_03 partition=12-12-11-7-8-10-11-9 lambda=0.014 safe=False first_violation=network event_count=68 peak_prefill=1 peak_decode=6 minimum_link_headroom_mb_s=-248.508306 peak_memory_gb=28.67628
  trial scenario=single_slow_stage partition_id=random_03 partition=12-12-11-7-8-10-11-9 lambda=0.0145 safe=False first_violation=network event_count=68 peak_prefill=1 peak_decode=6 minimum_link_headroom_mb_s=-248.508306 peak_memory_gb=28.67628
  trial scenario=single_slow_stage partition_id=random_03 partition=12-12-11-7-8-10-11-9 lambda=0.015 safe=False first_violation=network event_count=68 peak_prefill=1 peak_decode=6 minimum_link_headroom_mb_s=-248.508306 peak_memory_gb=28.67628
  trial scenario=single_slow_stage partition_id=random_03 partition=12-12-11-7-8-10-11-9 lambda=0.0155 safe=False first_violation=network event_count=60 peak_prefill=1 peak_decode=6 minimum_link_headroom_mb_s=-249.134782 peak_memory_gb=28.67628
  trial scenario=single_slow_stage partition_id=random_03 partition=12-12-11-7-8-10-11-9 lambda=0.016 safe=False first_violation=network event_count=60 peak_prefill=1 peak_decode=6 minimum_link_headroom_mb_s=-249.134782 peak_memory_gb=28.67628
  trial scenario=single_slow_stage partition_id=random_03 partition=12-12-11-7-8-10-11-9 lambda=0.0165 safe=False first_violation=network event_count=59 peak_prefill=1 peak_decode=6 minimum_link_headroom_mb_s=-248.976678 peak_memory_gb=28.67628
  trial scenario=single_slow_stage partition_id=random_03 partition=12-12-11-7-8-10-11-9 lambda=0.017 safe=False first_violation=network event_count=26 peak_prefill=1 peak_decode=6 minimum_link_headroom_mb_s=-260.449915 peak_memory_gb=28.67052
  trial scenario=single_slow_stage partition_id=random_03 partition=12-12-11-7-8-10-11-9 lambda=0.0175 safe=False first_violation=network event_count=26 peak_prefill=1 peak_decode=6 minimum_link_headroom_mb_s=-260.449915 peak_memory_gb=28.66476
  trial scenario=single_slow_stage partition_id=random_03 partition=12-12-11-7-8-10-11-9 lambda=0.018 safe=False first_violation=network event_count=26 peak_prefill=1 peak_decode=6 minimum_link_headroom_mb_s=-260.449915 peak_memory_gb=28.66476
  trial scenario=single_slow_stage partition_id=random_03 partition=12-12-11-7-8-10-11-9 lambda=0.0185 safe=False first_violation=network event_count=25 peak_prefill=1 peak_decode=6 minimum_link_headroom_mb_s=-260.306544 peak_memory_gb=28.659
  trial scenario=single_slow_stage partition_id=random_03 partition=12-12-11-7-8-10-11-9 lambda=0.019 safe=False first_violation=network event_count=25 peak_prefill=1 peak_decode=6 minimum_link_headroom_mb_s=-260.306544 peak_memory_gb=28.659
  trial scenario=single_slow_stage partition_id=random_03 partition=12-12-11-7-8-10-11-9 lambda=0.0195 safe=False first_violation=network event_count=25 peak_prefill=1 peak_decode=6 minimum_link_headroom_mb_s=-260.306544 peak_memory_gb=28.659
  trial scenario=single_slow_stage partition_id=random_03 partition=12-12-11-7-8-10-11-9 lambda=0.02 safe=False first_violation=network event_count=24 peak_prefill=1 peak_decode=6 minimum_link_headroom_mb_s=-260.154889 peak_memory_gb=28.659
  trial scenario=single_slow_stage partition_id=random_03 partition=12-12-11-7-8-10-11-9 lambda=0.0205 safe=False first_violation=network event_count=24 peak_prefill=1 peak_decode=6 minimum_link_headroom_mb_s=-260.154889 peak_memory_gb=28.659
  trial scenario=single_slow_stage partition_id=random_03 partition=12-12-11-7-8-10-11-9 lambda=0.021 safe=False first_violation=network event_count=23 peak_prefill=1 peak_decode=6 minimum_link_headroom_mb_s=-260.002865 peak_memory_gb=28.65324
  trial scenario=single_slow_stage partition_id=random_03 partition=12-12-11-7-8-10-11-9 lambda=0.0215 safe=False first_violation=network event_count=23 peak_prefill=1 peak_decode=6 minimum_link_headroom_mb_s=-260.002865 peak_memory_gb=28.65324
  trial scenario=single_slow_stage partition_id=random_03 partition=12-12-11-7-8-10-11-9 lambda=0.022 safe=False first_violation=network event_count=23 peak_prefill=1 peak_decode=6 minimum_link_headroom_mb_s=-260.002865 peak_memory_gb=28.65324
  random_03          partition=[12, 12, 11, 7, 8, 10, 11, 9] safe=0.0085 unsafe=0.009 violation=network monotonic=True
  trial scenario=single_slow_stage partition_id=random_04 partition=10-9-12-7-14-6-11-11 lambda=0.006 safe=True first_violation=None event_count=204 peak_prefill=1 peak_decode=5 minimum_link_headroom_mb_s=268.348712 peak_memory_gb=32.64508
  trial scenario=single_slow_stage partition_id=random_04 partition=10-9-12-7-14-6-11-11 lambda=0.0065 safe=True first_violation=None event_count=204 peak_prefill=1 peak_decode=5 minimum_link_headroom_mb_s=268.485941 peak_memory_gb=32.63836
  trial scenario=single_slow_stage partition_id=random_04 partition=10-9-12-7-14-6-11-11 lambda=0.007 safe=True first_violation=None event_count=204 peak_prefill=1 peak_decode=6 minimum_link_headroom_mb_s=1.831477 peak_memory_gb=33.53338
  trial scenario=single_slow_stage partition_id=random_04 partition=10-9-12-7-14-6-11-11 lambda=0.0075 safe=True first_violation=None event_count=204 peak_prefill=1 peak_decode=6 minimum_link_headroom_mb_s=1.976479 peak_memory_gb=33.52666
  trial scenario=single_slow_stage partition_id=random_04 partition=10-9-12-7-14-6-11-11 lambda=0.008 safe=True first_violation=None event_count=204 peak_prefill=1 peak_decode=6 minimum_link_headroom_mb_s=2.2878 peak_memory_gb=33.51322
  trial scenario=single_slow_stage partition_id=random_04 partition=10-9-12-7-14-6-11-11 lambda=0.0085 safe=True first_violation=None event_count=204 peak_prefill=1 peak_decode=6 minimum_link_headroom_mb_s=2.029048 peak_memory_gb=33.52666
  trial scenario=single_slow_stage partition_id=random_04 partition=10-9-12-7-14-6-11-11 lambda=0.009 safe=False first_violation=network event_count=146 peak_prefill=1 peak_decode=6 minimum_link_headroom_mb_s=-7.189078 peak_memory_gb=33.1369
  trial scenario=single_slow_stage partition_id=random_04 partition=10-9-12-7-14-6-11-11 lambda=0.0095 safe=False first_violation=network event_count=116 peak_prefill=1 peak_decode=6 minimum_link_headroom_mb_s=-246.191391 peak_memory_gb=32.2339
  trial scenario=single_slow_stage partition_id=random_04 partition=10-9-12-7-14-6-11-11 lambda=0.01 safe=False first_violation=network event_count=105 peak_prefill=1 peak_decode=6 minimum_link_headroom_mb_s=-255.977894 peak_memory_gb=32.22046
  trial scenario=single_slow_stage partition_id=random_04 partition=10-9-12-7-14-6-11-11 lambda=0.0105 safe=False first_violation=network event_count=103 peak_prefill=1 peak_decode=6 minimum_link_headroom_mb_s=-255.66955 peak_memory_gb=32.34814
  trial scenario=single_slow_stage partition_id=random_04 partition=10-9-12-7-14-6-11-11 lambda=0.011 safe=False first_violation=network event_count=101 peak_prefill=1 peak_decode=6 minimum_link_headroom_mb_s=-255.365677 peak_memory_gb=32.34814
  trial scenario=single_slow_stage partition_id=random_04 partition=10-9-12-7-14-6-11-11 lambda=0.0115 safe=False first_violation=network event_count=74 peak_prefill=1 peak_decode=6 minimum_link_headroom_mb_s=-249.407337 peak_memory_gb=32.34142
  trial scenario=single_slow_stage partition_id=random_04 partition=10-9-12-7-14-6-11-11 lambda=0.012 safe=False first_violation=network event_count=74 peak_prefill=1 peak_decode=6 minimum_link_headroom_mb_s=-249.407337 peak_memory_gb=32.34142
  trial scenario=single_slow_stage partition_id=random_04 partition=10-9-12-7-14-6-11-11 lambda=0.0125 safe=False first_violation=network event_count=73 peak_prefill=1 peak_decode=6 minimum_link_headroom_mb_s=-249.243364 peak_memory_gb=32.34142
  trial scenario=single_slow_stage partition_id=random_04 partition=10-9-12-7-14-6-11-11 lambda=0.013 safe=False first_violation=network event_count=72 peak_prefill=1 peak_decode=6 minimum_link_headroom_mb_s=-249.084868 peak_memory_gb=32.34142
  trial scenario=single_slow_stage partition_id=random_04 partition=10-9-12-7-14-6-11-11 lambda=0.0135 safe=False first_violation=network event_count=70 peak_prefill=1 peak_decode=6 minimum_link_headroom_mb_s=-248.795556 peak_memory_gb=32.46238
  trial scenario=single_slow_stage partition_id=random_04 partition=10-9-12-7-14-6-11-11 lambda=0.014 safe=False first_violation=network event_count=68 peak_prefill=1 peak_decode=6 minimum_link_headroom_mb_s=-248.508306 peak_memory_gb=32.45566
  trial scenario=single_slow_stage partition_id=random_04 partition=10-9-12-7-14-6-11-11 lambda=0.0145 safe=False first_violation=network event_count=68 peak_prefill=1 peak_decode=6 minimum_link_headroom_mb_s=-248.508306 peak_memory_gb=32.45566
  trial scenario=single_slow_stage partition_id=random_04 partition=10-9-12-7-14-6-11-11 lambda=0.015 safe=False first_violation=network event_count=68 peak_prefill=1 peak_decode=6 minimum_link_headroom_mb_s=-248.508306 peak_memory_gb=32.45566
  trial scenario=single_slow_stage partition_id=random_04 partition=10-9-12-7-14-6-11-11 lambda=0.0155 safe=False first_violation=network event_count=60 peak_prefill=1 peak_decode=6 minimum_link_headroom_mb_s=-249.134782 peak_memory_gb=32.45566
  trial scenario=single_slow_stage partition_id=random_04 partition=10-9-12-7-14-6-11-11 lambda=0.016 safe=False first_violation=network event_count=60 peak_prefill=1 peak_decode=6 minimum_link_headroom_mb_s=-249.134782 peak_memory_gb=32.45566
  trial scenario=single_slow_stage partition_id=random_04 partition=10-9-12-7-14-6-11-11 lambda=0.0165 safe=False first_violation=network event_count=59 peak_prefill=1 peak_decode=6 minimum_link_headroom_mb_s=-248.976678 peak_memory_gb=32.45566
  trial scenario=single_slow_stage partition_id=random_04 partition=10-9-12-7-14-6-11-11 lambda=0.017 safe=False first_violation=network event_count=26 peak_prefill=1 peak_decode=6 minimum_link_headroom_mb_s=-260.449915 peak_memory_gb=32.44894
  trial scenario=single_slow_stage partition_id=random_04 partition=10-9-12-7-14-6-11-11 lambda=0.0175 safe=False first_violation=network event_count=26 peak_prefill=1 peak_decode=6 minimum_link_headroom_mb_s=-260.449915 peak_memory_gb=32.44222
  trial scenario=single_slow_stage partition_id=random_04 partition=10-9-12-7-14-6-11-11 lambda=0.018 safe=False first_violation=network event_count=26 peak_prefill=1 peak_decode=6 minimum_link_headroom_mb_s=-260.449915 peak_memory_gb=32.44222
  trial scenario=single_slow_stage partition_id=random_04 partition=10-9-12-7-14-6-11-11 lambda=0.0185 safe=False first_violation=network event_count=25 peak_prefill=1 peak_decode=6 minimum_link_headroom_mb_s=-260.306544 peak_memory_gb=32.4355
  trial scenario=single_slow_stage partition_id=random_04 partition=10-9-12-7-14-6-11-11 lambda=0.019 safe=False first_violation=network event_count=25 peak_prefill=1 peak_decode=6 minimum_link_headroom_mb_s=-260.306544 peak_memory_gb=32.4355
  trial scenario=single_slow_stage partition_id=random_04 partition=10-9-12-7-14-6-11-11 lambda=0.0195 safe=False first_violation=network event_count=25 peak_prefill=1 peak_decode=6 minimum_link_headroom_mb_s=-260.306544 peak_memory_gb=32.4355
  trial scenario=single_slow_stage partition_id=random_04 partition=10-9-12-7-14-6-11-11 lambda=0.02 safe=False first_violation=network event_count=24 peak_prefill=1 peak_decode=6 minimum_link_headroom_mb_s=-260.154889 peak_memory_gb=32.4355
  trial scenario=single_slow_stage partition_id=random_04 partition=10-9-12-7-14-6-11-11 lambda=0.0205 safe=False first_violation=network event_count=24 peak_prefill=1 peak_decode=6 minimum_link_headroom_mb_s=-260.154889 peak_memory_gb=32.4355
  trial scenario=single_slow_stage partition_id=random_04 partition=10-9-12-7-14-6-11-11 lambda=0.021 safe=False first_violation=network event_count=23 peak_prefill=1 peak_decode=6 minimum_link_headroom_mb_s=-260.002865 peak_memory_gb=32.42878
  trial scenario=single_slow_stage partition_id=random_04 partition=10-9-12-7-14-6-11-11 lambda=0.0215 safe=False first_violation=network event_count=23 peak_prefill=1 peak_decode=6 minimum_link_headroom_mb_s=-260.002865 peak_memory_gb=32.42878
  trial scenario=single_slow_stage partition_id=random_04 partition=10-9-12-7-14-6-11-11 lambda=0.022 safe=False first_violation=network event_count=23 peak_prefill=1 peak_decode=6 minimum_link_headroom_mb_s=-260.002865 peak_memory_gb=32.42878
  random_04          partition=[10, 9, 12, 7, 14, 6, 11, 11] safe=0.0085 unsafe=0.009 violation=network monotonic=True
  trial scenario=single_slow_stage partition_id=random_05 partition=10-5-14-10-7-10-12-12 lambda=0.006 safe=True first_violation=None event_count=204 peak_prefill=1 peak_decode=5 minimum_link_headroom_mb_s=223.866264 peak_memory_gb=32.64508
  trial scenario=single_slow_stage partition_id=random_05 partition=10-5-14-10-7-10-12-12 lambda=0.0065 safe=True first_violation=None event_count=204 peak_prefill=1 peak_decode=5 minimum_link_headroom_mb_s=224.307746 peak_memory_gb=33.04282
  trial scenario=single_slow_stage partition_id=random_05 partition=10-5-14-10-7-10-12-12 lambda=0.007 safe=False first_violation=network event_count=162 peak_prefill=1 peak_decode=5 minimum_link_headroom_mb_s=-56.623147 peak_memory_gb=33.16378
  trial scenario=single_slow_stage partition_id=random_05 partition=10-5-14-10-7-10-12-12 lambda=0.0075 safe=False first_violation=network event_count=160 peak_prefill=1 peak_decode=5 minimum_link_headroom_mb_s=-56.283251 peak_memory_gb=33.15706
  trial scenario=single_slow_stage partition_id=random_05 partition=10-5-14-10-7-10-12-12 lambda=0.008 safe=False first_violation=network event_count=110 peak_prefill=1 peak_decode=5 minimum_link_headroom_mb_s=-29.802445 peak_memory_gb=31.8643
  trial scenario=single_slow_stage partition_id=random_05 partition=10-5-14-10-7-10-12-12 lambda=0.0085 safe=False first_violation=network event_count=109 peak_prefill=1 peak_decode=5 minimum_link_headroom_mb_s=-29.626125 peak_memory_gb=31.8643
  trial scenario=single_slow_stage partition_id=random_05 partition=10-5-14-10-7-10-12-12 lambda=0.009 safe=False first_violation=network event_count=97 peak_prefill=1 peak_decode=5 minimum_link_headroom_mb_s=-35.491924 peak_memory_gb=31.84414
  trial scenario=single_slow_stage partition_id=random_05 partition=10-5-14-10-7-10-12-12 lambda=0.0095 safe=False first_violation=network event_count=69 peak_prefill=1 peak_decode=5 minimum_link_headroom_mb_s=-18.575038 peak_memory_gb=31.68286
  trial scenario=single_slow_stage partition_id=random_05 partition=10-5-14-10-7-10-12-12 lambda=0.01 safe=False first_violation=network event_count=69 peak_prefill=1 peak_decode=5 minimum_link_headroom_mb_s=-18.575038 peak_memory_gb=32.34814
  trial scenario=single_slow_stage partition_id=random_05 partition=10-5-14-10-7-10-12-12 lambda=0.0105 safe=False first_violation=network event_count=68 peak_prefill=1 peak_decode=5 minimum_link_headroom_mb_s=-18.422511 peak_memory_gb=32.34814
  trial scenario=single_slow_stage partition_id=random_05 partition=10-5-14-10-7-10-12-12 lambda=0.011 safe=False first_violation=network event_count=66 peak_prefill=1 peak_decode=5 minimum_link_headroom_mb_s=-18.100719 peak_memory_gb=32.34142
  trial scenario=single_slow_stage partition_id=random_05 partition=10-5-14-10-7-10-12-12 lambda=0.0115 safe=False first_violation=network event_count=66 peak_prefill=1 peak_decode=5 minimum_link_headroom_mb_s=-18.100719 peak_memory_gb=32.34142
  trial scenario=single_slow_stage partition_id=random_05 partition=10-5-14-10-7-10-12-12 lambda=0.012 safe=False first_violation=network event_count=66 peak_prefill=1 peak_decode=5 minimum_link_headroom_mb_s=-18.100719 peak_memory_gb=32.34142
  trial scenario=single_slow_stage partition_id=random_05 partition=10-5-14-10-7-10-12-12 lambda=0.0125 safe=False first_violation=network event_count=66 peak_prefill=1 peak_decode=5 minimum_link_headroom_mb_s=-18.100719 peak_memory_gb=32.34142
  trial scenario=single_slow_stage partition_id=random_05 partition=10-5-14-10-7-10-12-12 lambda=0.013 safe=False first_violation=network event_count=23 peak_prefill=1 peak_decode=5 minimum_link_headroom_mb_s=-47.98239 peak_memory_gb=32.34142
  trial scenario=single_slow_stage partition_id=random_05 partition=10-5-14-10-7-10-12-12 lambda=0.0135 safe=False first_violation=network event_count=22 peak_prefill=1 peak_decode=5 minimum_link_headroom_mb_s=-47.820282 peak_memory_gb=32.32798
  trial scenario=single_slow_stage partition_id=random_05 partition=10-5-14-10-7-10-12-12 lambda=0.014 safe=False first_violation=network event_count=21 peak_prefill=1 peak_decode=5 minimum_link_headroom_mb_s=-47.667942 peak_memory_gb=32.31454
  trial scenario=single_slow_stage partition_id=random_05 partition=10-5-14-10-7-10-12-12 lambda=0.0145 safe=False first_violation=network event_count=21 peak_prefill=1 peak_decode=5 minimum_link_headroom_mb_s=-47.667942 peak_memory_gb=32.31454
  trial scenario=single_slow_stage partition_id=random_05 partition=10-5-14-10-7-10-12-12 lambda=0.015 safe=False first_violation=network event_count=21 peak_prefill=1 peak_decode=5 minimum_link_headroom_mb_s=-47.667942 peak_memory_gb=32.31454
  trial scenario=single_slow_stage partition_id=random_05 partition=10-5-14-10-7-10-12-12 lambda=0.0155 safe=False first_violation=network event_count=21 peak_prefill=1 peak_decode=5 minimum_link_headroom_mb_s=-47.667942 peak_memory_gb=32.31454
  trial scenario=single_slow_stage partition_id=random_05 partition=10-5-14-10-7-10-12-12 lambda=0.016 safe=False first_violation=network event_count=21 peak_prefill=1 peak_decode=5 minimum_link_headroom_mb_s=-47.667942 peak_memory_gb=32.31454
  trial scenario=single_slow_stage partition_id=random_05 partition=10-5-14-10-7-10-12-12 lambda=0.0165 safe=False first_violation=network event_count=21 peak_prefill=1 peak_decode=5 minimum_link_headroom_mb_s=-47.667942 peak_memory_gb=32.31454
  trial scenario=single_slow_stage partition_id=random_05 partition=10-5-14-10-7-10-12-12 lambda=0.017 safe=False first_violation=network event_count=20 peak_prefill=1 peak_decode=5 minimum_link_headroom_mb_s=-47.506039 peak_memory_gb=32.31454
  trial scenario=single_slow_stage partition_id=random_05 partition=10-5-14-10-7-10-12-12 lambda=0.0175 safe=False first_violation=network event_count=19 peak_prefill=1 peak_decode=5 minimum_link_headroom_mb_s=-47.337612 peak_memory_gb=32.31454
  trial scenario=single_slow_stage partition_id=random_05 partition=10-5-14-10-7-10-12-12 lambda=0.018 safe=False first_violation=network event_count=19 peak_prefill=1 peak_decode=5 minimum_link_headroom_mb_s=-47.337612 peak_memory_gb=32.31454
  trial scenario=single_slow_stage partition_id=random_05 partition=10-5-14-10-7-10-12-12 lambda=0.0185 safe=False first_violation=network event_count=19 peak_prefill=1 peak_decode=5 minimum_link_headroom_mb_s=-47.337612 peak_memory_gb=32.30782
  trial scenario=single_slow_stage partition_id=random_05 partition=10-5-14-10-7-10-12-12 lambda=0.019 safe=False first_violation=network event_count=19 peak_prefill=1 peak_decode=5 minimum_link_headroom_mb_s=-47.337612 peak_memory_gb=32.30782
  trial scenario=single_slow_stage partition_id=random_05 partition=10-5-14-10-7-10-12-12 lambda=0.0195 safe=False first_violation=network event_count=19 peak_prefill=1 peak_decode=5 minimum_link_headroom_mb_s=-47.337612 peak_memory_gb=32.30782
  trial scenario=single_slow_stage partition_id=random_05 partition=10-5-14-10-7-10-12-12 lambda=0.02 safe=False first_violation=network event_count=19 peak_prefill=1 peak_decode=5 minimum_link_headroom_mb_s=-47.337612 peak_memory_gb=32.30782
  trial scenario=single_slow_stage partition_id=random_05 partition=10-5-14-10-7-10-12-12 lambda=0.0205 safe=False first_violation=network event_count=18 peak_prefill=1 peak_decode=5 minimum_link_headroom_mb_s=-47.185458 peak_memory_gb=32.3011
  trial scenario=single_slow_stage partition_id=random_05 partition=10-5-14-10-7-10-12-12 lambda=0.021 safe=False first_violation=network event_count=18 peak_prefill=1 peak_decode=5 minimum_link_headroom_mb_s=-47.185458 peak_memory_gb=32.3011
  trial scenario=single_slow_stage partition_id=random_05 partition=10-5-14-10-7-10-12-12 lambda=0.0215 safe=False first_violation=network event_count=18 peak_prefill=1 peak_decode=5 minimum_link_headroom_mb_s=-47.185458 peak_memory_gb=32.3011
  trial scenario=single_slow_stage partition_id=random_05 partition=10-5-14-10-7-10-12-12 lambda=0.022 safe=False first_violation=network event_count=18 peak_prefill=1 peak_decode=5 minimum_link_headroom_mb_s=-47.185458 peak_memory_gb=32.3011
  random_05          partition=[10, 5, 14, 10, 7, 10, 12, 12] safe=0.0065 unsafe=0.007 violation=network monotonic=True
  trial scenario=single_slow_stage partition_id=random_06 partition=8-13-10-11-12-10-6-10 lambda=0.006 safe=True first_violation=None event_count=204 peak_prefill=1 peak_decode=5 minimum_link_headroom_mb_s=208.280591 peak_memory_gb=30.73562
  trial scenario=single_slow_stage partition_id=random_06 partition=8-13-10-11-12-10-6-10 lambda=0.0065 safe=False first_violation=network event_count=163 peak_prefill=1 peak_decode=5 minimum_link_headroom_mb_s=-77.512626 peak_memory_gb=31.01135
  trial scenario=single_slow_stage partition_id=random_06 partition=8-13-10-11-12-10-6-10 lambda=0.007 safe=False first_violation=network event_count=162 peak_prefill=1 peak_decode=5 minimum€ﬁ∏ıº≠z &ä€^wn=12-10-8-15-9-10-5-11 lambda=0.0195 safe=False first_violation=network event_count=18 peak_prefill=1 peak_decode=5 minimum_link_headroom_mb_s=-155.810062 peak_memory_gb=34.17975
  trial scenario=single_slow_stage partition_id=random_08 partition=12-10-8-15-9-10-5-11 lambda=0.02 safe=False first_violation=network event_count=18 peak_prefill=1 peak_decode=5 minimum_link_headroom_mb_s=-155.810062 peak_memory_gb=34.17975
  trial scenario=single_slow_stage partition_id=random_08 partition=12-10-8-15-9-10-5-11 lambda=0.0205 safe=False first_violation=network event_count=18 peak_prefill=1 peak_decode=5 minimum_link_headroom_mb_s=-155.810062 peak_memory_gb=34.17975
  trial scenario=single_slow_stage partition_id=random_08 partition=12-10-8-15-9-10-5-11 lambda=0.021 safe=False first_violation=network event_count=18 peak_prefill=1 peak_decode=5 minimum_link_headroom_mb_s=-155.810062 peak_memory_gb=34.17975
  trial scenario=single_slow_stage partition_id=random_08 partition=12-10-8-15-9-10-5-11 lambda=0.0215 safe=False first_violation=network event_count=17 peak_prefill=1 peak_decode=5 minimum_link_headroom_mb_s=-155.611519 peak_memory_gb=34.17975
  trial scenario=single_slow_stage partition_id=random_08 partition=12-10-8-15-9-10-5-11 lambda=0.022 safe=False first_violation=network event_count=17 peak_prefill=1 peak_decode=5 minimum_link_headroom_mb_s=-155.611519 peak_memory_gb=34.17975
  random_08          partition=[12, 10, 8, 15, 9, 10, 5, 11] safe=0.006 unsafe=0.0065 violation=network monotonic=True
  trial scenario=single_slow_stage partition_id=random_09 partition=10-9-9-11-12-11-9-9 lambda=0.006 safe=True first_violation=None event_count=204 peak_prefill=1 peak_decode=5 minimum_link_headroom_mb_s=208.280591 peak_memory_gb=28.83288
  trial scenario=single_slow_stage partition_id=random_09 partition=10-9-9-11-12-11-9-9 lambda=0.0065 safe=False first_violation=network event_count=163 peak_prefill=1 peak_decode=5 minimum_link_headroom_mb_s=-77.512626 peak_memory_gb=29.0874
  trial scenario=single_slow_stage partition_id=random_09 partition=10-9-9-11-12-11-9-9 lambda=0.007 safe=False first_violation=network event_count=162 peak_prefill=1 peak_decode=5 minimum_link_headroom_mb_s=-77.354069 peak_memory_gb=29.27748
  trial scenario=single_slow_stage partition_id=random_09 partition=10-9-9-11-12-11-9-9 lambda=0.0075 safe=False first_violation=network event_count=160 peak_prefill=1 peak_decode=5 minimum_link_headroom_mb_s=-76.99977 peak_memory_gb=29.27748
  trial scenario=single_slow_stage partition_id=random_09 partition=10-9-9-11-12-11-9-9 lambda=0.008 safe=False first_violation=network event_count=110 peak_prefill=1 peak_decode=5 minimum_link_headroom_mb_s=-49.446797 peak_memory_gb=28.1694
  trial scenario=single_slow_stage partition_id=random_09 partition=10-9-9-11-12-11-9-9 lambda=0.0085 safe=False first_violation=network event_count=108 peak_prefill=1 peak_decode=5 minimum_link_headroom_mb_s=-49.102877 peak_memory_gb=28.1694
  trial scenario=single_slow_stage partition_id=random_09 partition=10-9-9-11-12-11-9-9 lambda=0.009 safe=False first_violation=network event_count=70 peak_prefill=1 peak_decode=5 minimum_link_headroom_mb_s=-37.911611 peak_memory_gb=28.01964
  trial scenario=single_slow_stage partition_id=random_09 partition=10-9-9-11-12-11-9-9 lambda=0.0095 safe=False first_violation=network event_count=69 peak_prefill=1 peak_decode=5 minimum_link_headroom_mb_s=-37.735163 peak_memory_gb=28.01388
  trial scenario=single_slow_stage partition_id=random_09 partition=10-9-9-11-12-11-9-9 lambda=0.01 safe=False first_violation=network event_count=68 peak_prefill=1 peak_decode=5 minimum_link_headroom_mb_s=-37.576606 peak_memory_gb=28.58412
  trial scenario=single_slow_stage partition_id=random_09 partition=10-9-9-11-12-11-9-9 lambda=0.0105 safe=False first_violation=network event_count=68 peak_prefill=1 peak_decode=5 minimum_link_headroom_mb_s=-37.576606 peak_memory_gb=28.58412
  trial scenario=single_slow_stage partition_id=random_09 partition=10-9-9-11-12-11-9-9 lambda=0.011 safe=False first_violation=network event_count=66 peak_prefill=1 peak_decode=5 minimum_link_headroom_mb_s=-37.241635 peak_memory_gb=28.57836
  trial scenario=single_slow_stage partition_id=random_09 partition=10-9-9-11-12-11-9-9 lambda=0.0115 safe=False first_violation=network event_count=66 peak_prefill=1 peak_decode=5 minimum_link_headroom_mb_s=-37.241635 peak_memory_gb=28.57836
  trial scenario=single_slow_stage partition_id=random_09 partition=10-9-9-11-12-11-9-9 lambda=0.012 safe=False first_violation=network event_count=66 peak_prefill=1 peak_decode=5 minimum_link_headroom_mb_s=-37.241635 peak_memory_gb=28.57836
  trial scenario=single_slow_stage partition_id=random_09 partition=10-9-9-11-12-11-9-9 lambda=0.0125 safe=False first_violation=network event_count=58 peak_prefill=1 peak_decode=5 minimum_link_headroom_mb_s=-53.371594 peak_memory_gb=28.57836
  trial scenario=single_slow_stage partition_id=random_09 partition=10-9-9-11-12-11-9-9 lambda=0.013 safe=False first_violation=network event_count=23 peak_prefill=1 peak_decode=5 minimum_link_headroom_mb_s=-68.366758 peak_memory_gb=28.57836
  trial scenario=single_slow_stage partition_id=random_09 partition=10-9-9-11-12-11-9-9 lambda=0.0135 safe=False first_violation=network event_count=21 peak_prefill=1 peak_decode=5 minimum_link_headroom_mb_s=-68.03963 peak_memory_gb=28.56108
  trial scenario=single_slow_stage partition_id=random_09 partition=10-9-9-11-12-11-9-9 lambda=0.014 safe=False first_violation=network event_count=21 peak_prefill=1 peak_decode=5 minimum_link_headroom_mb_s=-68.03963 peak_memory_gb=28.55532
  trial scenario=single_slow_stage partition_id=random_09 partition=10-9-9-11-12-11-9-9 lambda=0.0145 safe=False first_violation=network event_count=21 peak_prefill=1 peak_decode=5 minimum_link_headroom_mb_s=-68.03963 peak_memory_gb=28.55532
  trial scenario=single_slow_stage partition_id=random_09 partition=10-9-9-11-12-11-9-9 lambda=0.015 safe=False first_violation=network event_count=21 peak_prefill=1 peak_decode=5 minimum_link_headroom_mb_s=-68.03963 peak_memory_gb=28.55532
  trial scenario=single_slow_stage partition_id=random_09 partition=10-9-9-11-12-11-9-9 lambda=0.0155 safe=False first_violation=network event_count=21 peak_prefill=1 peak_decode=5 minimum_link_headroom_mb_s=-68.03963 peak_memory_gb=28.55532
  trial scenario=single_slow_stage partition_id=random_09 partition=10-9-9-11-12-11-9-9 lambda=0.016 safe=False first_violation=network event_count=21 peak_prefill=1 peak_decode=5 minimum_link_headroom_mb_s=-68.03963 peak_memory_gb=28.55532
  trial scenario=single_slow_stage partition_id=random_09 partition=10-9-9-11-12-11-9-9 lambda=0.0165 safe=False first_violation=network event_count=21 peak_prefill=1 peak_decode=5 minimum_link_headroom_mb_s=-68.03963 peak_memory_gb=28.55532
  trial scenario=single_slow_stage partition_id=random_09 partition=10-9-9-11-12-11-9-9 lambda=0.017 safe=False first_violation=network event_count=20 peak_prefill=1 peak_decode=5 minimum_link_headroom_mb_s=-67.871078 peak_memory_gb=28.55532
  trial scenario=single_slow_stage partition_id=random_09 partition=10-9-9-11-12-11-9-9 lambda=0.0175 safe=False first_violation=network event_count=19 peak_prefill=1 peak_decode=5 minimum_link_headroom_mb_s=-67.69556 peak_memory_gb=28.55532
  trial scenario=single_slow_stage partition_id=random_09 partition=10-9-9-11-12-11-9-9 lambda=0.018 safe=False first_violation=network event_count=19 peak_prefill=1 peak_decode=5 minimum_link_headroom_mb_s=-67.69556 peak_memory_gb=28.55532
  trial scenario=single_slow_stage partition_id=random_09 partition=10-9-9-11-12-11-9-9 lambda=0.0185 safe=False first_violation=network event_count=19 peak_prefill=1 peak_decode=5 minimum_link_headroom_mb_s=-67.69556 peak_memory_gb=28.54956
  trial scenario=single_slow_stage partition_id=random_09 partition=10-9-9-11-12-11-9-9 lambda=0.019 safe=False first_violation=network event_count=19 peak_prefill=1 peak_decode=5 minimum_link_headroom_mb_s=-67.69556 peak_memory_gb=28.54956
  trial scenario=single_slow_stage partition_id=random_09 partition=10-9-9-11-12-11-9-9 lambda=0.0195 safe=False first_violation=network event_count=19 peak_prefill=1 peak_decode=5 minimum_link_headroom_mb_s=-67.69556 peak_memory_gb=28.54956
  trial scenario=single_slow_stage partition_id=random_09 partition=10-9-9-11-12-11-9-9 lambda=0.02 safe=False first_violation=network event_count=19 peak_prefill=1 peak_decode=5 minimum_link_headroom_mb_s=-67.69556 peak_memory_gb=28.5438
  trial scenario=single_slow_stage partition_id=random_09 partition=10-9-9-11-12-11-9-9 lambda=0.0205 safe=False first_violation=network event_count=18 peak_prefill=1 peak_decode=5 minimum_link_headroom_mb_s=-67.5374 peak_memory_gb=28.5438
  trial scenario=single_slow_stage partition_id=random_09 partition=10-9-9-11-12-11-9-9 lambda=0.021 safe=False first_violation=network event_count=18 peak_prefill=1 peak_decode=5 minimum_link_headroom_mb_s=-67.5374 peak_memory_gb=28.5438
  trial scenario=single_slow_stage partition_id=random_09 partition=10-9-9-11-12-11-9-9 lambda=0.0215 safe=False first_violation=network event_count=18 peak_prefill=1 peak_decode=5 minimum_link_headroom_mb_s=-67.5374 peak_memory_gb=28.5438
  trial scenario=single_slow_stage partition_id=random_09 partition=10-9-9-11-12-11-9-9 lambda=0.022 safe=False first_violation=network event_count=18 peak_prefill=1 peak_decode=5 minimum_link_headroom_mb_s=-67.5374 peak_memory_gb=28.5438
  random_09          partition=[10, 9, 9, 11, 12, 11, 9, 9] safe=0.006 unsafe=0.0065 violation=network monotonic=True
  trial scenario=single_slow_stage partition_id=random_10 partition=14-10-5-10-7-14-10-10 lambda=0.006 safe=True first_violation=None event_count=204 peak_prefill=1 peak_decode=5 minimum_link_headroom_mb_s=223.866264 peak_memory_gb=32.64508
  trial scenario=single_slow_stage partition_id=random_10 partition=14-10-5-10-7-14-10-10 lambda=0.0065 safe=True first_violation=None event_count=204 peak_prefill=1 peak_decode=5 minimum_link_headroom_mb_s=224.307746 peak_memory_gb=33.04282
  trial scenario=single_slow_stage partition_id=random_10 partition=14-10-5-10-7-14-10-10 lambda=0.007 safe=False first_violation=network event_count=162 peak_prefill=1 peak_decode=5 minimum_link_headroom_mb_s=-56.623147 peak_memory_gb=33.16378
  trial scenario=single_slow_stage partition_id=random_10 partition=14-10-5-10-7-14-10-10 lambda=0.0075 safe=False first_violation=network event_count=160 peak_prefill=1 peak_decode=5 minimum_link_headroom_mb_s=-56.283251 peak_memory_gb=33.15706
  trial scenario=single_slow_stage partition_id=random_10 partition=14-10-5-10-7-14-10-10 lambda=0.008 safe=False first_violation=network event_count=110 peak_prefill=1 peak_decode=5 minimum_link_headroom_mb_s=-29.802445 peak_memory_gb=31.8643
  trial scenario=single_slow_stage partition_id=random_10 partition=14-10-5-10-7-14-10-10 lambda=0.0085 safe=False first_violation=network event_count=109 peak_prefill=1 peak_decode=5 minimum_link_headroom_mb_s=-29.626125 peak_memory_gb=31.8643
  trial scenario=single_slow_stage partition_id=random_10 partition=14-10-5-10-7-14-10-10 lambda=0.009 safe=False first_violation=network event_count=97 peak_prefill=1 peak_decode=5 minimum_link_headroom_mb_s=-35.491924 peak_memory_gb=31.84414
  trial scenario=single_slow_stage partition_id=random_10 partition=14-10-5-10-7-14-10-10 lambda=0.0095 safe=False first_violation=network event_count=69 peak_prefill=1 peak_decode=5 minimum_link_headroom_mb_s=-18.575038 peak_memory_gb=31.68286
  trial scenario=single_slow_stage partition_id=random_10 partition=14-10-5-10-7-14-10-10 lambda=0.01 safe=False first_violation=network event_count=69 peak_prefill=1 peak_decode=5 minimum_link_headroom_mb_s=-18.575038 peak_memory_gb=32.34814
  trial scenario=single_slow_stage partition_id=random_10 partition=14-10-5-10-7-14-10-10 lambda=0.0105 safe=False first_violation=network event_count=68 peak_prefill=1 peak_decode=5 minimum_link_headroom_mb_s=-18.422511 peak_memory_gb=32.34814
  trial scenario=single_slow_stage partition_id=random_10 partition=14-10-5-10-7-14-10-10 lambda=0.011 safe=False first_violation=network event_count=66 peak_prefill=1 peak_decode=5 minimum_link_headroom_mb_s=-18.100719 peak_memory_gb=32.34142
  trial scenario=single_slow_stage partition_id=random_10 partition=14-10-5-10-7-14-10-10 lambda=0.0115 safe=False first_violation=network event_count=66 peak_prefill=1 peak_decode=5 minimum_link_headroom_mb_s=-18.100719 peak_memory_gb=32.34142
  trial scenario=single_slow_stage partition_id=random_10 partition=14-10-5-10-7-14-10-10 lambda=0.012 safe=False first_violation=network event_count=66 peak_prefill=1 peak_decode=5 minimum_link_headroom_mb_s=-18.100719 peak_memory_gb=32.34142
  trial scenario=single_slow_stage partition_id=random_10 partition=14-10-5-10-7-14-10-10 lambda=0.0125 safe=False first_violation=network event_count=66 peak_prefill=1 peak_decode=5 minimum_link_headroom_mb_s=-18.100719 peak_memory_gb=32.34142
  trial scenario=single_slow_stage partition_id=random_10 partition=14-10-5-10-7-14-10-10 lambda=0.013 safe=False first_violation=network event_count=23 peak_prefill=1 peak_decode=5 minimum_link_headroom_mb_s=-47.98239 peak_memory_gb=32.34142
  trial scenario=single_slow_stage partition_id=random_10 partition=14-10-5-10-7-14-10-10 lambda=0.0135 safe=False first_violation=network event_count=22 peak_prefill=1 peak_decode=5 minimum_link_headroom_mb_s=-47.820282 peak_memory_gb=32.32798
  trial scenario=single_slow_stage partition_id=random_10 partition=14-10-5-10-7-14-10-10 lambda=0.014 safe=False first_violation=network event_count=21 peak_prefill=1 peak_decode=5 minimum_link_headroom_mb_s=-47.667942 peak_memory_gb=32.31454
  trial scenario=single_slow_stage partition_id=random_10 partition=14-10-5-10-7-14-10-10 lambda=0.0145 safe=False first_violation=network event_count=21 peak_prefill=1 peak_decode=5 minimum_link_headroom_mb_s=-47.667942 peak_memory_gb=32.31454
  trial scenario=single_slow_stage partition_id=random_10 partition=14-10-5-10-7-14-10-10 lambda=0.015 safe=False first_violation=network event_count=21 peak_prefill=1 peak_decode=5 minimum_link_headroom_mb_s=-47.667942 peak_memory_gb=32.31454
  trial scenario=single_slow_stage partition_id=random_10 partition=14-10-5-10-7-14-10-10 lambda=0.0155 safe=False first_violation=network event_count=21 peak_prefill=1 peak_decode=5 minimum_link_headroom_mb_s=-47.667942 peak_memory_gb=32.31454
  trial scenario=single_slow_stage partition_id=random_10 partition=14-10-5-10-7-14-10-10 lambda=0.016 safe=False first_violation=network event_count=21 peak_prefill=1 peak_decode=5 minimum_link_headroom_mb_s=-47.667942 peak_memory_gb=32.31454
  trial scenario=single_slow_stage partition_id=random_10 partition=14-10-5-10-7-14-10-10 lambda=0.0165 safe=False first_violation=network event_count=21 peak_prefill=1 peak_decode=5 minimum_link_headroom_mb_s=-47.667942 peak_memory_gb=32.31454
  trial scenario=single_slow_stage partition_id=random_10 partition=14-10-5-10-7-14-10-10 lambda=0.017 safe=False first_violation=network event_count=20 peak_prefill=1 peak_decode=5 minimum_link_headroom_mb_s=-47.506039 peak_memory_gb=32.31454
  trial scenario=single_slow_stage partition_id=random_10 partition=14-10-5-10-7-14-10-10 lambda=0.0175 safe=False first_violation=network event_count=19 peak_prefill=1 peak_decode=5 minimum_link_headroom_mb_s=-47.337612 peak_memory_gb=32.31454
  trial scenario=single_slow_stage partition_id=random_10 partition=14-10-5-10-7-14-10-10 lambda=0.018 safe=False first_violation=network event_count=19 peak_prefill=1 peak_decode=5 minimum_link_headroom_mb_s=-47.337612 peak_memory_gb=32.31454
  trial scenario=single_slow_stage partition_id=random_10 partition=14-10-5-10-7-14-10-10 lambda=0.0185 safe=False first_violation=network event_count=19 peak_prefill=1 peak_decode=5 minimum_link_headroom_mb_s=-47.337612 peak_memory_gb=32.30782
  trial scenario=single_slow_stage partition_id=random_10 partition=14-10-5-10-7-14-10-10 lambda=0.019 safe=False first_violation=network event_count=19 peak_prefill=1 peak_decode=5 minimum_link_headroom_mb_s=-47.337612 peak_memory_gb=32.30782
  trial scenario=single_slow_stage partition_id=random_10 partition=14-10-5-10-7-14-10-10 lambda=0.0195 safe=False first_violation=network event_count=19 peak_prefill=1 peak_decode=5 minimum_link_headroom_mb_s=-47.337612 peak_memory_gb=32.30782
  trial scenario=single_slow_stage partition_id=random_10 partition=14-10-5-10-7-14-10-10 lambda=0.02 safe=False first_violation=network event_count=19 peak_prefill=1 peak_decode=5 minimum_link_headroom_mb_s=-47.337612 peak_memory_gb=32.30782
  trial scenario=single_slow_stage partition_id=random_10 partition=14-10-5-10-7-14-10-10 lambda=0.0205 safe=False first_violation=network event_count=18 peak_prefill=1 peak_decode=5 minimum_link_headroom_mb_s=-47.185458 peak_memory_gb=32.3011
  trial scenario=single_slow_stage partition_id=random_10 partition=14-10-5-10-7-14-10-10 lambda=0.021 safe=False first_violation=network event_count=18 peak_prefill=1 peak_decode=5 minimum_link_headroom_mb_s=-47.185458 peak_memory_gb=32.3011
  trial scenario=single_slow_stage partition_id=random_10 partition=14-10-5-10-7-14-10-10 lambda=0.0215 safe=False first_violation=network event_count=18 peak_prefill=1 peak_decode=5 minimum_link_headroom_mb_s=-47.185458 peak_memory_gb=32.3011
  trial scenario=single_slow_stage partition_id=random_10 partition=14-10-5-10-7-14-10-10 lambda=0.022 safe=False first_violation=network event_count=18 peak_prefill=1 peak_decode=5 minimum_link_headroom_mb_s=-47.185458 peak_memory_gb=32.3011
  random_10          partition=[14, 10, 5, 10, 7, 14, 10, 10] safe=0.0065 unsafe=0.007 violation=network monotonic=True
  trial scenario=single_slow_stage partition_id=random_11 partition=10-8-11-11-9-14-8-9 lambda=0.006 safe=True first_violation=None event_count=204 peak_prefill=1 peak_decode=5 minimum_link_headroom_mb_s=208.280591 peak_memory_gb=32.63836
  trial scenario=single_slow_stage partition_id=random_11 partition=10-8-11-11-9-14-8-9 lambda=0.0065 safe=False first_violation=network event_count=163 peak_prefill=1 peak_decode=5 minimum_link_headroom_mb_s=-77.512626 peak_memory_gb=32.9353
  trial scenario=single_slow_stage partition_id=random_11 partition=10-8-11-11-9-14-8-9 lambda=0.007 safe=False first_violation=network event_count=162 peak_prefill=1 peak_decode=5 minimum_link_headroom_mb_s=-77.354069 peak_memory_gb=33.15706
  trial scenario=single_slow_stage partition_id=random_11 partition=10-8-11-11-9-14-8-9 lambda=0.0075 safe=False first_violation=network event_count=160 peak_prefill=1 peak_decode=5 minimum_link_headroom_mb_s=-76.99977 peak_memory_gb=33.15706
  trial scenario=single_slow_stage partition_id=random_11 partition=10-8-11-11-9-14-8-9 lambda=0.008 safe=False first_violation=network event_count=110 peak_prefill=1 peak_decode=5 minimum_link_headroom_mb_s=-49.446797 peak_memory_gb=31.8643
  trial scenario=single_slow_stage partition_id=random_11 partition=10-8-11-11-9-14-8-9 lambda=0.0085 safe=False first_violation=network event_count=108 peak_prefill=1 peak_decode=5 minimum_link_headroom_mb_s=-49.102877 peak_memory_gb=31.8643
  trial scenario=single_slow_stage partition_id=random_11 partition=10-8-11-11-9-14-8-9 lambda=0.009 safe=False first_violation=network event_count=70 peak_prefill=1 peak_decode=5 minimum_link_headroom_mb_s=-37.911611 peak_memory_gb=31.68958
  trial scenario=single_slow_stage partition_id=random_11 partition=10-8-11-11-9-14-8-9 lambda=0.0095 safe=False first_violation=network event_count=69 peak_prefill=1 peak_decode=5 minimum_link_headroom_mb_s=-37.735163 peak_memory_gb=31.68286
  trial scenario=single_slow_stage partition_id=random_11 partition=10-8-11-11-9-14-8-9 lambda=0.01 safe=False first_violation=network event_count=68 peak_prefill=1 peak_decode=5 minimum_link_headroom_mb_s=-37.576606 peak_memory_gb=32.34814
  trial scenario=single_slow_stage partition_id=random_11 partition=10-8-11-11-9-14-8-9 lambda=0.0105 safe=False first_violation=network event_count=68 peak_prefill=1 peak_decode=5 minimum_link_headroom_mb_s=-37.576606 peak_memory_gb=32.34814
  trial scenario=single_slow_stage partition_id=random_11 partition=10-8-11-11-9-14-8-9 lambda=0.011 safe=False first_violation=network event_count=66 peak_prefill=1 peak_decode=5 minimum_link_headroom_mb_s=-37.241635 peak_memory_gb=32.34142
  trial scenario=single_slow_stage partition_id=random_11 partition=10-8-11-11-9-14-8-9 lambda=0.0115 safe=False first_violation=network event_count=66 peak_prefill=1 peak_decode=5 minimum_link_headroom_mb_s=-37.241635 peak_memory_gb=32.34142
  trial scenario=single_slow_stage partition_id=random_11 partition=10-8-11-11-9-14-8-9 lambda=0.012 safe=False first_violation=network event_count=66 peak_prefill=1 peak_decode=5 minimum_link_headroom_mb_s=-37.241635 peak_memory_gb=32.34142
  trial scenario=single_slow_stage partition_id=random_11 partition=10-8-11-11-9-14-8-9 lambda=0.0125 safe=False first_violation=network event_count=58 peak_prefill=1 peak_decode=5 minimum_link_headroom_mb_s=-53.371594 peak_memory_gb=32.34142
  trial scenario=single_slow_stage partition_id=random_11 partition=10-8-11-11-9-14-8-9 lambda=0.013 safe=False first_violation=network event_count=23 peak_prefill=1 peak_decode=5 minimum_link_headroom_mb_s=-68.366758 peak_memory_gb=32.34142
  trial scenario=single_slow_stage partition_id=random_11 partition=10-8-11-11-9-14-8-9 lambda=0.0135 safe=False first_violation=network event_count=21 peak_prefill=1 peak_decode=5 minimum_link_headroom_mb_s=-68.03963 peak_memory_gb=32.32126
  trial scenario=single_slow_stage partition_id=random_11 partition=10-8-11-11-9-14-8-9 lambda=0.014 safe=False first_violation=network event_count=21 peak_prefill=1 peak_decode=5 minimum_link_headroom_mb_s=-68.03963 peak_memory_gb=32.31454
  trial scenario=single_slow_stage partition_id=random_11 partition=10-8-11-11-9-14-8-9 lambda=0.0145 safe=False first_violation=network event_count=21 peak_prefill=1 peak_decode=5 minimum_link_headroom_mb_s=-68.03963 peak_memory_gb=32.31454
  trial scenario=single_slow_stage partition_id=random_11 partition=10-8-11-11-9-14-8-9 lambda=0.015 safe=False first_violation=network event_count=21 peak_prefill=1 peak_decode=5 minimum_link_headroom_mb_s=-68.03963 peak_memory_gb=32.31454
  trial scenario=single_slow_stage partition_id=random_11 partition=10-8-11-11-9-14-8-9 lambda=0.0155 safe=False first_violation=network event_count=21 peak_prefill=1 peak_decode=5 minimum_link_headroom_mb_s=-68.03963 peak_memory_gb=32.31454
  trial scenario=single_slow_stage partition_id=random_11 partition=10-8-11-11-9-14-8-9 lambda=0.016 safe=False first_violation=network event_count=21 peak_prefill=1 peak_decode=5 minimum_link_headroom_mb_s=-68.03963 peak_memory_gb=32.31454
  trial scenario=single_slow_stage partition_id=random_11 partition=10-8-11-11-9-14-8-9 lambda=0.0165 safe=False first_violation=network event_count=21 peak_prefill=1 peak_decode=5 minimum_link_headroom_mb_s=-68.03963 peak_memory_gb=32.31454
  trial scenario=single_slow_stage partition_id=random_11 partition=10-8-11-11-9-14-8-9 lambda=0.017 safe=False first_violation=network event_count=20 peak_prefill=1 peak_decode=5 minimum_link_headroom_mb_s=-67.871078 peak_memory_gb=32.31454
  trial scenario=single_slow_stage partition_id=random_11 partition=10-8-11-11-9-14-8-9 lambda=0.0175 safe=False first_violation=network event_count=19 peak_prefill=1 peak_decode=5 minimum_link_headroom_mb_s=-67.69556 peak_memory_gb=32.31454
  trial scenario=single_slow_stage partition_id=random_11 partition=10-8-11-11-9-14-8-9 lambda=0.018 safe=False first_violation=network event_count=19 peak_prefill=1 peak_decode=5 minimum_link_headroom_mb_s=-67.69556 peak_memory_gb=32.31454
  trial scenario=single_slow_stage partition_id=random_11 partition=10-8-11-11-9-14-8-9 lambda=0.0185 safe=False first_violation=network event_count=19 peak_prefill=1 peak_decode=5 minimum_link_headroom_mb_s=-67.69556 peak_memory_gb=32.30782
  trial scenario=single_slow_stage partition_id=random_11 partition=10-8-11-11-9-14-8-9 lambda=0.019 safe=False first_violation=network event_count=19 peak_prefill=1 peak_decode=5 minimum_link_headroom_mb_s=-67.69556 peak_memory_gb=32.30782
  trial scenario=single_slow_stage partition_id=random_11 partition=10-8-11-11-9-14-8-9 lambda=0.0195 safe=False first_violation=network event_count=19 peak_prefill=1 peak_decode=5 minimum_link_headroom_mb_s=-67.69556 peak_memory_gb=32.30782
  trial scenario=single_slow_stage partition_id=random_11 partition=10-8-11-11-9-14-8-9 lambda=0.02 safe=False first_violation=network event_count=19 peak_prefill=1 peak_decode=5 minimum_link_headroom_mb_s=-67.69556 peak_memory_gb=32.3011
  trial scenario=single_slow_stage partition_id=random_11 partition=10-8-11-11-9-14-8-9 lambda=0.0205 safe=False first_violation=network event_count=18 peak_prefill=1 peak_decode=5 minimum_link_headroom_mb_s=-67.5374 peak_memory_gb=32.3011
  trial scenario=single_slow_stage partition_id=random_11 partition=10-8-11-11-9-14-8-9 lambda=0.021 safe=False first_violation=network event_count=18 peak_prefill=1 peak_decode=5 minimum_link_headroom_mb_s=-67.5374 peak_memory_gb=32.3011
  trial scenario=single_slow_stage partition_id=random_11 partition=10-8-11-11-9-14-8-9 lambda=0.0215 safe=False first_violation=network event_count=18 peak_prefill=1 peak_decode=5 minimum_link_headroom_mb_s=-67.5374 peak_memory_gb=32.3011
  trial scenario=single_slow_stage partition_id=random_11 partition=10-8-11-11-9-14-8-9 lambda=0.022 safe=False first_violation=network event_count=18 peak_prefill=1 peak_decode=5 minimum_link_headroom_mb_s=-67.5374 peak_memory_gb=32.3011
  random_11          partition=[10, 8, 11, 11, 9, 14, 8, 9] safe=0.006 unsafe=0.0065 violation=network monotonic=True
  trial scenario=single_slow_stage partition_id=random_12 partition=13-11-9-12-8-10-8-9 lambda=0.006 safe=True first_violation=None event_count=204 peak_prefill=1 peak_decode=5 minimum_link_headroom_mb_s=192.045687 peak_memory_gb=30.73562
  trial scenario=single_slow_stage partition_id=random_12 partition=13-11-9-12-8-10-8-9 lambda=0.0065 safe=False first_violation=network event_count=163 peak_prefill=1 peak_decode=5 minimum_link_headroom_mb_s=-98.923621 peak_memory_gb=31.00511
  trial scenario=single_slow_stage partition_id=random_12 partition=13-11-9-12-8-10-8-9 lambda=0.007 safe=False first_violation=network event_count=162 peak_prefill=1 peak_decode=5 minimum_link_headroom_mb_s=-98.758737 peak_memory_gb=31.21727
  trial scenario=single_slow_stage partition_id=random_12 partition=13-11-9-12-8-10-8-9 lambda=0.0075 safe=False first_violation=network event_count=159 peak_prefill=1 peak_decode=5 minimum_link_headroom_mb_s=-98.197498 peak_memory_gb=31.21727
  trial scenario=single_slow_stage partition_id=random_12 partition=13-11-9-12-8-10-8-9 lambda=0.008 safe=False first_violation=network event_count=110 peak_prefill=1 peak_decode=5 minimum_link_headroom_mb_s=-69.708493 peak_memory_gb=30.01685
  trial scenario=single_slow_stage partition_id=random_12 partition=13-11-9-12-8-10-8-9 lambda=0.0085 safe=False first_violation=network event_count=108 peak_prefill=1 peak_decode=5 minimum_link_headroom_mb_s=-69.350089 peak_memory_gb=30.01685
  trial scenario=single_slow_stage partition_id=random_12 partition=13-11-9-12-8-10-8-9 lambda=0.009 safe=False first_violation=network event_count=70 peak_prefill=1 peak_decode=5 minimum_link_headroom_mb_s=-57.671149 peak_memory_gb=29.85461
  trial scenario=single_slow_stage partition_id=random_12 partition=13-11-9-12-8-10-8-9 lambda=0.0095 safe=False first_violation=network event_count=69 peak_prefill=1 peak_decode=5 minimum_link_headroom_mb_s=-57.487165 peak_memory_gb=29.84837
  trial scenario=single_slow_stage partition_id=random_12 partition=13-11-9-12-8-10-8-9 lambda=0.01 safe=False first_violation=network event_count=68 peak_prefill=1 peak_decode=5 minimum_link_headroom_mb_s=-57.322281 peak_memory_gb=30.46613
  trial scenario=single_slow_stage partition_id=random_12 partition=13-11-9-12-8-10-8-9 lambda=0.0105 safe=False first_violation=network event_count=68 peak_prefill=1 peak_decode=5 minimum_link_headroom_mb_s=-57.322281 peak_memory_gb=30.46613
  trial scenario=single_slow_stage partition_id=random_12 partition=13-11-9-12-8-10-8-9 lambda=0.011 safe=False first_violation=network event_count=66 peak_prefill=1 peak_decode=5 minimum_link_headroom_mb_s=-56.973451 peak_memory_gb=30.45989
  trial scenario=single_slow_stage partition_id=random_12 partition=13-11-9-12-8-10-8-9 lambda=0.0115 safe=False first_violation=network event_count=66 peak_prefill=1 peak_decode=5 minimum_link_headroom_mb_s=-56.973451 peak_memory_gb=30.45989
  trial scenario=single_slow_stage partition_id=random_12 partition=13-11-9-12-8-10-8-9 lambda=0.012 safe=False first_violation=network event_count=66 peak_prefill=1 peak_decode=5 minimum_link_headroom_mb_s=-56.973451 peak_memory_gb=30.45989
  trial scenario=single_slow_stage partition_id=random_12 partition=13-11-9-12-8-10-8-9 lambda=0.0125 safe=False first_violation=network event_count=58 peak_prefill=1 peak_decode=5 minimum_link_headroom_mb_s=-73.801708 peak_memory_gb=30.45989
  trial scenario=single_slow_stage partition_id=random_12 partition=13-11-9-12-8-10-8-9 lambda=0.013 safe=False first_violation=network event_count=23 peak_prefill=1 peak_decode=5 minimum_link_headroom_mb_s=-89.406165 peak_memory_gb=30.45365
  trial scenario=single_slow_stage partition_id=random_12 partition=13-11-9-12-8-10-8-9 lambda=0.0135 safe=False first_violation=network event_count=21 peak_prefill=1 peak_decode=5 minimum_link_headroom_mb_s=-89.065715 peak_memory_gb=30.43493
  trial scenario=single_slow_stage partition_id=random_12 partition=13-11-9-12-8-10-8-9 lambda=0.014 safe=False first_violation=network event_count=21 peak_prefill=1 peak_decode=5 minimum_link_headroom_mb_s=-89.065715 peak_memory_gb=30.43493
  trial scenario=single_slow_stage partition_id=random_12 partition=13-11-9-12-8-10-8-9 lambda=0.0145 safe=False first_violation=network event_count=21 peak_prefill=1 peak_decode=5 minimum_link_headroom_mb_s=-89.065715 peak_memory_gb=30.43493
  trial scenario=single_slow_stage partition_id=random_12 partition=13-11-9-12-8-10-8-9 lambda=0.015 safe=False first_violation=network event_count=21 peak_prefill=1 peak_decode=5 minimum_link_headroom_mb_s=-89.065715 peak_memory_gb=30.43493
  trial scenario=single_slow_stage partition_id=random_12 partition=13-11-9-12-8-10-8-9 lambda=0.0155 safe=False first_violation=network event_count=21 peak_prefill=1 peak_decode=5 minimum_link_headroom_mb_s=-89.065715 peak_memory_gb=30.43493
  trial scenario=single_slow_stage partition_id=random_12 partition=13-11-9-12-8-10-8-9 lambda=0.016 safe=False first_violation=network event_count=21 peak_prefill=1 peak_decode=5 minimum_link_headroom_mb_s=-89.065715 peak_memory_gb=30.43493
  trial scenario=single_slow_stage partition_id=random_12 partition=13-11-9-12-8-10-8-9 lambda=0.0165 safe=False first_violation=network event_count=20 peak_prefill=1 peak_decode=5 minimum_link_headroom_mb_s=-88.89017 peak_memory_gb=30.43493
  trial scenario=single_slow_stage partition_id=random_12 partition=13-11-9-12-8-10-8-9 lambda=0.017 safe=False first_violation=network event_count=20 peak_prefill=1 peak_decode=5 minimum_link_headroom_mb_s=-88.89017 peak_memory_gb=30.43493
  trial scenario=single_slow_stage partition_id=random_12 partition=13-11-9-12-8-10-8-9 lambda=0.0175 safe=False first_violation=network event_count=19 peak_prefill=1 peak_decode=5 minimum_link_headroom_mb_s=-88.707182 peak_memory_gb=30.43493
  trial scenario=single_slow_stage partition_id=random_12 partition=13-11-9-12-8-10-8-9 lambda=0.018 safe=False first_violation=network event_count=19 peak_prefill=1 peak_decode=5 minimum_link_headroom_mb_s=-88.707182 peak_memory_gb=30.42869
  trial scenario=single_slow_stage partition_id=random_12 partition=13-11-9-12-8-10-8-9 lambda=0.0185 safe=False first_violation=network event_count=19 peak_prefill=1 peak_decode=5 minimum_link_headroom_mb_s=-88.707182 peak_memory_gb=30.42869
  trial scenario=single_slow_stage partition_id=random_12 partition=13-11-9-12-8-10-8-9 lambda=0.019 safe=False first_violation=network event_count=19 peak_prefill=1 peak_decode=5 minimum_link_headroom_mb_s=-88.707182 peak_memory_gb=30.42869
  trial scenario=single_slow_stage partition_id=random_12 partition=13-11-9-12-8-10-8-9 lambda=0.0195 safe=False first_violation=network event_count=19 peak_prefill=1 peak_decode=5 minimum_link_headroom_mb_s=-88.707182 peak_memory_gb=30.42869
  trial scenario=single_slow_stage partition_id=random_12 partition=13-11-9-12-8-10-8-9 lambda=0.02 safe=False first_violation=network event_count=18 peak_prefill=1 peak_decode=5 minimum_link_headroom_mb_s=-88.542721 peak_memory_gb=30.42245
  trial scenario=single_slow_stage partition_id=random_12 partition=13-11-9-12-8-10-8-9 lambda=0.0205 safe=False first_violation=network event_count=18 peak_prefill=1 peak_decode=5 minimum_link_headroom_mb_s=-88.542721 peak_memory_gb=30.42245
  trial scenario=single_slow_stage partition_id=random_12 partition=13-11-9-12-8-10-8-9 lambda=0.021 safe=False first_violation=network event_count=18 peak_prefill=1 peak_decode=5 minimum_link_headroom_mb_s=-88.542721 peak_memory_gb=30.42245
  trial scenario=single_slow_stage partition_id=random_12 partition=13-11-9-12-8-10-8-9 lambda=0.0215 safe=False first_violation=network event_count=18 peak_prefill=1 peak_decode=5 minimum_link_headroom_mb_s=-88.542721 peak_memory_gb=30.42245
  trial scenario=single_slow_stage partition_id=random_12 partition=13-11-9-12-8-10-8-9 lambda=0.022 safe=False first_violation=network event_count=17 peak_prefill=1 peak_decode=5 minimum_link_headroom_mb_s=-88.367408 peak_memory_gb=30.42245
  random_12          partition=[13, 11, 9, 12, 8, 10, 8, 9] safe=0.006 unsafe=0.0065 violation=network monotonic=True
  trial scenario=single_slow_stage partition_id=random_13 partition=14-11-13-11-8-8-6-9 lambda=0.006 safe=True first_violation=None event_count=204 peak_prefill=1 peak_decode=5 minimum_link_headroom_mb_s=208.280591 peak_memory_gb=32.63836
  trial scenario=single_slow_stage partition_id=random_13 partition=14-11-13-11-8-8-6-9 lambda=0.0065 safe=False first_violation=network event_count=163 peak_prefill=1 peak_decode=5 minimum_link_headroom_mb_s=-77.512626 peak_memory_gb=32.9353
  trial scenario=single_slow_stage partition_id=random_13 partition=14-11-13-11-8-8-6-9 lambda=0.007 safe=False first_violation=network event_count=162 peak_prefill=1 peak_decode=5 minimum_link_headroom_mb_s=-77.354069 peak_memory_gb=33.15706
  trial scenario=single_slow_stage partition_id=random_13 partition=14-11-13-11-8-8-6-9 lambda=0.0075 safe=False first_violation=network event_count=160 peak_prefill=1 peak_decode=5 minimum_link_headroom_mb_s=-76.99977 peak_memory_gb=33.15706
  trial scenario=single_slow_stage partition_id=random_13 partition=14-11-13-11-8-8-6-9 lambda=0.008 safe=False first_violation=network event_count=110 peak_prefill=1 peak_decode=5 minimum_link_headroom_mb_s=-49.446797 peak_memory_gb=31.8643
  trial scenario=single_slow_stage partition_id=random_13 partition=14-11-13-11-8-8-6-9 lambda=0.0085 safe=False first_violation=network event_count=108 peak_prefill=1 peak_decode=5 minimum_link_headroom_mb_s=-49.102877 peak_memory_gb=31.8643
  trial scenario=single_slow_stage partition_id=random_13 partition=14-11-13-11-8-8-6-9 lambda=0.009 safe=False first_violation=network event_count=70 peak_prefill=1 peak_decode=5 minimum_link_headroom_mb_s=-37.911611 peak_memory_gb=31.68958
  trial scenario=single_slow_stage partition_id=random_13 partition=14-11-13-11-8-8-6-9 lambda=0.0095 safe=False first_violation=network event_count=69 peak_prefill=1 peak_decode=5 minimum_link_headroom_mb_s=-37.735163 peak_memory_gb=31.68286
  trial scenario=single_slow_stage partition_id=random_13 partition=14-11-13-11-8-8-6-9 lambda=0.01 safe=False first_violation=network event_count=68 peak_prefill=1 peak_decode=5 minimum_link_headroom_mb_s=-37.576606 peak_memory_gb=32.34814
  trial scenario=single_slow_stage partition_id=random_13 partition=14-11-13-11-8-8-6-9 lambda=0.0105 safe=False first_violation=network event_count=68 peak_prefill=1 peak_decode=5 minimum_link_headroom_mb_s=-37.576606 peak_memory_gb=32.34814
  trial scenario=single_slow_stage partition_id=random_13 partition=14-11-13-11-8-8-6-9 lambda=0.011 safe=False first_violation=network event_count=66 peak_prefill=1 peak_decode=5 minimum_link_headroom_mb_s=-37.241635 peak_memory_gb=32.34142
  trial scenario=single_slow_stage partition_id=random_13 partition=14-11-13-11-8-8-6-9 lambda=0.0115 safe=False first_violation=network event_count=66 peak_prefill=1 peak_decode=5 minimum_link_headroom_mb_s=-37.241635 peak_memory_gb=32.34142
  trial scenario=single_slow_stage partition_id=random_13 partition=14-11-13-11-8-8-6-9 lambda=0.012 safe=False first_violation=network event_count=66 peak_prefill=1 peak_decode=5 minimum_link_headroom_mb_s=-37.241635 peak_memory_gb=32.34142
  trial scenario=single_slow_stage partition_id=random_13 partition=14-11-13-11-8-8-6-9 lambda=0.0125 safe=False first_violation=network event_count=58 peak_prefill=1 peak_decode=5 minimum_link_headroom_mb_s=-53.371594 peak_memory_gb=32.34142
  trial scenario=single_slow_stage partition_id=random_13 partition=14-11-13-11-8-8-6-9 lambda=0.013 safe=False first_violation=network event_count=23 peak_prefill=1 peak_decode=5 minimum_link_headroom_mb_s=-68.366758 peak_memory_gb=32.34142
  trial scenario=single_slow_stage partition_id=random_13 partition=14-11-13-11-8-8-6-9 lambda=0.0135 safe=False first_violation=network event_count=21 peak_prefill=1 peak_decode=5 minimum_link_headroom_mb_s=-68.03963 peak_memory_gb=32.32126
  trial scenario=single_slow_stage partition_id=random_13 partition=14-11-13-11-8-8-6-9 lambda=0.014 safe=False first_violation=network event_count=21 peak_prefill=1 peak_decode=5 minimum_link_headroom_mb_s=-68.03963 peak_memory_gb=32.31454
  trial scenario=single_slow_stage partition_id=random_13 partition=14-11-13-11-8-8-6-9 lambda=0.0145 safe=False first_violation=network event_count=21 peak_prefill=1 peak_decode=5 minimum_link_headroom_mb_s=-68.03963 peak_memory_gb=32.31454
  trial scenario=single_slow_stage partition_id=random_13 partition=14-11-13-11-8-8-6-9 lambda=0.015 safe=False first_violation=network event_count=21 peak_prefill=1 peak_decode=5 minimum_link_headroom_mb_s=-68.03963 peak_memory_gb=32.31454
  trial scenario=single_slow_stage partition_id=random_13 partition=14-11-13-11-8-8-6-9 lambda=0.0155 safe=False first_violation=network event_count=21 peak_prefill=1 peak_decode=5 minimum_link_headroom_mb_s=-68.03963 peak_memory_gb=32.31454
  trial scenario=single_slow_stage partition_id=random_13 partition=14-11-13-11-8-8-6-9 lambda=0.016 safe=False first_violation=network event_count=21 peak_prefill=1 peak_decode=5 minimum_link_headroom_mb_s=-68.03963 peak_memory_gb=32.31454
  trial scenario=single_slow_stage partition_id=random_13 partition=14-11-13-11-8-8-6-9 lambda=0.0165 safe=False first_violation=network event_count=21 peak_prefill=1 peak_decode=5 minimum_link_headroom_mb_s=-68.03963 peak_memory_gb=32.31454
  trial scenario=single_slow_stage partition_id=random_13 partition=14-11-13-11-8-8-6-9 lambda=0.017 safe=False first_violation=network event_count=20 peak_prefill=1 peak_decode=5 minimum_link_headroom_mb_s=-67.871078 peak_memory_gb=32.31454
  trial scenario=single_slow_stage partition_id=random_13 partition=14-11-13-11-8-8-6-9 lambda=0.0175 safe=False first_violation=network event_count=19 peak_prefill=1 peak_decode=5 minimum_link_headroom_mb_s=-67.69556 peak_memory_gb=32.31454
  trial scenario=single_slow_stage partition_id=random_13 partition=14-11-13-11-8-8-6-9 lambda=0.018 safe=False first_violation=network event_count=19 peak_prefill=1 peak_decode=5 minimum_link_headroom_mb_s=-67.69556 peak_memory_gb=32.31454
  trial scenario=single_slow_stage partition_id=random_13 partition=14-11-13-11-8-8-6-9 lambda=0.0185 safe=False first_violation=network event_count=19 peak_prefill=1 peak_decode=5 minimum_link_headroom_mb_s=-67.69556 peak_memory_gb=32.30782
  trial scenario=single_slow_stage partition_id=random_13 partition=14-11-13-11-8-8-6-9 lambda=0.019 safe=False first_violation=network event_count=19 peak_prefill=1 peak_decode=5 minimum_link_headroom_mb_s=-67.69556 peak_memory_gb=32.30782
  trial scenario=single_slow_stage partition_id=random_13 partition=14-11-13-11-8-8-6-9 lambda=0.0195 safe=False first_violation=network event_count=19 peak_prefill=1 peak_decode=5 minimum_link_headroom_mb_s=-67.69556 peak_memory_gb=32.30782
  trial scenario=single_slow_stage partition_id=random_13 partition=14-11-13-11-8-8-6-9 lambda=0.02 safe=False first_violation=network event_count=19 peak_prefill=1 peak_decode=5 minimum_link_headroom_mb_s=-67.69556 peak_memory_gb=32.3011
  trial scenario=single_slow_stage partition_id=random_13 partition=14-11-13-11-8-8-6-9 lambda=0.0205 safe=False first_violation=network event_count=18 peak_prefill=1 peak_decode=5 minimum_link_headroom_mb_s=-67.5374 peak_memory_gb=32.3011
  trial scenario=single_slow_stage partition_id=random_13 partition=14-11-13-11-8-8-6-9 lambda=0.021 safe=False first_violation=network event_count=18 peak_prefill=1 peak_decode=5 minimum_link_headroom_mb_s=-67.5374 peak_memory_gb=32.3011
  trial scenario=single_slow_stage partition_id=random_13 partition=14-11-13-11-8-8-6-9 lambda=0.0215 safe=False first_violation=network event_count=18 peak_prefill=1 peak_decode=5 minimum_link_headroom_mb_s=-67.5374 peak_memory_gb=32.3011
  trial scenario=single_slow_stage partition_id=random_13 partition=14-11-13-11-8-8-6-9 lambda=0.022 safe=False first_violation=network event_count=18 peak_prefill=1 peak_decode=5 minimum_link_headroom_mb_s=-67.5374 peak_memory_gb=32.3011
  random_13          partition=[14, 11, 13, 11, 8, 8, 6, 9] safe=0.006 unsafe=0.0065 violation=network monotonic=True
  trial scenario=single_slow_stage partition_id=random_14 partition=12-10-11-9-10-11-10-7 lambda=0.006 safe=True first_violation=None event_count=204 peak_prefill=1 peak_decode=5 minimum_link_headroom_mb_s=239.139161 peak_memory_gb=28.83864
  trial scenario=single_slow_stage partition_id=random_14 partition=12-10-11-9-10-11-10-7 lambda=0.0065 safe=True first_violation=None event_count=204 peak_prefill=1 peak_decode=5 minimum_link_headroom_mb_s=239.552658 peak_memory_gb=29.17956
  trial scenario=single_slow_stage partition_id=random_14 partition=12-10-11-9-10-11-10-7 lambda=0.007 safe=False first_violation=network event_count=162 peak_prefill=1 peak_decode=5 minimum_link_headroom_mb_s=-36.53459 peak_memory_gb=29.28324
  trial scenario=single_slow_stage partition_id=random_14 partition=12-10-11-9-10-11-10-7 lambda=0.0075 safe=False first_violation=network event_count=160 peak_prefill=1 peak_decode=5 minimum_link_headroom_mb_s=-36.208373 peak_memory_gb=29.27748
  trial scenario=single_slow_stage partition_id=random_14 partition=12-10-11-9-10-11-10-7 lambda=0.008 safe=False first_violation=network event_count=111 peak_prefill=1 peak_decode=5 minimum_link_headroom_mb_s=-10.894538 peak_memory_gb=28.1694
  trial scenario=single_slow_stage partition_id=random_14 partition=12-10-11-9-10-11-10-7 lambda=0.0085 safe=False first_violation=network event_count=110 peak_prefill=1 peak_decode=5 minimum_link_headroom_mb_s=-10.747586 peak_memory_gb=28.1694
  trial scenario=single_slow_stage partition_id=random_14 partition=12-10-11-9-10-11-10-7 lambda=0.009 safe=False first_violation=network event_count=98 peak_prefill=1 peak_decode=5 minimum_link_headroom_mb_s=-16.363309 peak_memory_gb=28.15788
  trial scenario=single_slow_stage partition_id=random_14 partition=12-10-11-9-10-11-10-7 lambda=0.0095 safe=False first_violation=network event_count=96 peak_prefill=1 peak_decode=6 minimum_link_headroom_mb_s=-16.047011 peak_memory_gb=28.2558
  trial scenario=single_slow_stage partition_id=random_14 partition=12-10-11-9-10-11-10-7 lambda=0.01 safe=False first_violation=network event_count=86 peak_prefill=1 peak_decode=6 minimum_link_headroom_mb_s=-17.552221 peak_memory_gb=28.58412
  trial scenario=single_slow_stage partition_id=random_14 partition=12-10-11-9-10-11-10-7 lambda=0.0105 safe=False first_violation=network event_count=77 peak_prefill=1 peak_decode=6 minimum_link_headroom_mb_s=-17.054845 peak_memory_gb=28.58412
  trial scenario=single_slow_stage partition_id=random_14 partition=12-10-11-9-10-11-10-7 lambda=0.011 safe=False first_violation=network event_count=76 peak_prefill=1 peak_decode=6 minimum_link_headroom_mb_s=-16.907893 peak_memory_gb=28.58412
  trial scenario=single_slow_stage partition_id=random_14 partition=12-10-11-9-10-11-10-7 lambda=0.0115 safe=False first_violation=network event_count=74 peak_prefill=1 peak_decode=6 minimum_link_headroom_mb_s=-295.754457 peak_memory_gb=28.57836
  trial scenario=single_slow_stage partition_id=random_14 partition=12-10-11-9-10-11-10-7 lambda=0.012 safe=False first_violation=network event_count=74 peak_prefill=1 peak_decode=6 minimum_link_headroom_mb_s=-295.754457 peak_memory_gb=28.57836
  trial scenario=single_slow_stage partition_id=random_14 partition=12-10-11-9-10-11-10-7 lambda=0.0125 safe=False first_violation=network event_count=73 peak_prefill=1 peak_decode=6 minimum_link_headroom_mb_s=-295.575993 peak_memory_gb=28.57836
  trial scenario=single_slow_stage partition_id=random_14 partition=12-10-11-9-10-11-10-7 lambda=0.013 safe=False first_violation=network event_count=57 peak_prefill=1 peak_decode=5 minimum_link_headroom_mb_s=-14.198893 peak_memory_gb=28.57836
  trial scenario=single_slow_stage partition_id=random_14 partition=12-10-11-9-10-11-10-7 lambda=0.0135 safe=False first_violation=network event_count=23 peak_prefill=1 peak_decode=5 minimum_link_headroom_mb_s=-28.222899 peak_memory_gb=28.5726
  trial scenario=single_slow_stage partition_id=random_14 partition=12-10-11-9-10-11-10-7 lambda=0.014 safe=False first_violation=network event_count=21 peak_prefill=1 peak_decode=5 minimum_link_headroom_mb_s=-27.920529 peak_memory_gb=28.55532
  trial scenario=single_slow_stage partition_id=random_14 partition=12-10-11-9-10-11-10-7 lambda=0.0145 safe=False first_violation=network event_count=21 peak_prefill=1 peak_decode=5 minimum_link_headroom_mb_s=-27.920529 peak_memory_gb=28.55532
  trial scenario=single_slow_stage partition_id=random_14 partition=12-10-11-9-10-11-10-7 lambda=0.015 safe=False first_violation=network event_count=21 peak_prefill=1 peak_decode=5 minimum_link_headroom_mb_s=-27.920529 peak_memory_gb=28.55532
  trial scenario=single_slow_stage partition_id=random_14 partition=12-10-11-9-10-11-10-7 lambda=0.0155 safe=False first_violation=network event_count=21 peak_prefill=1 peak_decode=5 minimum_link_headroom_mb_s=-27.920529 peak_memory_gb=28.55532
  trial scenario=single_slow_stage partition_id=random_14 partition=12-10-11-9-10-11-10-7 lambda=0.016 safe=False first_violation=network event_count=21 peak_prefill=1 peak_decode=5 minimum_link_headroom_mb_s=-27.920529 peak_memory_gb=28.55532
  trial scenario=single_slow_stage partition_id=random_14 partition=12-10-11-9-10-11-10-7 lambda=0.0165 safe=False first_violation=network event_count=21 peak_prefill=1 peak_decode=5 minimum_link_headroom_mb_s=-27.920529 peak_memory_gb=28.55532
  trial scenario=single_slow_stage partition_id=random_14 partition=12-10-11-9-10-11-10-7 lambda=0.017 safe=False first_violation=network event_count=20 peak_prefill=1 peak_decode=5 minimum_link_headroom_mb_s=-27.764952 peak_memory_gb=28.55532
  trial scenario=single_slow_stage partition_id=random_14 partition=12-10-11-9-10-11-10-7 lambda=0.0175 safe=False first_violation=network event_count=20 peak_prefill=1 peak_decode=5 minimum_link_headroom_mb_s=-27.764952 peak_memory_gb=28.55532
  trial scenario=single_slow_stage partition_id=random_14 partition=12-10-11-9-10-11-10-7 lambda=0.018 safe=False first_violation=network event_count=19 peak_prefill=1 peak_decode=5 minimum_link_headroom_mb_s=-27.603263 peak_memory_gb=28.55532
  trial scenario=single_slow_stage partition_id=random_14 partition=12-10-11-9-10-11-10-7 lambda=0.0185 safe=False first_violation=network event_count=19 peak_prefill=1 peak_decode=5 minimum_link_headroom_mb_s=-27.603263 peak_memory_gb=28.54956
  trial scenario=single_slow_stage partition_id=random_14 partition=12-10-11-9-10-11-10-7 lambda=0.019 safe=False first_violation=network event_count=19 peak_prefill=1 peak_decode=5 minimum_link_headroom_mb_s=-27.603263 peak_memory_gb=28.54956
  trial scenario=single_slow_stage partition_id=random_14 partition=12-10-11-9-10-11-10-7 lambda=0.0195 safe=False first_violation=network event_count=19 peak_prefill=1 peak_decode=5 minimum_link_headroom_mb_s=-27.603263 peak_memory_gb=28.54956
  trial scenario=single_slow_stage partition_id=random_14 partition=12-10-11-9-10-11-10-7 lambda=0.02 safe=False first_violation=network event_count=19 peak_prefill=1 peak_decode=5 minimum_link_headroom_mb_s=-27.603263 peak_memory_gb=28.54956
  trial scenario=single_slow_stage partition_id=random_14 partition=12-10-11-9-10-11-10-7 lambda=0.0205 safe=False first_violation=network event_count=18 peak_prefill=1 peak_decode=5 minimum_link_headroom_mb_s=-27.456837 peak_memory_gb=28.5438
  trial scenario=single_slow_stage partition_id=random_14 partition=12-10-11-9-10-11-10-7 lambda=0.021 safe=False first_violation=network event_count=18 peak_prefill=1 peak_decode=5 minimum_link_headroom_mb_s=-27.456837 peak_memory_gb=28.5438
  trial scenario=single_slow_stage partition_id=random_14 partition=12-10-11-9-10-11-10-7 lambda=0.0215 safe=False first_violation=network event_count=18 peak_prefill=1 peak_decode=5 minimum_link_headroom_mb_s=-27.456837 peak_memory_gb=28.5438
  trial scenario=single_slow_stage partition_id=random_14 partition=12-10-11-9-10-11-10-7 lambda=0.022 safe=False first_violation=network event_count=18 peak_prefill=1 peak_decode=5 minimum_link_headroom_mb_s=-27.456837 peak_memory_gb=28.5438
  random_14          partition=[12, 10, 11, 9, 10, 11, 10, 7] safe=0.0065 unsafe=0.007 violation=network monotonic=True
  trial scenario=single_slow_stage partition_id=random_15 partition=12-6-11-11-9-9-10-12 lambda=0.006 safe=True first_violation=None event_count=204 peak_prefill=1 peak_decode=5 minimum_link_headroom_mb_s=208.280591 peak_memory_gb=28.83288
  trial scenario=single_slow_stage partition_id=random_15 partition=12-6-11-11-9-9-10-12 lambda=0.0065 safe=False first_violation=network event_count=163 peak_prefill=1 peak_decode=5 minimum_link_headroom_mb_s=-77.512626 peak_memory_gb=29.0874
  trial scenario=single_slow_stage partition_id=random_15 partition=12-6-11-11-9-9-10-12 lambda=0.007 safe=False first_violation=network event_count=162 peak_prefill=1 peak_decode=5 minimum_link_headroom_mb_s=-77.354069 peak_memory_gb=29.27748
  trial scenario=single_slow_stage partition_id=random_15 partition=12-6-11-11-9-9-10-12 lambda=0.0075 safe=False first_violation=network event_count=160 peak_prefill=1 peak_decode=5 minimum_link_headroom_mb_s=-76.99977 peak_memory_gb=29.27748
  trial scenario=single_slow_stage partition_id=random_15 partition=12-6-11-11-9-9-10-12 lambda=0.008 safe=False first_violation=network event_count=110 peak_prefill=1 peak_decode=5 minimum_link_headroom_mb_s=-49.446797 peak_memory_gb=28.1694
  trial scenario=single_slow_stage partition_id=random_15 partition=12-6-11-11-9-9-10-12 lambda=0.0085 safe=False first_violation=network event_count=108 peak_prefill=1 peak_decode=5 minimum_link_headroom_mb_s=-49.102877 peak_memory_gb=28.1694
  trial scenario=single_slow_stage partition_id=random_15 partition=12-6-11-11-9-9-10-12 lambda=0.009 safe=False first_violation=network event_count=70 peak_prefill=1 peak_decode=5 minimum_link_headroom_mb_s=-37.911611 peak_memory_gb=28.01964
  trial scenario=single_slow_stage partition_id=random_15 partition=12-6-11-11-9-9-10-12 lambda=0.0095 safe=False first_violation=network event_count=69 peak_prefill=1 peak_decode=5 minimum_link_headroom_mb_s=-37.735163 peak_memory_gb=28.01388
  trial scenario=single_slow_stage partition_id=random_15 partition=12-6-11-11-9-9-10-12 lambda=0.01 safe=False first_violation=network event_count=68 peak_prefill=1 peak_decode=5 minimum_link_headroom_mb_s=-37.576606 peak_memory_gb=28.58412
  trial scenario=single_slow_stage partition_id=random_15 partition=12-6-11-11-9-9-10-12 lambda=0.0105 safe=False first_violation=network event_count=68 peak_prefill=1 peak_decode=5 minimum_link_headroom_mb_s=-37.576606 peak_memory_gb=28.58412
  trial scenario=single_slow_stage partition_id=random_15 partition=12-6-11-11-9-9-10-12 lambda=0.011 safe=False first_violation=network event_count=66 peak_prefill=1 peak_decode=5 minimum_link_headroom_mb_s=-37.241635 peak_memory_gb=28.57836
  trial scenario=single_slow_stage partition_id=random_15 partition=12-6-11-11-9-9-10-12 lambda=0.0115 safe=False first_violation=network event_count=66 peak_prefill=1 peak_decode=5 minimum_link_headroom_mb_s=-37.241635 peak_memory_gb=28.57836
  trial scenario=single_slow_stage partition_id=random_15 partition=12-6-11-11-9-9-10-12 lambda=0.012 safe=False first_violation=network event_count=66 peak_prefill=1 peak_decode=5 minimum_link_headroom_mb_s=-37.241635 peak_memory_gb=28.57836
  trial scenario=single_slow_stage partition_id=random_15 partition=12-6-11-11-9-9-10-12 lambda=0.0125 safe=False first_violation=network event_count=58 peak_prefill=1 peak_decode=5 minimum_link_headroom_mb_s=-53.371594 peak_memory_gb=28.57836
  trial scenario=single_slow_stage partition_id=random_15 partition=12-6-11-11-9-9-10-12 lambda=0.013 safe=False first_violation=network event_count=23 peak_prefill=1 peak_decode=5 minimum_link_headroom_mb_s=-68.366758 peak_memory_gb=28.57836
  trial scenario=single_slow_stage partition_id=random_15 partition=12-6-11-11-9-9-10-12 lambda=0.0135 safe=False first_violation=network event_count=21 peak_prefill=1 peak_decode=5 minimum_link_headroom_mb_s=-68.03963 peak_memory_gb=28.56108
  trial scenario=single_slow_stage partition_id=random_15 partition=12-6-11-11-9-9-10-12 lambda=0.014 safe=False first_violation=network event_count=21 peak_prefill=1 peak_decode=5 minimum_link_headroom_mb_s=-68.03963 peak_memory_gb=28.55532
  trial scenario=single_slow_stage partition_id=random_15 partition=12-6-11-11-9-9-10-12 lambda=0.0145 safe=False first_violation=network event_count=21 peak_prefill=1 peak_decode=5 minimum_link_headroom_mb_s=-68.03963 peak_memory_gb=28.55532
  trial scenario=single_slow_stage partition_id=random_15 partition=12-6-11-11-9-9-10-12 lambda=0.015 safe=False first_violation=network event_count=21 peak_prefill=1 peak_decode=5 minimum_link_headroom_mb_s=-68.03963 peak_memory_gb=28.55532
  trial scenario=single_slow_stage partition_id=random_15 partition=12-6-11-11-9-9-10-12 lambda=0.0155 safe=False first_violation=network event_count=21 peak_prefill=1 peak_decode=5 minimum_link_headroom_mb_s=-68.03963 peak_memory_gb=28.55532
  trial scenario=single_slow_stage partition_id=random_15 partition=12-6-11-11-9-9-10-12 lambda=0.016 safe=False first_violation=network event_count=21 peak_prefill=1 peak_decode=5 minimum_link_headroom_mb_s=-68.03963 peak_memory_gb=28.55532
  trial scenario=single_slow_stage partition_id=random_15 partition=12-6-11-11-9-9-10-12 lambda=0.0165 safe=False first_violation=network event_count=21 peak_prefill=1 peak_decode=5 minimum_link_headroom_mb_s=-68.03963 peak_memory_gb=28.55532
  trial scenario=single_slow_stage partition_id=random_15 partition=12-6-11-11-9-9-10-12 lambda=0.017 safe=False first_violation=network event_count=20 peak_prefill=1 peak_decode=5 minimum_link_headroom_mb_s=-67.871078 peak_memory_gb=28.55532
  trial scenario=single_slow_stage partition_id=random_15 partition=12-6-11-11-9-9-10-12 lambda=0.0175 safe=False first_violation=network event_count=19 peak_prefill=1 peak_decode=5 minimum_link_headroom_mb_s=-67.69556 peak_memory_gb=28.55532
  trial scenario=single_slow_stage partition_id=random_15 partition=12-6-11-11-9-9-10-12 lambda=0.018 safe=False first_violation=network event_count=19 peak_prefill=1 peak_decode=5 minimum_link_headroom_mb_s=-67.69556 peak_memory_gb=28.55532
  trial scenario=single_slow_stage partition_id=random_15 partition=12-6-11-11-9-9-10-12 lambda=0.0185 safe=False first_violation=network event_count=19 peak_prefill=1 peak_decode=5 minimum_link_headroom_mb_s=-67.69556 peak_memory_gb=28.54956
  trial scenario=single_slow_stage partition_id=random_15 partition=12-6-11-11-9-9-10-12 lambda=0.019 safe=False first_violation=network event_count=19 peak_prefill=1 peak_decode=5 minimum_link_headroom_mb_s=-67.69556 peak_memory_gb=28.54956
  trial scenario=single_slow_stage partition_id=random_15 partition=12-6-11-11-9-9-10-12 lambda=0.0195 safe=False first_violation=network event_count=19 peak_prefill=1 peak_decode=5 minimum_link_headroom_mb_s=-67.69556 peak_memory_gb=28.54956
  trial scenario=single_slow_stage partition_id=random_15 partition=12-6-11-11-9-9-10-12 lambda=0.02 safe=False first_violation=network event_count=19 peak_prefill=1 peak_decode=5 minimum_link_headroom_mb_s=-67.69556 peak_memory_gb=28.5438
  trial scenario=single_slow_stage partition_id=random_15 partition=12-6-11-11-9-9-10-12 lambda=0.0205 safe=False first_violation=network event_count=18 peak_prefill=1 peak_decode=5 minimum_link_headroom_mb_s=-67.5374 peak_memory_gb=28.5438
  trial scenario=single_slow_stage partition_id=random_15 partition=12-6-11-11-9-9-10-12 lambda=0.021 safe=False first_violation=network event_count=18 peak_prefill=1 peak_decode=5 minimum_link_headroom_mb_s=-67.5374 peak_memory_gb=28.5438
  trial scenario=single_slow_stage partition_id=random_15 partition=12-6-11-11-9-9-10-12 lambda=0.0215 safe=False first_violation=network event_count=18 peak_prefill=1 peak_decode=5 minimum_link_headroom_mb_s=-67.5374 peak_memory_gb=28.5438
  trial scenario=single_slow_stage partition_id=random_15 partition=12-6-11-11-9-9-10-12 lambda=0.022 safe=False first_violation=network event_count=18 peak_prefill=1 peak_decode=5 minimum_link_headroom_mb_s=-67.5374 peak_memory_gb=28.5438
  random_15          partition=[12, 6, 11, 11, 9, 9, 10, 12] safe=0.006 unsafe=0.0065 violation=network monotonic=True
  trial scenario=single_slow_stage partition_id=random_16 partition=7-10-12-13-10-10-8-10 lambda=0.006 safe=True first_violation=None event_count=204 peak_prefill=1 peak_decode=5 minimum_link_headroom_mb_s=175.291861 peak_memory_gb=30.73562
  trial scenario=single_slow_stage partition_id=random_16 partition=7-10-12-13-10-10-8-10 lambda=0.0065 safe=False first_violation=network event_count=163 peak_prefill=1 peak_decode=5 minimum_link_headroom_mb_s=-121.042139 peak_memory_gb=31.22351
  trial scenario=single_slow_stage partition_id=random_16 partition=7-10-12-13-10-10-8-10 lambda=0.007 safe=False first_violation=network event_count=161 peak_prefill=1 peak_decode=5 minimum_link_headroom_mb_s=-120.685954 peak_memory_gb=31.21727
  trial scenario=single_slow_stage partition_id=random_16 partition=7-10-12-13-10-10-8-10 lambda=0.0075 safe=False first_violation=network event_count=159 peak_prefill=1 peak_decode=5 minimum_link_headroom_mb_s=-120.284865 peak_memory_gb=31.21103
  trial scenario=single_slow_stage partition_id=random_16 partition=7-10-12-13-10-10-8-10 lambda=0.008 safe=False first_violation=network event_count=110 peak_prefill=1 peak_decode=5 minimum_link_headroom_mb_s=-90.617172 peak_memory_gb=30.01685
  trial scenario=single_slow_stage partition_id=random_16 partition=7-10-12-13-10-10-8-10 lambda=0.0085 safe=False first_violation=network event_count=99 peak_prefill=1 peak_decode=5 minimum_link_headroom_mb_s=-97.387528 peak_memory_gb=30.01061
  trial scenario=single_slow_stage partition_id=random_16 partition=7-10-12-13-10-10-8-10 lambda=0.009 safe=False first_violation=network event_count=70 peak_prefill=1 peak_decode=5 minimum_link_headroom_mb_s=-78.050868 peak_memory_gb=29.84837
  trial scenario=single_slow_stage partition_id=random_16 partition=7-10-12-13-10-10-8-10 lambda=0.0095 safe=False first_violation=network event_count=69 peak_prefill=1 peak_decode=5 minimum_link_headroom_mb_s=-77.85894 peak_memory_gb=29.84837
  trial scenario=single_slow_stage partition_id=random_16 partition=7-10-12-13-10-10-8-10 lambda=0.01 safe=False first_violation=network event_count=68 peak_prefill=1 peak_decode=5 minimum_link_headroom_mb_s=-77.687412 peak_memory_gb=30.46613
  trial scenario=single_slow_stage partition_id=random_16 partition=7-10-12-13-10-10-8-10 lambda=0.0105 safe=False first_violation=network event_count=67 peak_prefill=1 peak_decode=5 minimum_link_headroom_mb_s=-77.515657 peak_memory_gb=30.46613
  trial scenario=single_slow_stage partition_id=random_16 partition=7-10-12-13-10-10-8-10 lambda=0.011 safe=False first_violation=network event_count=66 peak_prefill=1 peak_decode=5 minimum_link_headroom_mb_s=-77.323996 peak_memory_gb=30.45989
  trial scenario=single_slow_stage partition_id=random_16 partition=7-10-12-13-10-10-8-10 lambda=0.0115 safe=False first_violation=network event_count=66 peak_prefill=1 peak_decode=5 minimum_link_headroom_mb_s=-77.323996 peak_memory_gb=30.45989
  trial scenario=single_slow_stage partition_id=random_16 partition=7-10-12-13-10-10-8-10 lambda=0.012 safe=False first_violation=network event_count=66 peak_prefill=1 peak_decode=5 minimum_link_headroom_mb_s=-77.323996 peak_memory_gb=30.45989
  trial scenario=single_slow_stage partition_id=random_16 partition=7-10-12-13-10-10-8-10 lambda=0.0125 safe=False first_violation=network event_count=57 peak_prefill=1 peak_decode=5 minimum_link_headroom_mb_s=-94.696877 peak_memory_gb=30.45989
  trial scenario=single_slow_stage partition_id=random_16 partition=7-10-12-13-10-10-8-10 lambda=0.013 safe=False first_violation=network event_count=23 peak_prefill=1 peak_decode=5 minimum_link_headroom_mb_s=-111.132748 peak_memory_gb=30.45365
  trial scenario=single_slow_stage partition_id=random_16 partition=7-10-12-13-10-10-8-10 lambda=0.0135 safe=False first_violation=network event_count=21 peak_prefill=1 peak_decode=5 minimum_link_headroom_mb_s=-110.778293 peak_memory_gb=30.43493
  trial scenario=single_slow_stage partition_id=random_16 partition=7-10-12-13-10-10-8-10 lambda=0.014 safe=False first_violation=network event_count=21 peak_prefill=1 peak_decode=5 minimum_link_headroom_mb_s=-110.778293 peak_memory_gb=30.43493
  trial scenario=single_slow_stage partition_id=random_16 partition=7-10-12-13-10-10-8-10 lambda=0.0145 safe=False first_violation=network event_count=21 peak_prefill=1 peak_decode=5 minimum_link_headroom_mb_s=-110.778293 peak_memory_gb=30.43493
  trial scenario=single_slow_stage partition_id=random_16 partition=7-10-12-13-10-10-8-10 lambda=0.015 safe=False first_violation=network event_count=21 peak_prefill=1 peak_decode=5 minimum_link_headroom_mb_s=-110.778293 peak_memory_gb=30.43493
  trial scenario=single_slow_stage partition_id=random_16 partition=7-10-12-13-10-10-8-10 lambda=0.0155 safe=False first_violation=network event_count=21 peak_prefill=1 peak_decode=5 minimum_link_headroom_mb_s=-110.778293 peak_memory_gb=30.43493
  trial scenario=single_slow_stage partition_id=random_16 partition=7-10-12-13-10-10-8-10 lambda=0.016 safe=False first_violation=network event_count=21 peak_prefill=1 peak_decode=5 minimum_link_headroom_mb_s=-110.778293 peak_memory_gb=30.43493
  trial scenario=single_slow_stage partition_id=random_16 partition=7-10-12-13-10-10-8-10 lambda=0.0165 safe=False first_violation=network event_count=20 peak_prefill=1 peak_decode=5 minimum_link_headroom_mb_s=-110.595388 peak_memory_gb=30.43493
  trial scenario=single_slow_stage partition_id=random_16 partition=7-10-12-13-10-10-8-10 lambda=0.017 safe=False first_violation=network event_count=19 peak_prefill=1 peak_decode=5 minimum_link_headroom_mb_s=-110.404525 peak_memory_gb=30.43493
  trial scenario=single_slow_stage partition_id=random_16 partition=7-10-12-13-10-10-8-10 lambda=0.0175 safe=False first_violation=network event_count=19 peak_prefill=1 peak_decode=5 minimum_link_headroom_mb_s=-110.404525 peak_memory_gb=30.43493
  trial scenario=single_slow_stage partition_id=random_16 partition=7-10-12-13-10-10-8-10 lambda=0.018 safe=False first_violation=network event_count=19 peak_prefill=1 peak_decode=5 minimum_link_headroom_mb_s=-110.404525 peak_memory_gb=30.42869
  trial scenario=single_slow_stage partition_id=random_16 partition=7-10-12-13-10-10-8-10 lambda=0.0185 safe=False first_violation=network event_count=19 peak_prefill=1 peak_decode=5 minimum_link_headroom_mb_s=-110.404525 peak_memory_gb=30.42869
  trial scenario=single_slow_stage partition_id=random_16 partition=7-10-12-13-10-10-8-10 lambda=0.019 safe=False first_violation=network event_count=19 peak_prefill=1 peak_decode=5 minimum_link_headroom_mb_s=-110.404525 peak_memory_gb=30.42869
  trial scenario=single_slow_stage partition_id=random_16 partition=7-10-12-13-10-10-8-10 lambda=0.0195 safe=False first_violation=network event_count=19 peak_prefill=1 peak_decode=5 minimum_link_headroom_mb_s=-110.404525 peak_memory_gb=30.42869
  trial scenario=single_slow_stage partition_id=random_16 partition=7-10-12-13-10-10-8-10 lambda=0.02 safe=False first_violation=network event_count=18 peak_prefill=1 peak_decode=5 minimum_link_headroom_mb_s=-110.233447 peak_memory_gb=30.42245
  trial scenario=single_slow_stage partition_id=random_16 partition=7-10-12-13-10-10-8-10 lambda=0.0205 safe=False first_violation=network event_count=18 peak_prefill=1 peak_decode=5 minimum_link_headroom_mb_s=-110.233447 peak_memory_gb=30.42245
  trial scenario=single_slow_stage partition_id=random_16 partition=7-10-12-13-10-10-8-10 lambda=0.021 safe=False first_violation=network event_count=18 peak_prefill=1 peak_decode=5 minimum_link_headroom_mb_s=-110.233447 peak_memory_gb=30.42245
  trial scenario=single_slow_stage partition_id=random_16 partition=7-10-12-13-10-10-8-10 lambda=0.0215 safe=False first_violation=network event_count=18 peak_prefill=1 peak_decode=5 minimum_link_headroom_mb_s=-110.233447 peak_memory_gb=30.42245
  trial scenario=single_slow_stage partition_id=random_16 partition=7-10-12-13-10-10-8-10 lambda=0.022 safe=False first_violation=network event_count=17 peak_prefill=1 peak_decode=5 minimum_link_headroom_mb_s=-110.050791 peak_memory_gb=30.42245
  random_16          partition=[7, 10, 12, 13, 10, 10, 8, 10] safe=0.006 unsafe=0.0065 violation=network monotonic=True
  trial scenario=single_slow_stage partition_id=random_17 partition=7-15-8-10-10-10-8-12 lambda=0.006 safe=True first_violation=None event_count=204 peak_prefill=1 peak_decode=5 minimum_link_headroom_mb_s=223.866264 peak_memory_gb=34.5483
  trial scenario=single_slow_stage partition_id=random_17 partition=7-15-8-10-10-10-8-12 lambda=0.0065 safe=True first_violation=None event_count=204 peak_prefill=1 peak_decode=5 minimum_link_headroom_mb_s=224.307746 peak_memory_gb=34.97445
  trial scenario=single_slow_stage partition_id=random_17 partition=7-15-8-10-10-10-8-12 lambda=0.007 safe=False first_violation=network event_count=162 peak_prefill=1 peak_decode=5 minimum_link_headroom_mb_s=-56.623147 peak_memory_gb=35.10405
  trial scenario=single_slow_stage partition_id=random_17 partition=7-15-8-10-10-10-8-12 lambda=0.0075 safe=False first_violation=network event_count=160 peak_prefill=1 peak_decode=5 minimum_link_headroom_mb_s=-56.283251 peak_memory_gb=35.09685
  trial scenario=single_slow_stage partition_id=random_17 partition=7-15-8-10-10-10-8-12 lambda=0.008 safe=False first_violation=network event_count=110 peak_prefill=1 peak_decode=5 minimum_link_headroom_mb_s=-29.802445 peak_memory_gb=33.71175
  trial scenario=single_slow_stage partition_id=random_17 partition=7-15-8-10-10-10-8-12 lambda=0.0085 safe=False first_violation=network event_count=109 peak_prefill=1 peak_decode=5 minimum_link_headroom_mb_s=-29.626125 peak_memory_gb=33.71175
  trial scenario=single_slow_stage partition_id=random_17 partition=7-15-8-10-10-10-8-12 lambda=0.009 safe=False first_violation=network event_count=97 peak_prefill=1 peak_decode=5 minimum_link_headroom_mb_s=-35.491924 peak_memory_gb=33.69015
  trial scenario=single_slow_stage partition_id=random_17 partition=7-15-8-10-10-10-8-12 lambda=0.0095 safe=False first_violation=network event_count=69 peak_prefill=1 peak_decode=5 minimum_link_headroom_mb_s=-18.575038 peak_memory_gb=33.51735
  trial scenario=single_slow_stage partition_id=random_17 partition=7-15-8-10-10-10-8-12 lambda=0.01 safe=False first_violation=network event_count=69 peak_prefill=1 peak_decode=5 minimum_link_headroom_mb_s=-18.575038 peak_memory_gb=34.23015
  trial scenario=single_slow_stage partition_id=random_17 partition=7-15-8-10-10-10-8-12 lambda=0.0105 safe=False first_violation=network event_count=68 peak_prefill=1 peak_decode=5 minimum_link_headroom_mb_s=-18.422511 peak_memory_gb=34.23015
  trial scenario=single_slow_stage partition_id=random_17 partition=7-15-8-10-10-10-8-12 lambda=0.011 safe=False first_violation=network event_count=66 peak_prefill=1 peak_decode=5 minimum_link_headroom_mb_s=-18.100719 peak_memory_gb=34.22295
  trial scenario=single_slow_stage partition_id=random_17 partition=7-15-8-10-10-10-8-12 lambda=0.0115 safe=False first_violation=network event_count=66 peak_prefill=1 peak_decode=5 minimum_link_headroom_mb_s=-18.100719 peak_memory_gb=34.22295
  trial scenario=single_slow_stage partition_id=random_17 partition=7-15-8-10-10-10-8-12 lambda=0.012 safe=False first_violation=network event_count=66 peak_prefill=1 peak_decode=5 minimum_link_headroom_mb_s=-18.100719 peak_memory_gb=34.22295
  trial scenario=single_slow_stage partition_id=random_17 partition=7-15-8-10-10-10-8-12 lambda=0.0125 safe=False first_violation=network event_count=66 peak_prefill=1 peak_decode=5 minimum_link_headroom_mb_s=-18.100719 peak_memory_gb=34.22295
  trial scenario=single_slow_stage partition_id=random_17 partition=7-15-8-10-10-10-8-12 lambda=0.013 safe=False first_violation=network event_count=23 peak_prefill=1 peak_decode=5 minimum_link_headroom_mb_s=-47.98239 peak_memory_gb=34.22295
  trial scenario=single_slow_stage partition_id=random_17 partition=7-15-8-10-10-10-8-12 lambda=0.0135 safe=False first_violation=network event_count=22 peak_prefill=1 peak_decode=5 minimum_link_headroom_mb_s=-47.820282 peak_memory_gb=34.20855
  trial scenario=single_slow_stage partition_id=random_17 partition=7-15-8-10-10-10-8-12 lambda=0.014 safe=False first_violation=network event_count=21 peak_prefill=1 peak_decode=5 minimum_link_headroom_mb_s=-47.667942 peak_memory_gb=34.19415
  trial scenario=single_slow_stage partition_id=random_17 partition=7-15-8-10-10-10-8-12 lambda=0.0145 safe=False first_violation=network event_count=21 peak_prefill=1 peak_decode=5 minimum_link_headroom_mb_s=-47.667942 peak_memory_gb=34.19415
  trial scenario=single_slow_stage partition_id=random_17 partition=7-15-8-10-10-10-8-12 lambda=0.015 safe=False first_violation=network event_count=21 peak_prefill=1 peak_decode=5 minimum_link_headroom_mb_s=-47.667942 peak_memory_gb=34.19415
  trial scenario=single_slow_stage partition_id=random_17 partition=7-15-8-10-10-10-8-12 lambda=0.0155 safe=False first_violation=network event_count=21 peak_prefill=1 peak_decode=5 minimum_link_headroom_mb_s=-47.667942 peak_memory_gb=34.19415
  trial scenario=single_slow_stage partition_id=random_17 partition=7-15-8-10-10-10-8-12 lambda=0.016 safe=False first_violation=network event_count=21 peak_prefill=1 peak_decode=5 minimum_link_headroom_mb_s=-47.667942 peak_memory_gb=34.19415
  trial scenario=single_slow_stage partition_id=random_17 partition=7-15-8-10-10-10-8-12 lambda=0.0165 safe=False first_violation=network event_count=21 peak_prefill=1 peak_decode=5 minimum_link_headroom_mb_s=-47.667942 peak_memory_gb=34.19415
  trial scenario=single_slow_stage partition_id=random_17 partition=7-15-8-10-10-10-8-12 lambda=0.017 safe=False first_violation=network event_count=20 peak_prefill=1 peak_decode=5 minimum_link_headroom_mb_s=-47.506039 peak_memory_gb=34.19415
  trial scenario=single_slow_stage partition_id=random_17 partition=7-15-8-10-10-10-8-12 lambda=0.0175 safe=False first_violation=network event_count=19 peak_prefill=1 peak_decode=5 minimum_link_headroom_mb_s=-47.337612 peak_memory_gb=34.19415
  trial scenario=single_slow_stage partition_id=random_17 partition=7-15-8-10-10-10-8-12 lambda=0.018 safe=False first_violation=network event_count=19 peak_prefill=1 peak_decode=5 minimum_link_headroom_mb_s=-47.337612 peak_memory_gb=34.19415
  trial scenario=single_slow_stage partition_id=random_17 partition=7-15-8-10-10-10-8-12 lambda=0.0185 safe=False first_violation=network event_count=19 peak_prefill=1 peak_decode=5 minimum_link_headroom_mb_s=-47.337612 peak_memory_gb=34.18695
  trial scenario=single_slow_stage partition_id=random_17 partition=7-15-8-10-10-10-8-12 lambda=0.019 safe=False first_violation=network event_count=19 peak_prefill=1 peak_decode=5 minimum_link_headroom_mb_s=-47.337612 peak_memory_gb=34.18695
  trial scenario=single_slow_stage partition_id=random_17 partition=7-15-8-10-10-10-8-12 lambda=0.0195 safe=False first_violation=network event_count=19 peak_prefill=1 peak_decode=5 minimum_link_headroom_mb_s=-47.337612 peak_memory_gb=34.18695
  trial scenario=single_slow_stage partition_id=random_17 partition=7-15-8-10-10-10-8-12 lambda=0.02 safe=False first_violation=network event_count=19 peak_prefill=1 peak_decode=5 minimum_link_headroom_mb_s=-47.337612 peak_memory_gb=34.18695
  trial scenario=single_slow_stage partition_id=random_17 partition=7-15-8-10-10-10-8-12 lambda=0.0205 safe=False first_violation=network event_count=18 peak_prefill=1 peak_decode=5 minimum_link_headroom_mb_s=-47.185458 peak_memory_gb=34.17975
  trial scenario=single_slow_stage partition_id=random_17 partition=7-15-8-10-10-10-8-12 lambda=0.021 safe=False first_violation=network event_count=18 peak_prefill=1 peak_decode=5 minimum_link_headroom_mb_s=-47.185458 peak_memory_gb=34.17975
  trial scenario=single_slow_stage partition_id=random_17 partition=7-15-8-10-10-10-8-12 lambda=0.0215 safe=False first_violation=network event_count=18 peak_prefill=1 peak_decode=5 minimum_link_headroom_mb_s=-47.185458 peak_memory_gb=34.17975
  trial scenario=single_slow_stage partition_id=random_17 partition=7-15-8-10-10-10-8-12 lambda=0.022 safe=False first_violation=network event_count=18 peak_prefill=1 peak_decode=5 minimum_link_headroom_mb_s=-47.185458 peak_memory_gb=34.17975
  random_17          partition=[7, 15, 8, 10, 10, 10, 8, 12] safe=0.0065 unsafe=0.007 violation=network monotonic=True
summary scenario=single_slow_stage min=0.006 max=0.0085 absolute_gap=0.0025 relative_gap_pct=41.667 significant=True
scenario=graded speeds=[1.3, 1.2, 1.1, 1.0, 0.9, 0.8, 0.7, 0.6] partitions=20
  trial scenario=graded partition_id=uniform partition=10-10-10-10-10-10-10-10 lambda=0.006 safe=True first_violation=None event_count=204 peak_prefill=1 peak_decode=5 minimum_link_headroom_mb_s=194.822486 peak_memory_gb=25.0274
  trial scenario=graded partition_id=uniform partition=10-10-10-10-10-10-10-10 lambda=0.0065 safe=False first_violation=network event_count=163 peak_prefill=1 peak_decode=5 minimum_link_headroom_mb_s=-95.259945 peak_memory_gb=25.2347
  trial scenario=graded partition_id=uniform partition=10-10-10-10-10-10-10-10 lambda=0.007 safe=False first_violation=network event_count=162 peak_prefill=1 peak_decode=5 minimum_link_headroom_mb_s=-95.096151 peak_memory_gb=25.3979
  trial scenario=graded partition_id=uniform partition=10-10-10-10-10-10-10-10 lambda=0.0075 safe=False first_violation=network event_count=159 peak_prefill=1 peak_decode=5 minimum_link_headroom_mb_s=-94.53892 peak_memory_gb=25.3979
  trial scenario=graded partition_id=uniform partition=10-10-10-10-10-10-10-10 lambda=0.008 safe=False first_violation=network event_count=110 peak_prefill=1 peak_decode=5 minimum_link_headroom_mb_s=-66.243 peak_memory_gb=24.4745
  trial scenario=graded partition_id=uniform partition=10-10-10-10-10-10-10-10 lambda=0.0085 safe=False first_violation=network event_count=108 peak_prefill=1 peak_decode=5 minimum_link_headroom_mb_s=-65.887095 peak_memory_gb=24.4745
  trial scenario=graded partition_id=uniform partition=10-10-10-10-10-10-10-10 lambda=0.009 safe=False first_violation=network event_count=70 peak_prefill=1 peak_decode=5 minimum_link_headroom_mb_s=-54.292271 peak_memory_gb=24.3497
  trial scenario=graded partition_id=uniform partition=10-10-10-10-10-10-10-10 lambda=0.0095 safe=False first_violation=network event_count=69 peak_prefill=1 peak_decode=5 minimum_link_headroom_mb_s=-54.109587 peak_memory_gb=24.3449
  trial scenario=graded partition_id=uniform partition=10-10-10-10-10-10-10-10 lambda=0.01 safe=False first_violation=network event_count=68 peak_prefill=1 peak_decode=5 minimum_link_headroom_mb_s=-53.945793 peak_memory_gb=24.8201
  trial scenario=graded partition_id=uniform partition=10-10-10-10-10-10-10-10 lambda=0.0105 safe=False first_violation=network event_count=68 peak_prefill=1 peak_decode=5 minimum_link_headroom_mb_s=-53.945793 peak_memory_gb=24.8201
  trial scenario=graded partition_id=uniform partition=10-10-10-10-10-10-10-10 lambda=0.011 safe=False first_violation=network event_count=66 peak_prefill=1 peak_decode=5 minimum_link_headroom_mb_s=-53.599352 peak_memory_gb=24.8153
  trial scenario=graded partition_id=uniform partition=10-10-10-10-10-10-10-10 lambda=0.0115 safe=False first_violation=network event_count=66 peak_prefill=1 peak_decode=5 minimum_link_headroom_mb_s=-53.599352 peak_memory_gb=24.8153
  trial scenario=graded partition_id=uniform partition=10-10-10-10-10-10-10-10 lambda=0.012 safe=False first_violation=network event_count=66 peak_prefill=1 peak_decode=5 minimum_link_headroom_mb_s=-53.599352 peak_memory_gb=24.8153
  trial scenario=graded partition_id=uniform partition=10-10-10-10-10-10-10-10 lambda=0.0125 safe=False first_violation=network event_count=58 peak_prefill=1 peak_decode=5 minimum_link_headroom_mb_s=-70.307152 peak_memory_gb=24.8153
  trial scenario=graded partition_id=uniform partition=10-10-10-10-10-10-10-10 lambda=0.013 safe=False first_violation=network event_count=23 peak_prefill=1 peak_decode=5 minimum_link_headroom_mb_s=-85.806616 peak_memory_gb=24.8105
  trial scenario=graded partition_id=uniform partition=10-10-10-10-10-10-10-10 lambda=0.0135 safe=False first_violation=network event_count=21 peak_prefill=1 peak_decode=5 minimum_link_headroom_mb_s=-85.468462 peak_memory_gb=24.7961
  trial scenario=graded partition_id=uniform partition=10-10-10-10-10-10-10-10 lambda=0.014 safe=False first_violation=network event_count=21 peak_prefill=1 peak_decode=5 minimum_link_headroom_mb_s=-85.468462 peak_memory_gb=24.7961
  trial scenario=graded partition_id=uniform partition=10-10-10-10-10-10-10-10 lambda=0.0145 safe=False first_violation=network event_count=21 peak_prefill=1 peak_decode=5 minimum_link_headroom_mb_s=-85.468462 peak_memory_gb=24.7961
  trial scenario=graded partition_id=uniform partition=10-10-10-10-10-10-10-10 lambda=0.015 safe=False first_violation=network event_count=21 peak_prefill=1 peak_decode=5 minimum_link_headroom_mb_s=-85.468462 peak_memory_gb=24.7961
  trial scenario=graded partition_id=uniform partition=10-10-10-10-10-10-10-10 lambda=0.0155 safe=False first_violation=network event_count=21 peak_prefill=1 peak_decode=5 minimum_link_headroom_mb_s=-85.468462 peak_memory_gb=24.7961
  trial scenario=graded partition_id=uniform partition=10-10-10-10-10-10-10-10 lambda=0.016 safe=False first_violation=network event_count=21 peak_prefill=1 peak_decode=5 minimum_link_headroom_mb_s=-85.468462 peak_memory_gb=24.7961
  trial scenario=graded partition_id=uniform partition=10-10-10-10-10-10-10-10 lambda=0.0165 safe=False first_violation=network event_count=20 peak_prefill=1 peak_decode=5 minimum_link_headroom_mb_s=-85.294123 peak_memory_gb=24.7961
  trial scenario=graded partition_id=uniform partition=10-10-10-10-10-10-10-10 lambda=0.017 safe=False first_violation=network event_count=20 peak_prefill=1 peak_decode=5 minimum_link_headroom_mb_s=-85.294123 peak_memory_gb=24.7961
  trial scenario=graded partition_id=uniform partition=10-10-10-10-10-10-10-10 lambda=0.0175 safe=False first_violation=network event_count=19 peak_prefill=1 peak_decode=5 minimum_link_headroom_mb_s=-85.112423 peak_memory_gb=24.7961
  trial scenario=graded partition_id=uniform partition=10-10-10-10-10-10-10-10 lambda=0.018 safe=False first_violation=network event_count=19 peak_prefill=1 peak_decode=5 minimum_link_headroom_mb_s=-85.112423 peak_memory_gb=24.7961
  trial scenario=graded partition_id=uniform partition=10-10-10-10-10-10-10-10 lambda=0.0185 safe=False first_violation=network event_count=19 peak_prefill=1 peak_decode=5 minimum_link_headroom_mb_s=-85.112423 peak_memory_gb=24.7913
  trial scenario=graded partition_id=uniform partition=10-10-10-10-10-10-10-10 lambda=0.019 safe=False first_violation=network event_count=19 peak_prefill=1 peak_decode=5 minimum_link_headroom_mb_s=-85.112423 peak_memory_gb=24.7913
  trial scenario=graded partition_id=uniform partition=10-10-10-10-10-10-10-10 lambda=0.0195 safe=False first_violation=network event_count=19 peak_prefill=1 peak_decode=5 minimum_link_headroom_mb_s=-85.112423 peak_memory_gb=24.7913
  trial scenario=graded partition_id=uniform partition=10-10-10-10-10-10-10-10 lambda=0.02 safe=False first_violation=network event_count=18 peak_prefill=1 peak_decode=5 minimum_link_headroom_mb_s=-84.949047 peak_memory_gb=24.7865
  trial scenario=graded partition_id=uniform partition=10-10-10-10-10-10-10-10 lambda=0.0205 safe=False first_violation=network event_count=18 peak_prefill=1 peak_decode=5 minimum_link_headroom_mb_s=-84.949047 peak_memory_gb=24.7865
  trial scenario=graded partition_id=uniform partition=10-10-10-10-10-10-10-10 lambda=0.021 safe=False first_violation=network event_count=18 peak_prefill=1 peak_decode=5 minimum_link_headroom_mb_s=-84.949047 peak_memory_gb=24.7865
  trial scenario=graded partition_id=uniform partition=10-10-10-10-10-10-10-10 lambda=0.0215 safe=False first_violation=network event_count=18 peak_prefill=1 peak_decode=5 minimum_link_headroom_mb_s=-84.949047 peak_memory_gb=24.7865
  trial scenario=graded partition_id=uniform partition=10-10-10-10-10-10-10-10 lambda=0.022 safe=False first_violation=network event_count=18 peak_prefill=1 peak_decode=5 minimum_link_headroom_mb_s=-84.949047 peak_memory_gb=24.7865
  uniform            partition=[10, 10, 10, 10, 10, 10, 10, 10] safe=0.006 unsafe=0.0065 violation=network monotonic=True
  trial scenario=graded partition_id=compute_balanced partition=14-13-12-11-9-8-7-6 lambda=0.006 safe=True first_violation=None event_count=204 peak_prefill=1 peak_decode=5 minimum_link_headroom_mb_s=305.286558 peak_memory_gb=32.64508
  trial scenario=graded partition_id=compute_balanced partition=14-13-12-11-9-8-7-6 lambda=0.0065 safe=True first_violation=None event_count=204 peak_prefill=1 peak_decode=5 minimum_link_headroom_mb_s=305.410455 peak_memory_gb=32.63836
  trial scenario=graded partition_id=compute_balanced partition=14-13-12-11-9-8-7-6 lambda=0.007 safe=True first_violation=None event_count=204 peak_prefill=1 peak_decode=6 minimum_link_headroom_mb_s=50.12517 peak_memory_gb=33.5401
  trial scenario=graded partition_id=compute_balanced partition=14-13-12-11-9-8-7-6 lambda=0.0075 safe=True first_violation=None event_count=204 peak_prefill=1 peak_decode=6 minimum_link_headroom_mb_s=50.248172 peak_memory_gb=33.53338
  trial scenario=graded partition_id=compute_balanced partition=14-13-12-11-9-8-7-6 lambda=0.008 safe=True first_violation=None event_count=204 peak_prefill=1 peak_decode=6 minimum_link_headroom_mb_s=50.518438 peak_memory_gb=33.51994
  trial scenario=graded partition_id=compute_balanced partition=14-13-12-11-9-8-7-6 lambda=0.0085 safe=True first_violation=None event_count=204 peak_prefill=1 peak_decode=6 minimum_link_headroom_mb_s=50.422994 peak_memory_gb=33.52666
  trial scenario=graded partition_id=compute_balanced partition=14-13-12-11-9-8-7-6 lambda=0.009 safe=False first_violation=network event_count=167 peak_prefill=1 peak_decode=6 minimum_link_headroom_mb_s=-223.551326 peak_memory_gb=33.51994
  trial scenario=graded partition_id=compute_balanced partition=14-13-12-11-9-8-7-6 lambda=0.0095 safe=False first_violation=network event_count=117 peak_prefill=1 peak_decode=6 minimum_link_headroom_mb_s=-188.251962 peak_memory_gb=32.2339
  trial scenario=graded partition_id=compute_balanced partition=14-13-12-11-9-8-7-6 lambda=0.01 safe=False first_violation=network event_count=116 peak_prefill=1 peak_decode=6 minimum_link_headroom_mb_s=-188.104313 peak_memory_gb=32.22046
  trial scenario=graded partition_id=compute_balanced partition=14-13-12-11-9-8-7-6 lambda=0.0105 safe=False first_violation=network event_count=104 peak_prefill=1 peak_decode=6 minimum_link_headroom_mb_s=-196.720266 peak_memory_gb=32.34814
  trial scenario=graded partition_id=compute_balanced partition=14-13-12-11-9-8-7-6 lambda=0.011 safe=False first_violation=network event_count=102 peak_prefill=1 peak_decode=6 minimum_link_headroom_mb_s=-196.442796 peak_memory_gb=32.34814
  trial scenario=graded partition_id=compute_balanced partition=14-13-12-11-9-8-7-6 lambda=0.0115 safe=False first_violation=network event_count=101 peak_prefill=1 peak_decode=6 minimum_link_headroom_mb_s=-196.299939 peak_memory_gb=32.34814
  trial scenario=graded partition_id=compute_balanced partition=14-13-12-11-9-8-7-6 lambda=0.012 safe=False first_violation=network event_count=74 peak_prefill=1 peak_decode=6 minimum_link_headroom_mb_s=-190.937024 peak_memory_gb=32.34142
  trial scenario=graded partition_id=compute_balanced partition=14-13-12-11-9-8-7-6 lambda=0.0125 safe=False first_violation=network event_count=74 peak_prefill=1 peak_decode=6 minimum_link_headroom_mb_s=-190.937024 peak_memory_gb=32.34142
  trial scenario=graded partition_id=compute_balanced partition=14-13-12-11-9-8-7-6 lambda=0.013 safe=False first_violation=network event_count=73 peak_prefill=1 peak_decode=6 minimum_link_headroom_mb_s=-190.790415 peak_memory_gb=32.34142
  trial scenario=graded partition_id=compute_balanced partition=14-13-12-11-9-8-7-6 lambda=0.0135 safe=False first_violation=network event_count=73 peak_prefill=1 peak_decode=6 minimum_link_headroom_mb_s=-190.790415 peak_memory_gb=32.34142
  trial scenario=graded partition_id=compute_balanced partition=14-13-12-11-9-8-7-6 lambda=0.014 safe=False first_violation=network event_count=68 peak_prefill=1 peak_decode=6 minimum_link_headroom_mb_s=-190.128557 peak_memory_gb=32.46238
  trial scenario=graded partition_id=compute_balanced partition=14-13-12-11-9-8-7-6 lambda=0.0145 safe=False first_violation=network event_count=68 peak_prefill=1 peak_decode=6 minimum_link_headroom_mb_s=-190.128557 peak_memory_gb=32.45566
  trial scenario=graded partition_id=compute_balanced partition=14-13-12-11-9-8-7-6 lambda=0.015 safe=False first_violation=network event_count=68 peak_prefill=1 peak_decode=6 minimum_link_headroom_mb_s=-190.128557 peak_memory_gb=32.45566
  trial scenario=graded partition_id=compute_balanced partition=14-13-12-11-9-8-7-6 lambda=0.0155 safe=False first_violation=network event_count=68 peak_prefill=1 peak_decode=6 minimum_link_headroom_mb_s=-190.128557 peak_memory_gb=32.45566
  trial scenario=graded partition_id=compute_balanced partition=14-13-12-11-9-8-7-6 lambda=0.016 safe=False first_violation=network event_count=60 peak_prefill=1 peak_decode=6 minimum_link_headroom_mb_s=-190.737322 peak_memory_gb=32.45566
  trial scenario=graded partition_id=compute_balanced partition=14-13-12-11-9-8-7-6 lambda=0.0165 safe=False first_violation=network event_count=60 peak_prefill=1 peak_decode=6 minimum_link_headroom_mb_s=-190.737322 peak_memory_gb=32.45566
  trial scenario=graded partition_id=compute_balanced partition=14-13-12-11-9-8-7-6 lambda=0.017 safe=False first_violation=network event_count=59 peak_prefill=1 peak_decode=6 minimum_link_headroom_mb_s=-190.595619 peak_memory_gb=32.45566
  trial scenario=graded partition_id=compute_balanced partition=14-13-12-11-9-8-7-6 lambda=0.0175 safe=False first_violation=network event_count=26 peak_prefill=1 peak_decode=6 minimum_link_headroom_mb_s=-200.910887 peak_memory_gb=32.44894
  trial scenario=graded partition_id=compute_balanced partition=14-13-12-11-9-8-7-6 lambda=0.018 safe=False first_violation=network event_count=26 peak_prefill=1 peak_decode=6 minimum_link_headroom_mb_s=-200.910887 peak_memory_gb=32.44222
  trial scenario=graded partition_id=compute_balanced partition=14-13-12-11-9-8-7-6 lambda=0.0185 safe=False first_violation=network event_count=26 peak_prefill=1 peak_decode=6 minimum_link_headroom_mb_s=-200.910887 peak_memory_gb=32.4355
  trial scenario=graded partition_id=compute_balanced partition=14-13-12-11-9-8-7-6 lambda=0.019 safe=False first_violation=network event_count=25 peak_prefill=1 peak_decode=6 minimum_link_headroom_mb_s=-200.78158 peak_memory_gb=32.4355
  trial scenario=graded partition_id=compute_balanced partition=14-13-12-11-9-8-7-6 lambda=0.0195 safe=False first_violation=network event_count=25 peak_prefill=1 peak_decode=6 minimum_link_headroom_mb_s=-200.78158 peak_memory_gb=32.4355
  trial scenario=graded partition_id=compute_balanced partition=14-13-12-11-9-8-7-6 lambda=0.02 safe=False first_violation=network event_count=25 peak_prefill=1 peak_decode=6 minimum_link_headroom_mb_s=-200.78158 peak_memory_gb=32.4355
  trial scenario=graded partition_id=compute_balanced partition=14-13-12-11-9-8-7-6 lambda=0.0205 safe=False first_violation=network event_count=25 peak_prefill=1 peak_decode=6 minimum_link_headroom_mb_s=-200.78158 peak_memory_gb=32.4355
  trial scenario=graded partition_id=compute_balanced partition=14-13-12-11-9-8-7-6 lambda=0.021 safe=False first_violation=network event_count=24 peak_prefill=1 peak_decode=6 minimum_link_headroom_mb_s=-200.645289 peak_memory_gb=32.4355
  trial scenario=graded partition_id=compute_balanced partition=14-13-12-11-9-8-7-6 lambda=0.0215 safe=False first_violation=network event_count=23 peak_prefill=1 peak_decode=6 minimum_link_headroom_mb_s=-200.508688 peak_memory_gb=32.42878
  trial scenario=graded partition_id=compute_balanced partition=14-13-12-11-9-8-7-6 lambda=0.022 safe=False first_violation=network event_count=23 peak_prefill=1 peak_decode=6 minimum_link_headroom_mb_s=-200.508688 peak_memory_gb=32.42878
  compute_balanced   partition=[14, 13, 12, 11, 9, 8, 7, 6] safe=0.0085 unsafe=0.009 violation=network monotonic=True
  trial scenario=graded partition_id=random_00 partition=8-12-8-9-10-9-13-11 lambda=0.006 safe=True first_violation=None event_count=204 peak_prefill=1 peak_decode=5 minimum_link_headroom_mb_s=152.858077 peak_memory_gb=30.73562
  trial scenario=graded partition_id=random_00 partition=8-12-8-9-10-9-13-11 lambda=0.0065 safe=False first_violation=network event_count=162 peak_prefill=1 peak_decode=5 minimum_link_headroom_mb_s=-150.51567 peak_memory_gb=31.22351
  trial scenario=graded partition_id=random_00 partition=8-12-8-9-10-9-13-11 lambda=0.007 safe=False first_violation=network event_count=160 peak_prefill=1 peak_decode=5 minimum_link_headroom_mb_s=-150.108196 peak_memory_gb=31.21727
  trial scenario=graded partition_id=random_00 partition=8-12-8-9-10-9-13-11 lambda=0.0075 safe=False first_violation=network event_count=158 peak_prefill=1 peak_decode=5 minimum_link_headroom_mb_s=-149.701621 peak_memory_gb=31.21103
  trial scenario=graded partition_id=random_00 partition=8-12-8-9-10-9-13-11 lambda=0.008 safe=False first_violation=network event_count=110 peak_prefill=1 peak_decode=5 minimum_link_headroom_mb_s=-118.613383 peak_memory_gb=30.01685
  trial scenario=graded partition_id=random_00 partition=8-12-8-9-10-9-13-11 lambda=0.0085 safe=False first_violation=network event_count=98 peak_prefill=1 peak_decode=5 minimum_link_headroom_mb_s=-125.57643 peak_memory_gb=30.00437
  trial scenario=graded partition_id=random_00 partition=8-12-8-9-10-9-13-11 lambda=0.009 safe=False first_violation=network event_count=69 peak_prefill=1 peak_decode=5 minimum_link_headroom_mb_s=-105.118811 peak_memory_gb=29.84837
  trial scenario=graded partition_id=random_00 partition=8-12-8-9-10-9-13-11 lambda=0.0095 safe=False first_violation=network event_count=69 peak_prefill=1 peak_decode=5 minimum_link_headroom_mb_s=-105.118811 peak_memory_gb=29.84837
  trial scenario=graded partition_id=random_00 partition=8-12-8-9-10-9-13-11 lambda=0.01 safe=False first_violation=network event_count=68 peak_prefill=1 peak_decode=5 minimum_link_headroom_mb_s=-104.938205 peak_memory_gb=30.46613
  trial scenario=graded partition_id=random_00 partition=8-12-8-9-10-9-13-11 lambda=0.0105 safe=False first_violation=network event_count=66 peak_prefill=1 peak_decode=5 minimum_link_headroom_mb_s=-104.554809 peak_memory_gb=30.45989
  trial scenario=graded partition_id=random_00 partition=8-12-8-9-10-9-13-11 lambda=0.011 safe=False first_violation=network event_count=66 peak_prefill=1 peak_decode=5 minimum_link_headroom_mb_s=-104.554809 peak_memory_gb=30.45989
  trial scenario=graded partition_id=random_00 partition=8-12-8-9-10-9-13-11 lambda=0.0115 safe=False first_violation=network event_count=66 peak_prefill=1 peak_decode=5 minimum_link_headroom_mb_s=-104.554809 peak_memory_gb=30.45989
  trial scenario=graded partition_id=random_00 partition=8-12-8-9-10-9-13-11 lambda=0.012 safe=False first_violation=network event_count=66 peak_prefill=1 peak_decode=5 minimum_link_headroom_mb_s=-104.554809 peak_memory_gb=30.45989
  trial scenario=graded partition_id=random_00 partition=8-12-8-9-10-9-13-11 lambda=0.0125 safe=False first_violation=network event_count=23 peak_prefill=1 peak_decode=5 minimum_link_headroom_mb_s=-140.248521 peak_memory_gb=30.45989
  trial scenario=graded partition_id=random_00 partition=8-12-8-9-10-9-13-11 lambda=0.013 safe=False first_violation=network event_count=22 peak_prefill=1 peak_decode=5 minimum_link_headroom_mb_s=-140.055263 peak_memory_gb=30.44741
  trial scenario=graded partition_id=random_00 partition=8-12-8-9-10-9-13-11 lambda=0.0135 safe=False first_violation=network event_count=21 peak_prefill=1 peak_decode=5 minimum_link_headroom_mb_s=-139.874902 peak_memory_gb=30.43493
  trial scenario=graded partition_id=random_00 partition=8-12-8-9-10-9-13-11 lambda=0.014 safe=False first_violation=network event_count=21 peak_prefill=1 peak_decode=5 minimum_link_headroom_mb_s=-139.874902 peak_memory_gb=30.43493
  trial scenario=graded partition_id=random_00 partition=8-12-8-9-10-9-13-11 lambda=0.0145 safe=False first_violation=network event_count=21 peak_prefill=1 peak_decode=5 minimum_link_headroom_mb_s=-139.874902 peak_memory_gb=30.43493
  trial scenario=graded partition_id=random_00 partition=8-12-8-9-10-9-13-11 lambda=0.015 safe=False first_violation=network event_count=21 peak_prefill=1 peak_decode=5 minimum_link_headroom_mb_s=-139.874902 peak_memory_gb=30.43493
  trial scenario=graded partition_id=random_00 partition=8-12-8-9-10-9-13-11 lambda=0.0155 safe=False first_violation=network event_count=21 peak_prefill=1 peak_decode=5 minimum_link_headroom_mb_s=-139.874902 peak_memory_gb=30.43493
  trial scenario=graded partition_id=random_00 partition=8-12-8-9-10-9-13-11 lambda=0.016 safe=False first_violation=network event_count=21 peak_prefill=1 peak_decode=5 minimum_link_headroom_mb_s=-139.874902 peak_memory_gb=30.43493
  trial scenario=graded partition_id=random_00 partition=8-12-8-9-10-9-13-11 lambda=0.0165 safe=False first_violation=network event_count=20 peak_prefill=1 peak_decode=5 minimum_link_headroom_mb_s=-139.681915 peak_memory_gb=30.43493
  trial scenario=graded partition_id=random_00 partition=8-12-8-9-10-9-13-11 lambda=0.017 safe=False first_violation=network event_count=19 peak_prefill=1 peak_decode=5 minimum_link_headroom_mb_s=-139.480241 peak_memory_gb=30.43493
  trial scenario=graded partition_id=random_00 partition=8-12-8-9-10-9-13-11 lambda=0.0175 safe=False first_violation=network event_count=19 peak_prefill=1 peak_decode=5 minimum_link_headroom_mb_s=-139.480241 peak_memory_gb=30.43493
  trial scenario=graded partition_id=random_00 partition=8-12-8-9-10-9-13-11 lambda=0.018 safe=False first_violation=network event_count=19 peak_prefill=1 peak_decode=5 minimum_link_headroom_mb_s=-139.480241 peak_memory_gb=30.42869
  trial scenario=graded partition_id=random_00 partition=8-12-8-9-10-9-13-11 lambda=0.0185 safe=False first_violation=network event_count=19 peak_prefill=1 peak_decode=5 minimum_link_headroom_mb_s=-139.480241 peak_memory_gb=30.42869
  trial scenario=graded partition_id=random_00 partition=8-12-8-9-10-9-13-11 lambda=0.019 safe=False first_violation=network event_count=19 peak_prefill=1 peak_decode=5 minimum_link_headroom_mb_s=-139.480241 peak_memory_gb=30.42869
  trial scenario=graded partition_id=random_00 partition=8-12-8-9-10-9-13-11 lambda=0.0195 safe=False first_violation=network event_count=18 peak_prefill=1 peak_decode=5 minimum_link_headroom_mb_s=-139.300125 peak_memory_gb=30.42245
  trial scenario=graded partition_id=random_00 partition=8-12-8-9-10-9-13-11 lambda=0.02 safe=False first_violation=network event_count=18 peak_prefill=1 peak_decode=5 minimum_link_headroom_mb_s=-139.300125 peak_memory_gb=30.42245
  trial scenario=graded partition_id=random_00 partition=8-12-8-9-10-9-13-11 lambda=0.0205 safe=False first_violation=network event_count=18 peak_prefill=1 peak_decode=5 minimum_link_headroom_mb_s=-139.300125 peak_memory_gb=30.42245
  trial scenario=graded partition_id=random_00 partition=8-12-8-9-10-9-13-11 lambda=0.021 safe=False first_violation=network event_count=18 peak_prefill=1 peak_decode=5 minimum_link_headroom_mb_s=-139.300125 peak_memory_gb=30.42245
  trial scenario=graded partition_id=random_00 partition=8-12-8-9-10-9-13-11 lambda=0.0215 safe=False first_violation=network event_count=18 peak_prefill=1 peak_decode=5 minimum_link_headroom_mb_s=-139.300125 peak_memory_gb=30.42245
  trial scenario=graded partition_id=random_00 partition=8-12-8-9-10-9-13-11 lambda=0.022 safe=False first_violation=network event_count=17 peak_prefill=1 peak_decode=5 minimum_link_headroom_mb_s=-139.107409 peak_memory_gb=30.42245
  random_00          partition=[8, 12, 8, 9, 10, 9, 13, 11] safe=0.006 unsafe=0.0065 violation=network monotonic=True
  trial scenario=graded partition_id=random_01 partition=9-14-9-8-9-10-12-9 lambda=0.006 safe=True first_violation=None event_count=204 peak_prefill=1 peak_decode=5 minimum_link_headroom_mb_s=200.120756 peak_memory_gb=32.63836
  trial scenario=graded partition_id=random_01 partition=9-14-9-8-9-10-12-9 lambda=0.0065 safe=False first_violation=network event_count=163 peak_prefill=1 peak_decode=5 minimum_link_headroom_mb_s=-88.271261 peak_memory_gb=32.9353
  trial scenario=graded partition_id=random_01 partition=9-14-9-8-9-10-12-9 lambda=0.007 safe=False first_violation=network event_count=162 peak_prefill=1 peak_decode=5 minimum_link_headroom_mb_s=-88.109538 peak_memory_gb=33.15706
  trial scenario=graded partition_id=random_01 partition=9-14-9-8-9-10-12-9 lambda=0.0075 safe=False first_violation=network event_count=160 peak_prefill=1 peak_decode=5 minimum_link_headroom_mb_s=-87.74765 peak_memory_gb=33.15706
  trial scenario=graded partition_id=random_01 partition=9-14-9-8-9-10-12-9 lambda=0.008 safe=False first_violation=network event_count=110 peak_prefill=1 peak_decode=5 minimum_link_headroom_mb_s=-59.630618 peak_memory_gb=31.8643
  trial scenario=graded partition_id=random_01 partition=9-14-9-8-9-10-12-9 lambda=0.0085 safe=False first_violation=network event_count=108 peak_prefill=1 peak_decode=5 minimum_link_headroom_mb_s=-59.279455 peak_memory_gb=31.8643
  trial scenario=graded partition_id=random_01 partition=9-14-9-8-9-10-12-9 lambda=0.009 safe=False first_violation=network event_count=70 peak_prefill=1 peak_decode=5 minimum_link_headroom_mb_s=-47.844322 peak_memory_gb=31.68958
  trial scenario=graded partition_id=random_01 partition=9-14-9-8-9-10-12-9 lambda=0.0095 safe=False first_violation=network event_count=69 peak_prefill=1 peak_decode=5 minimum_link_headroom_mb_s=-47.664107 peak_memory_gb=31.68286
  trial scenario=graded partition_id=random_01 partition=9-14-9-8-9-10-12-9 lambda=0.01 safe=False first_violation=network event_count=68 peak_prefill=1 peak_decode=5 minimum_link_headroom_mb_s=-47.502383 peak_memory_gb=32.34814
  trial scenario=graded partition_id=random_01 partition=9-14-9-8-9-10-12-9 lambda=0.0105 safe=False first_violation=network event_count=68 peak_prefill=1 peak_decode=5 minimum_link_headroom_mb_s=-47.502383 peak_memory_gb=32.34814
  trial scenario=graded partition_id=random_01 partition=9-14-9-8-9-10-12-9 lambda=0.011 safe=False first_violation=network event_count=66 peak_prefill=1 peak_decode=5 minimum_link_headroom_mb_s=-47.16048 peak_memory_gb=32.34142
  trial scenario=graded partition_id=random_01 partition=9-14-9-8-9-10-12-9 lambda=0.0115 safe=False first_violation=network event_count=66 peak_prefill=1 peak_decode=5 minimum_link_headroom_mb_s=-47.16048 peak_memory_gb=32.34142
  trial scenario=graded partition_id=random_01 partition=9-14-9-8-9-10-12-9 lambda=0.012 safe=False first_violation=network event_count=66 peak_prefill=1 peak_decode=5 minimum_link_headroom_mb_s=-47.16048 peak_memory_gb=32.34142
  trial scenario=graded partition_id=random_01 partition=9-14-9-8-9-10-12-9 lambda=0.0125 safe=False first_violation=network event_count=58 peak_prefill=1 peak_decode=5 minimum_link_headroom_mb_s=-63.63961 peak_memory_gb=32.34142
  trial scenario=graded partition_id=random_01 partition=9-14-9-8-9-10-12-9 lambda=0.013 safe=False first_violation=network event_count=23 peak_prefill=1 peak_decode=5 minimum_link_headroom_mb_s=-78.939636 peak_memory_gb=32.3347
  trial scenario=graded partition_id=random_01 partition=9-14-9-8-9-10-12-9 lambda=0.0135 safe=False first_violation=network event_count=21 peak_prefill=1 peak_decode=5 minimum_link_headroom_mb_s=-78.605843 peak_memory_gb=32.31454
  trial scenario=graded partition_id=random_01 partition=9-14-9-8-9-10-12-9 lambda=0.014 safe=False first_violation=network event_count=21 peak_prefill=1 peak_decode=5 minimum_link_headroom_mb_s=-78.605843 peak_memory_gb=32.31454
  trial scenario=graded partition_id=random_01 partition=9-14-9-8-9-10-12-9 lambda=0.0145 safe=False first_violation=network event_count=21 peak_prefill=1 peak_decode=5 minimum_link_headroom_mb_s=-78.605843 peak_memory_gb=32.31454
  trial scenario=graded partition_id=random_01 partition=9-14-9-8-9-10-12-9 lambda=0.015 safe=False first_violation=network event_count=21 peak_prefill=1 peak_decode=5 minimum_link_headroom_mb_s=-78.605843 peak_memory_gb=32.31454
  trial scenario=graded partition_id=random_01 partition=9-14-9-8-9-10-12-9 lambda=0.0155 safe=False first_violation=network event_count=21 peak_prefill=1 peak_decode=5 minimum_link_headroom_mb_s=-78.605843 peak_memory_gb=32.31454
  trial scenario=graded partition_id=random_01 partition=9-14-9-8-9-10-12-9 lambda=0.016 safe=False first_violation=network event_count=21 peak_prefill=1 peak_decode=5 minimum_link_headroom_mb_s=-78.605843 peak_memory_gb=32.31454
  trial scenario=graded partition_id=random_01 partition=9-14-9-8-9-10-12-9 lambda=0.0165 safe=False first_violation=network event_count=21 peak_prefill=1 peak_decode=5 minimum_link_headroom_mb_s=-78.605843 peak_memory_gb=32.31454
  trial scenario=graded partition_id=random_01 partition=9-14-9-8-9-10-12-9 lambda=0.017 safe=False first_violation=network event_count=20 peak_prefill=1 peak_decode=5 minimum_link_headroom_mb_s=-78.433793 peak_memory_gb=32.31454
  trial scenario=graded partition_id=random_01 partition=9-14-9-8-9-10-12-9 lambda=0.0175 safe=False first_violation=network event_count=19 peak_prefill=1 peak_decode=5 minimum_link_headroom_mb_s=-78.25454 peak_memory_gb=32.31454
  trial scenario=graded partition_id=random_01 partition=9-14-9-8-9-10-12-9 lambda=0.018 safe=False first_violation=network event_count=19 peak_prefill=1 peak_decode=5 minimum_link_headroom_mb_s=-78.25454 peak_memory_gb=32.31454
  trial scenario=graded partition_id=random_01 partition=9-14-9-8-9-10-12-9 lambda=0.0185 safe=False first_violation=network event_count=19 peak_prefill=1 peak_decode=5 minimum_link_headroom_mb_s=-78.25454 peak_memory_gb=32.30782
  trial scenario=graded partition_id=random_01 partition=9-14-9-8-9-10-12-9 lambda=0.019 safe=False first_violation=network event_count=19 peak_prefill=1 peak_decode=5 minimum_link_headroom_mb_s=-78.25454 peak_memory_gb=32.30782
  trial scenario=graded partition_id=random_01 partition=9-14-9-8-9-10-12-9 lambda=0.0195 safe=False first_violation=network event_count=19 peak_prefill=1 peak_decode=5 minimum_link_headroom_mb_s=-78.25454 peak_memory_gb=32.30782
  trial scenario=graded partition_id=random_01 partition=9-14-9-8-9-10-12-9 lambda=0.02 safe=False first_violation=network event_count=18 peak_prefill=1 peak_decode=5 minimum_link_headroom_mb_s=-78.093226 peak_memory_gb=32.3011
  trial scenario=graded partition_id=random_01 partition=9-14-9-8-9-10-12-9 lambda=0.0205 safe=False first_violation=network event_count=18 peak_prefill=1 peak_decode=5 minimum_link_headroom_mb_s=-78.093226 peak_memory_gb=32.3011
  trial scenario=graded partition_id=random_01 partition=9-14-9-8-9-10-12-9 lambda=0.021 safe=False first_violation=network event_count=18 peak_prefill=1 peak_decode=5 minimum_link_headroom_mb_s=-78.093226 peak_memory_gb=32.3011
  trial scenario=graded partition_id=random_01 partition=9-14-9-8-9-10-12-9 lambda=0.0215 safe=False first_violation=network event_count=18 peak_prefill=1 peak_decode=5 minimum_link_headroom_mb_s=-78.093226 peak_memory_gb=32.3011
  trial scenario=graded partition_id=random_01 partition=9-14-9-8-9-10-12-9 lambda=0.022 safe=False first_violation=network event_count=18 peak_prefill=1 peak_decode=5 minimum_link_headroom_mb_s=-78.093226 peak_memory_gb=32.3011
  random_01          partition=[9, 14, 9, 8, 9, 10, 12, 9] safe=0.006 unsafe=0.0065 violation=network monotonic=True
  trial scenario=graded partition_id=random_02 partition=10-8-13-7-14-13-9-6 lambda=0.006 safe=True first_violation=None event_count=204 peak_prefill=1 peak_decode=5 minimum_link_headroom_mb_s=230.305957 peak_memory_gb=32.64508
  trial scenario=graded partition_id=random_02 partition=10-8-13-7-14-13-9-6 lambda=0.0065 safe=True first_violation=None event_count=204 peak_prefill=1 peak_decode=5 minimum_link_headroom_mb_s=230.735577 peak_memory_gb=33.04282
  trial scenario=graded partition_id=random_02 partition=10-8-13-7-14-13-9-6 lambda=0.007 safe=False first_violation=network event_count=162 peak_prefill=1 peak_decode=5 minimum_link_headroom_mb_s=-48.150625 peak_memory_gb=33.16378
  trial scenario=graded partition_id=random_02 partition=10-8-13-7-14-13-9-6 lambda=0.0075 safe=False first_violation=network event_count=160 peak_prefill=1 peak_decode=5 minimum_link_headroom_mb_s=-47.816533 peak_memory_gb=33.15706
  trial scenario=graded partition_id=random_02 partition=10-8-13-7-14-13-9-6 lambda=0.008 safe=False first_violation=network event_count=111 peak_prefill=1 peak_decode=5 minimum_link_headroom_mb_s=-21.918474 peak_memory_gb=31.8643
  trial scenario=graded partition_id=random_02 partition=10-8-13-7-14-13-9-6 lambda=0.0085 safe=False first_violation=network event_count=109 peak_prefill=1 peak_decode=5 minimum_link_headroom_mb_s=-21.594958 peak_memory_gb=31.8643
  trial scenario=graded partition_id=random_02 partition=10-8-13-7-14-13-9-6 lambda=0.009 safe=False first_violation=network event_count=97 peak_prefill=1 peak_decode=5 minimum_link_headroom_mb_s=-27.363775 peak_memory_gb=31.84414
  trial scenario=graded partition_id=random_02 partition=10-8-13-7-14-13-9-6 lambda=0.0095 safe=False first_violation=network event_count=69 peak_prefill=1 peak_decode=5 minimum_link_headroom_mb_s=-10.736022 peak_memory_gb=31.68286
  trial scenario=graded partition_id=random_02 partition=10-8-13-7-14-13-9-6 lambda=0.01 safe=False first_violation=network event_count=69 peak_prefill=1 peak_decode=5 minimum_link_headroom_mb_s=-10.736022 peak_memory_gb=32.34814
  trial scenario=graded partition_id=random_02 partition=10-8-13-7-14-13-9-6 lambda=0.0105 safe=False first_violation=network event_count=68 peak_prefill=1 peak_decode=5 minimum_link_headroom_mb_s=-10.585932 peak_memory_gb=32.34814
  trial scenario=graded partition_id=random_02 partition=10-8-13-7-14-13-9-6 lambda=0.011 safe=False first_violation=network event_count=66 peak_prefill=1 peak_decode=5 minimum_link_headroom_mb_s=-10.269457 peak_memory_gb=32.34142
  trial scenario=graded partition_id=random_02 partition=10-8-13-7-14-13-9-6 lambda=0.0115 safe=False first_violation=network event_count=66 peak_prefill=1 peak_decode=5 minimum_link_headroom_mb_s=-10.269457 peak_memory_gb=32.34142
  trial scenario=graded partition_id=random_02 partition=10-8-13-7-14-13-9-6 lambda=0.012 safe=False first_violation=network event_count=66 peak_prefill=1 peak_decode=5 minimum_link_headroom_mb_s=-10.269457 peak_memory_gb=32.34142
  trial scenario=graded partition_id=random_02 partition=10-8-13-7-14-13-9-6 lambda=0.0125 safe=False first_violation=network event_count=66 peak_prefill=1 peak_decode=5 minimum_link_headroom_mb_s=-10.269457 peak_memory_gb=32.34142
  trial scenario=graded partition_id=random_02 partition=10-8-13-7-14-13-9-6 lambda=0.013 safe=False first_violation=network event_count=23 peak_prefill=1 peak_decode=5 minimum_link_headroom_mb_s=-39.649465 peak_memory_gb=32.34142
  trial scenario=graded partition_id=random_02 partition=10-8-13-7-14-13-9-6 lambda=0.0135 safe=False first_violation=network event_count=22 peak_prefill=1 peak_decode=5 minimum_link_headroom_mb_s=-39.490044 peak_memory_gb=32.32798
  trial scenario=graded partition_id=random_02 partition=10-8-13-7-14-13-9-6 lambda=0.014 safe=False first_violation=network event_count=21 peak_prefill=1 peak_decode=5 minimum_link_headroom_mb_s=-39.340136 peak_memory_gb=32.31454
  trial scenario=graded partition_id=random_02 partition=10-8-13-7-14-13-9-6 lambda=0.0145 safe=False first_violation=network event_count=21 peak_prefill=1 peak_decode=5 minimum_link_headroom_mb_s=-39.340136 peak_memory_gb=32.31454
  trial scenario=graded partition_id=random_02 partition=10-8-13-7-14-13-9-6 lambda=0.015 safe=False first_violation=network event_count=21 peak_prefill=1 peak_decode=5 minimum_link_headroom_mb_s=-39.340136 peak_memory_gb=32.31454
  trial scenario=graded partition_id=random_02 partition=10-8-13-7-14-13-9-6 lambda=0.0155 safe=False first_violation=network event_count=21 peak_prefill=1 peak_decode=5 minimum_link_headroom_mb_s=-39.340136 peak_memory_gb=32.31454
  trial scenario=graded partition_id=random_02 partition=10-8-13-7-14-13-9-6 lambda=0.016 safe=False first_violation=network event_count=21 peak_prefill=1 peak_decode=5 minimum_link_headroom_mb_s=-39.340136 peak_memory_gb=32.31454
  trial scenario=graded partition_id=random_02 partition=10-8-13-7-14-13-9-6 lambda=0.0165 safe=False first_violation=network event_count=21 peak_prefill=1 peak_decode=5 minimum_link_headroom_mb_s=-39.340136 peak_memory_gb=32.31454
  trial scenario=graded partition_id=random_02 partition=10-8-13-7-14-13-9-6 lambda=0.017 safe=False first_violation=network event_count=20 peak_prefill=1 peak_decode=5 minimum_link_headroom_mb_s=-39.180915 peak_memory_gb=32.31454
  trial scenario=graded partition_id=random_02 partition=10-8-13-7-14-13-9-6 lambda=0.0175 safe=False first_violation=network event_count=20 peak_prefill=1 peak_decode=5 minimum_link_headroom_mb_s=-39.180915 peak_memory_gb=32.31454
  trial scenario=graded partition_id=random_02 partition=10-8-13-7-14-13-9-6 lambda=0.018 safe=False first_violation=network event_count=19 peak_prefill=1 peak_decode=5 minimum_link_headroom_mb_s=-39.015346 peak_memory_gb=32.31454
  trial scenario=graded partition_id=random_02 partition=10-8-13-7-14-13-9-6 lambda=0.0185 safe=False first_violation=network event_count=19 peak_prefill=1 peak_decode=5 minimum_link_headroom_mb_s=-39.015346 peak_memory_gb=32.30782
  trial scenario=graded partition_id=random_02 partition=10-8-13-7-14-13-9-6 lambda=0.019 safe=False first_violation=network event_count=19 peak_prefill=1 peak_decode=5 minimum_link_headroom_mb_s=-39.015346 peak_memory_gb=32.30782
  trial scenario=graded partition_id=random_02 partition=10-8-13-7-14-13-9-6 lambda=0.0195 safe=False first_violation=network event_count=19 peak_prefill=1 peak_decode=5 minimum_link_headroom_mb_s=-39.015346 peak_memory_gb=32.30782
  trial scenario=graded partition_id=random_02 partition=10-8-13-7-14-13-9-6 lambda=0.02 safe=False first_violation=network event_count=19 peak_prefill=1 peak_decode=5 minimum_link_headroom_mb_s=-39.015346 peak_memory_gb=32.30782
  trial scenario=graded partition_id=random_02 partition=10-8-13-7-14-13-9-6 lambda=0.0205 safe=False first_violation=network event_count=18 peak_prefill=1 peak_decode=5 minimum_link_headroom_mb_s=-38.865619 peak_memory_gb=32.3011
  trial scenario=graded partition_id=random_02 partition=10-8-13-7-14-13-9-6 lambda=0.021 safe=False first_violation=network event_count=18 peak_prefill=1 peak_decode=5 minimum_link_headroom_mb_s=-38.865619 peak_memory_gb=32.3011
  trial scenario=graded partition_id=random_02 partition=10-8-13-7-14-13-9-6 lambda=0.0215 safe=False first_violation=network event_count=18 peak_prefill=1 peak_decode=5 minimum_link_headroom_mb_s=-38.865619 peak_memory_gb=32.3011
  trial scenario=graded partition_id=random_02 partition=10-8-13-7-14-13-9-6 lambda=0.022 safe=False first_violation=network event_count=18 peak_prefill=1 peak_decode=5 minimum_link_headroom_mb_s=-38.865619 peak_memory_gb=32.3011
  random_02          partition=[10, 8, 13, 7, 14, 13, 9, 6] safe=0.0065 unsafe=0.007 violation=network monotonic=True
  trial scenario=graded partition_id=random_03 partition=12-12-11-7-8-10-11-9 lambda=0.006 safe=True first_violation=None event_count=204 peak_prefill=1 peak_decode=5 minimum_link_headroom_mb_s=220.975049 peak_memory_gb=28.83864
  trial scenario=graded partition_id=random_03 partition=12-12-11-7-8-10-11-9 lambda=0.0065 safe=True first_violation=None event_count=204 peak_prefill=1 peak_decode=5 minimum_link_headroom_mb_s=221.421886 peak_memory_gb=29.17956
  trial scenario=graded partition_id=random_03 partition=12-12-11-7-8-10-11-9 lambda=0.007 safe=False first_violation=network event_count=162 peak_prefill=1 peak_decode=5 minimum_link_headroom_mb_s=-60.428149 peak_memory_gb=29.28324
  trial scenario=graded partition_id=random_03 partition=12-12-11-7-8-10-11-9 lambda=0.0075 safe=False first_violation=network event_count=160 peak_prefill=1 peak_decode=5 minimum_link_headroom_mb_s=-60.085632 peak_memory_gb=29.27748
  trial scenario=graded partition_id=random_03 partition=12-12-11-7-8-10-11-9 lambda=0.008 safe=False first_violation=network event_count=110 peak_prefill=1 peak_decode=5 minimum_link_headroom_mb_s=-33.409523 peak_memory_gb=28.1694
  trial scenario=graded partition_id=random_03 partition=12-12-11-7-8-10-11-9 lambda=0.0085 safe=False first_violation=network event_count=108 peak_prefill=1 peak_decode=5 minimum_link_headroom_mb_s=-33.076855 peak_memory_gb=28.1694
  trial scenario=graded partition_id=random_03 partition=12-12-11-7-8-10-11-9 lambda=0.009 safe=False first_violation=network event_count=70 peak_prefill=1 peak_decode=5 minimum_link_headroom_mb_s=-22.264534 peak_memory_gb=28.01964
  trial scenario=graded partition_id=random_03 partition=12-12-11-7-8-10-11-9 lambda=0.0095 safe=False first_violation=network event_count=69 peak_prefill=1 peak_decode=5 minimum_link_headroom_mb_s=-22.093935 peak_memory_gb=28.01388
  trial scenario=graded partition_id=random_03 partition=12-12-11-7-8-10-11-9 lambda=0.01 safe=False first_violation=network event_count=69 peak_prefill=1 peak_decode=5 minimum_link_headroom_mb_s=-22.093935 peak_memory_gb=28.58412
  trial scenario=graded partition_id=random_03 partition=12-12-11-7-8-10-11-9 lambda=0.0105 safe=False first_violation=network event_count=68 peak_prefill=1 peak_decode=5 minimum_link_headroom_mb_s=-21.940309 peak_memory_gb=28.58412
  trial scenario=graded partition_id=random_03 partition=12-12-11-7-8-10-11-9 lambda=0.011 safe=False first_violation=network event_count=66 peak_prefill=1 peak_decode=5 minimum_link_headroom_mb_s=-21.616116 peak_memory_gb=28.57836
  trial scenario=graded partition_id=random_03 partition=12-12-11-7-8-10-11-9 lambda=0.0115 safe=False first_violation=network event_count=66 peak_prefill=1 peak_decode=5 minimum_link_headroom_mb_s=-21.616116 peak_memory_gb=28.57836
  trial scenario=graded partition_id=random_03 partition=12-12-11-7-8-10-11-9 lambda=0.012 safe=False first_violation=network event_count=66 peak_prefill=1 peak_decode=5 minimum_link_headroom_mb_s=-21.616116 peak_memory_gb=28.57836
  trial scenario=graded partition_id=random_03 partition=12-12-11-7-8-10-11-9 lambda=0.0125 safe=False first_violation=network event_count=66 peak_prefill=1 peak_decode=5 minimum_link_headroom_mb_s=-21.616116 peak_memory_gb=28.57836
  trial scenario=graded partition_id=random_03 partition=12-12-11-7-8-10-11-9 lambda=0.013 safe=False first_violation=network event_count=23 peak_prefill=1 peak_decode=5 minimum_link_headroom_mb_s=-51.724316 peak_memory_gb=28.5726
  trial scenario=graded partition_id=random_03 partition=12-12-11-7-8-10-11-9 lambda=0.0135 safe=False first_violation=network event_count=22 peak_prefill=1 peak_decode=5 minimum_link_headroom_mb_s=-51.560994 peak_memory_gb=28.56684
  trial scenario=graded partition_id=random_03 partition=12-12-11-7-8-10-11-9 lambda=0.014 safe=False first_violation=network event_count=21 peak_prefill=1 peak_decode=5 minimum_link_headroom_mb_s=-51.407557 peak_memory_gb=28.55532
  trial scenario=graded partition_id=random_03 partition=12-12-11-7-8-10-11-9 lambda=0.0145 safe=False first_violation=network event_count=21 peak_prefill=1 peak_decode=5 minimum_link_headroom_mb_s=-51.407557 peak_memory_gb=28.55532
  trial scenario=graded partition_id=random_03 partition=12-12-11-7-8-10-11-9 lambda=0.015 safe=False first_violation=network event_count=21 peak_prefill=1 peak_decode=5 minimum_link_headroom_mb_s=-51.407557 peak_memory_gb=28.55532
  trial scenario=graded partition_id=random_03 partition=12-12-11-7-8-10-11-9 lambda=0.0155 safe=False first_violation=network event_count=21 peak_prefill=1 peak_decode=5 minimum_link_headroom_mb_s=-51.407557 peak_memory_gb=28.55532
  trial scenario=graded partition_id=random_03 partition=12-12-11-7-8-10-11-9 lambda=0.016 safe=False first_violation=network event_count=21 peak_prefill=1 peak_decode=5 minimum_link_headroom_mb_s=-51.407557 peak_memory_gb=28.55532
  trial scenario=graded partition_id=random_03 partition=12-12-11-7-8-10-11-9 lambda=0.0165 safe=False first_violation=network event_count=21 peak_prefill=1 peak_decode=5 minimum_link_headroom_mb_s=-51.407557 peak_memory_gb=28.55532
  trial scenario=graded partition_id=random_03 partition=12-12-11-7-8-10-11-9 lambda=0.017 safe=False first_violation=network event_count=20 peak_prefill=1 peak_decode=5 minimum_link_headroom_mb_s=-51.244442 peak_memory_gb=28.55532
  trial scenario=graded partition_id=random_03 partition=12-12-11-7-8-10-11-9 lambda=0.0175 safe=False first_violation=network event_count=19 peak_prefill=1 peak_decode=5 minimum_link_headroom_mb_s=-51.074724 peak_memory_gb=28.55532
  trial scenario=graded partition_id=random_03 partition=12-12-11-7-8-10-11-9 lambda=0.018 safe=False first_violation=network event_count=19 peak_prefill=1 peak_decode=5 minimum_link_headroom_mb_s=-51.074724 peak_memory_gb=28.55532
  trial scenario=graded partition_id=random_03 partition=12-12-11-7-8-10-11-9 lambda=0.0185 safe=False first_violation=network event_count=19 peak_prefill=1 peak_decode=5 minimum_link_headroom_mb_s=-51.074724 peak_memory_gb=28.54956
  trial scenario=graded partition_id=random_03 partition=12-12-11-7-8-10-11-9 lambda=0.019 safe=False first_violation=network event_count=19 peak_prefill=1 peak_decode=5 minimum_link_headroom_mb_s=-51.074724 peak_memory_gb=28.54956
  trial scenario=graded partition_id=random_03 partition=12-12-11-7-8-10-11-9 lambda=0.0195 safe=False first_violation=network event_count=19 peak_prefill=1 peak_decode=5 minimum_link_headroom_mb_s=-51.074724 peak_memory_gb=28.54956
  trial scenario=graded partition_id=random_03 partition=12-12-11-7-8-10-11-9 lambda=0.02 safe=False first_violation=network event_count=19 peak_prefill=1 peak_decode=5 minimum_link_headroom_mb_s=-51.074724 peak_memory_gb=28.54956
  trial scenario=graded partition_id=random_03 partition=12-12-11-7-8-10-11-9 lambda=0.0205 safe=False first_violation=network event_count=18 peak_prefill=1 peak_decode=5 minimum_link_headroom_mb_s=-50.921476 peak_memory_gb=28.5438
  trial scenario=graded partition_id=random_03 partition=12-12-11-7-8-10-11-9 lambda=0.021 safe=False first_violation=network event_count=18 peak_prefill=1 peak_decode=5 minimum_link_headroom_mb_s=-50.921476 peak_memory_gb=28.5438
  trial scenario=graded partition_id=random_03 partition=12-12-11-7-8-10-11-9 lambda=0.0215 safe=False first_violation=network event_count=18 peak_prefill=1 peak_decode=5 minimum_link_headroom_mb_s=-50.921476 peak_memory_gb=28.5438
  trial scenario=graded partition_id=random_03 partition=12-12-11-7-8-10-11-9 lambda=0.022 safe=False first_violation=network event_count=18 peak_prefill=1 peak_decode=5 minimum_link_headroom_mb_s=-50.921476 peak_memory_gb=28.5438
  random_03          partition=[12, 12, 11, 7, 8, 10, 11, 9] safe=0.0065 unsafe=0.007 violation=network monotonic=True
  trial scenario=graded partition_id=random_04 partition=10-9-12-7-14-6-11-11 lambda=0.006 safe=True first_violation=None event_count=204 peak_prefill=1 peak_decode=5 minimum_link_headroom_mb_s=184.199768 peak_memory_gb=32.63836
  trial scenario=graded partition_id=random_04 partition=10-9-12-7-14-6-11-11 lambda=0.0065 safe=False first_violation=network event_count=163 peak_prefill=1 peak_decode=5 minimum_link_headroom_mb_s=-109.278929 peak_memory_gb=33.16378
  trial scenario=graded partition_id=random_04 partition=10-9-12-7-14-6-11-11 lambda=0.007 safe=False first_violation=network event_count=161 peak_prefill=1 peak_decode=5 minimum_link_headroom_mb_s=-108.930282 peak_memory_gb=33.15706
  trial scenario=graded partition_id=random_04 partition=10-9-12-7-14-6-11-11 lambda=0.0075 safe=False first_violation=network event_count=159 peak_prefill=1 peak_decode=5 minimum_link_headroom_mb_s=-108.5383 peak_memory_gb=33.15034
  trial scenario=graded partition_id=random_04 partition=10-9-12-7-14-6-11-11 lambda=0.008 safe=False first_violation=network event_count=110 peak_prefill=1 peak_decode=5 minimum_link_headroom_mb_s=-79.500238 peak_memory_gb=31.8643
  trial scenario=graded partition_id=random_04 partition=10-9-12-7-14-6-11-11 lambda=0.0085 safe=False first_violation=network event_count=99 peak_prefill=1 peak_decode=5 minimum_link_headroom_mb_s=-86.125308 peak_memory_gb=31.85758
  trial scenario=graded partition_id=random_04 partition=10-9-12-7-14-6-11-11 lambda=0.009 safe=False first_violation=network event_count=70 peak_prefill=1 peak_decode=5 minimum_link_headroom_mb_s=-67.216539 peak_memory_gb=31.68286
  trial scenario=graded partition_id=random_04 partition=10-9-12-7-14-6-11-11 lambda=0.0095 safe=False first_violation=network event_count=69 peak_prefill=1 peak_decode=5 minimum_link_headroom_mb_s=-67.028856 peak_memory_gb=31.68286
  trial scenario=graded partition_id=random_04 partition=10-9-12-7-14-6-11-11 lambda=0.01 safe=False first_violation=network event_count=68 peak_prefill=1 peak_decode=5 minimum_link_headroom_mb_s=-66.860875 peak_memory_gb=32.34814
  trial scenario=graded partition_id=random_04 partition=10-9-12-7-14-6-11-11 lambda=0.0105 safe=False first_violation=network event_count=67 peak_prefill=1 peak_decode=5 minimum_link_headroom_mb_s=-66.692675 peak_memory_gb=32.34814
  trial scenario=graded partition_id=random_04 partition=10-9-12-7-14-6-11-11 lambda=0.011 safe=False first_violation=network event_count=66 peak_prefill=1 peak_decode=5 minimum_link_headroom_mb_s=-66.50525 peak_memory_gb=32.34142
  trial scenario=graded partition_id=random_04 partition=10-9-12-7-14-6-11-11 lambda=0.0115 safe=False first_violation=network event_count=66 peak_prefill=1 peak_decode=5 minimum_link_headroom_mb_s=-66.50525 peak_memory_gb=32.34142
  trial scenario=graded partition_id=random_04 partition=10-9-12-7-14-6-11-11 lambda=0.012 safe=False first_violation=network event_count=66 peak_prefill=1 peak_decode=5 minimum_link_headroom_mb_s=-66.50525 peak_memory_gb=32.34142
  trial scenario=graded partition_id=random_04 partition=10-9-12-7-14-6-11-11 lambda=0.0125 safe=False first_violation=network event_count=58 peak_prefill=1 peak_decode=5 minimum_link_headroom_mb_s=-83.676149 peak_memory_gb=32.34142
  trial scenario=graded partition_id=random_04 partition=10-9-12-7-14-6-11-11 lambda=0.013 safe=False first_violation=network event_count=23 peak_prefill=1 peak_decode=5 minimum_link_headroom_mb_s=-99.579001 peak_memory_gb=32.34142
  trial scenario=graded partition_id=random_04 partition=10-9-12-7-14-6-11-11 lambda=0.0135 safe=False first_violation=network event_count=21 peak_prefill=1 peak_decode=5 minimum_link_headroom_mb_s=-99.232024 peak_memory_gb=32.31454
  trial scenario=graded partition_id=random_04 partition=10-9-12-7-14-6-11-11 lambda=0.014 safe=False first_violation=network event_count=21 peak_prefill=1 peak_decode=5 minimum_link_headroom_mb_s=-99.232024 peak_memory_gb=32.31454
  trial scenario=graded partition_id=random_04 partition=10-9-12-7-14-6-11-11 lambda=0.0145 safe=False first_violation=network event_count=21 peak_prefill=1 peak_decode=5 minimum_link_headroom_mb_s=-99.232024 peak_memory_gb=32.31454
  trial scenario=graded partition_id=random_04 partition=10-9-12-7-14-6-11-11 lambda=0.015 safe=False first_violation=network event_count=21 peak_prefill=1 peak_decode=5 minimum_link_headroom_mb_s=-99.232024 peak_memory_gb=32.31454
  trial scenario=graded partition_id=random_04 partition=10-9-12-7-14-6-11-11 lambda=0.0155 safe=False first_violation=network event_count=21 peak_prefill=1 peak_decode=5 minimum_link_headroom_mb_s=-99.232024 peak_memory_gb=32.31454
  trial scenario=graded partition_id=random_04 partition=10-9-12-7-14-6-11-11 lambda=0.016 safe=False first_violation=network event_count=21 peak_prefill=1 peak_decode=5 minimum_link_headroom_mb_s=-99.232024 peak_memory_gb=32.31454
  trial scenario=graded partition_id=random_04 partition=10-9-12-7-14-6-11-11 lambda=0.0165 safe=False first_violation=network event_count=20 peak_prefill=1 peak_decode=5 minimum_link_headroom_mb_s=-99.053051 peak_memory_gb=32.31454
  trial scenario=graded partition_id=random_04 partition=10-9-12-7-14-6-11-11 lambda=0.017 safe=False first_violation=network event_count=20 peak_prefill=1 peak_decode=5 minimum_link_headroom_mb_s=-99.053051 peak_memory_gb=32.31454
  trial scenario=graded partition_id=random_04 partition=10-9-12-7-14-6-11-11 lambda=0.0175 safe=False first_violation=network event_count=19 peak_prefill=1 peak_decode=5 minimum_link_headroom_mb_s=-98.866396 peak_memory_gb=32.31454
  trial scenario=graded partition_id=random_04 partition=10-9-12-7-14-6-11-11 lambda=0.018 safe=False first_violation=network event_count=19 peak_prefill=1 peak_decode=5 minimum_link_headroom_mb_s=-98.866396 peak_memory_gb=32.30782
  trial scenario=graded partition_id=random_04 partition=10-9-12-7-14-6-11-11 lambda=0.0185 safe=False first_violation=network event_count=19 peak_prefill=1 peak_decode=5 minimum_link_headroom_mb_s=-98.866396 peak_memory_gb=32.30782
  trial scenario=graded partition_id=random_04 partition=10-9-12-7-14-6-11-11 lambda=0.019 safe=False first_violation=network event_count=19 peak_prefill=1 peak_decode=5 minimum_link_headroom_mb_s=-98.866396 peak_memory_gb=32.30782
  trial scenario=graded partition_id=random_04 partition=10-9-12-7-14-6-11-11 lambda=0.0195 safe=False first_violation=network event_count=19 peak_prefill=1 peak_decode=5 minimum_link_headroom_mb_s=-98.866396 peak_memory_gb=32.30782
  trial scenario=graded partition_id=random_04 partition=10-9-12-7-14-6-11-11 lambda=0.02 safe=False first_violation=network event_count=18 peak_prefill=1 peak_decode=5 minimum_link_headroom_mb_s=-98.69885 peak_memory_gb=32.3011
  trial scenario=graded partition_id=random_04 partition=10-9-12-7-14-6-11-11 lambda=0.0205 safe=False first_violation=network event_count=18 peak_prefill=1 peak_decode=5 minimum_link_headroom_mb_s=-98.69885 peak_memory_gb=32.3011
  trial scenario=graded partition_id=random_04 partition=10-9-12-7-14-6-11-11 lambda=0.021 safe=False first_violation=network event_count=18 peak_prefill=1 peak_decode=5 minimum_link_headroom_mb_s=-98.69885 peak_memory_gb=32.3011
  trial scenario=graded partition_id=random_04 partition=10-9-12-7-14-6-11-11 lambda=0.0215 safe=False first_violation=network event_count=18 peak_prefill=1 peak_decode=5 minimum_link_headroom_mb_s=-98.69885 peak_memory_gb=32.3011
  trial scenario=graded partition_id=random_04 partition=10-9-12-7-14-6-11-11 lambda=0.022 safe=False first_violation=network event_count=17 peak_prefill=1 peak_decode=5 minimum_link_headroom_mb_s=-98.520117 peak_memory_gb=32.3011
  random_04          partition=[10, 9, 12, 7, 14, 6, 11, 11] safe=0.006 unsafe=0.0065 violation=network monotonic=True
  trial scenario=graded partition_id=random_05 partition=10-5-14-10-7-10-12-12 lambda=0.006 safe=True first_violation=None event_count=204 peak_prefill=1 peak_decode=5 minimum_link_headroom_mb_s=145.994924 peak_memory_gb=32.63836
  trial scenario=graded partition_id=random_05 partition=10-5-14-10-7-10-12-12 lambda=0.0065 safe=False first_violation=network event_count=162 peak_prefill=1 peak_decode=5 minimum_link_headroom_mb_s=-159.593373 peak_memory_gb=33.16378
  trial scenario=graded partition_id=random_05 partition=10-5-14-10-7-10-12-12 lambda=0.007 safe=False first_violation=network event_count=160 peak_prefill=1 peak_decode=5 minimum_link_headroom_mb_s=-159.179045 peak_memory_gb=33.15706
  trial scenario=graded partition_id=random_05 partition=10-5-14-10-7-10-12-12 lambda=0.0075 safe=False first_violation=network event_count=158 peak_prefill=1 peak_decode=5 minimum_link_headroom_mb_s=-158.765642 peak_memory_gb=33.15034
  trial scenario=graded partition_id=random_05 partition=10-5-14-10-7-10-12-12 lambda=0.008 safe=False first_violation=network event_count=110 peak_prefill=1 peak_decode=5 minimum_link_headroom_mb_s=-127.178012 peak_memory_gb=31.8643
  trial scenario=graded partition_id=random_05 partition=10-5-14-10-7-10-12-12 lambda=0.0085 safe=False first_violation=network event_count=98 peak_prefill=1 peak_decode=5 minimum_link_headroom_mb_s=-134.254427 peak_memory_gb=31.85086
  trial scenario=graded partition_id=random_05 partition=10-5-14-10-7-10-12-12 lambda=0.009 safe=False first_violation=network event_count=69 peak_prefill=1 peak_decode=5 minimum_link_headroom_mb_s=-113.454181 peak_memory_gb=31.68286
  trial scenario=graded partition_id=random_05 partition=10-5-14-10-7-10-12-12 lambda=0.0095 safe=False first_violation=network event_count=69 peak_prefill=1 peak_decode=5 minimum_link_headroom_mb_s=-113.454181 peak_memory_gb=32.34814
  trial scenario=graded partition_id=random_05 partition=10-5-14-10-7-10-12-12 lambda=0.01 safe=False first_violation=network event_count=68 peak_prefill=1 peak_decode=5 minimum_link_headroom_mb_s=-113.270757 peak_memory_gb=32.34814
  trial scenario=graded partition_id=random_05 partition=10-5-14-10-7-10-12-12 lambda=0.0105 safe=False first_violation=network event_count=66 peak_prefill=1 peak_decode=5 minimum_link_headroom_mb_s=-112.881145 peak_memory_gb=32.34142
  trial scenario=graded partition_id=random_05 partition=10-5-14-10-7-10-12-12 lambda=0.011 safe=False first_violation=network event_count=66 peak_prefill=1 peak_decode=5 minimum_link_headroom_mb_s=-112.881145 peak_memory_gb=32.34142
  trial scenario=graded partition_id=random_05 partition=10-5-14-10-7-10-12-12 lambda=0.0115 safe=False first_violation=network event_count=66 peak_prefill=1 peak_decode=5 minimum_link_headroom_mb_s=-112.881145 peak_memory_gb=32.34142
  trial scenario=graded partition_id=random_05 partition=10-5-14-10-7-10-12-12 lambda=0.012 safe=False first_violation=network event_count=66 peak_prefill=1 peak_decode=5 minimum_link_headroom_mb_s=-112.881145 peak_memory_gb=32.34142
  trial scenario=graded partition_id=random_05 partition=10-5-14-10-7-10-12-12 lambda=0.0125 safe=False first_violation=network event_count=23 peak_prefill=1 peak_decode=5 minimum_link_headroom_mb_s=-149.161226 peak_memory_gb=32.3347
  trial scenario=graded partition_id=random_05 partition=10-5-14-10-7-10-12-12 lambda=0.013 safe=False first_violation=network event_count=21 peak_prefill=1 peak_decode=5 minimum_link_headroom_mb_s=-148.781651 peak_memory_gb=32.32798
  trial scenario=graded partition_id=random_05 partition=10-5-14-10-7-10-12-12 lambda=0.0135 safe=False first_violation=network event_count=21 peak_prefill=1 peak_decode=5 minimum_link_headroom_mb_s=-148.781651 peak_memory_gb=32.31454
  trial scenario=graded partition_id=random_05 partition=10-5-14-10-7-10-12-12 lambda=0.014 safe=False first_violation=network event_count=21 peak_prefill=1 peak_decode=5 minimum_link_headroom_mb_s=-148.781651 peak_memory_gb=32.31454
  trial scenario=graded partition_id=random_05 partition=10-5-14-10-7-10-12-12 lambda=0.0145 safe=False first_violation=network event_count=21 peak_prefill=1 peak_decode=5 minimum_link_headroom_mb_s=-148.781651 peak_memory_gb=32.31454
  trial scenario=graded partition_id=random_05 partition=10-5-14-10-7-10-12-12 lambda=0.015 safe=False first_violation=network event_count=21 peak_prefill=1 peak_decode=5 minimum_link_headroom_mb_s=-148.781651 peak_memory_gb=32.31454
  trial scenario=graded partition_id=random_05 partition=10-5-14-10-7-10-12-12 lambda=0.0155 safe=False first_violation=network event_count=21 peak_prefill=1 peak_decode=5 minimum_link_headroom_mb_s=-148.781651 peak_memory_gb=32.31454
  trial scenario=graded partition_id=random_05 partition=10-5-14-10-7-10-12-12 lambda=0.016 safe=False first_violation=network event_count=21 peak_prefill=1 peak_decode=5 minimum_link_headroom_mb_s=-148.781651 peak_memory_gb=32.31454
  trial scenario=graded partition_id=random_05 partition=10-5-14-10-7-10-12-12 lambda=0.0165 safe=False first_violation=network event_count=20 peak_prefill=1 peak_decode=5 minimum_link_headroom_mb_s=-148.585526 peak_memory_gb=32.31454
  trial scenario=graded partition_id=random_05 partition=10-5-14-10-7-10-12-12 lambda=0.017 safe=False first_violation=network event_count=19 peak_prefill=1 peak_decode=5 minimum_link_headroom_mb_s=-148.380485 peak_memory_gb=32.31454
  trial scenario=graded partition_id=random_05 partition=10-5-14-10-7-10-12-12 lambda=0.0175 safe=False first_violation=network event_count=19 peak_prefill=1 peak_decode=5 minimum_link_headroom_mb_s=-148.380485 peak_memory_gb=32.31454
  trial scenario=graded partition_id=random_05 partition=10-5-14-10-7-10-12-12 lambda=0.018 safe=False first_violation=network event_count=19 peak_prefill=1 peak_decode=5 minimum_link_headroom_mb_s=-148.380485 peak_memory_gb=32.30782
  trial scenario=graded partition_id=random_05 partition=10-5-14-10-7-10-12-12 lambda=0.0185 safe=False first_violation=network event_count=19 peak_prefill=1 peak_decode=5 minimum_link_headroom_mb_s=-148.380485 peak_memory_gb=32.30782
  trial scenario=graded partition_id=random_05 partition=10-5-14-10-7-10-12-12 lambda=0.019 safe=False first_violation=network event_count=19 peak_prefill=1 peak_decode=5 minimum_link_headroom_mb_s=-148.380485 peak_memory_gb=32.30782
  trial scenario=graded partition_id=random_05 partition=10-5-14-10-7-10-12-12 lambda=0.0195 safe=False first_violation=network event_count=18 peak_prefill=1 peak_decode=5 minimum_link_headroom_mb_s=-148.197563 peak_memory_gb=32.3011
  trial scenario=graded partition_id=random_05 partition=10-5-14-10-7-10-12-12 lambda=0.02 safe=False first_violation=network event_count=18 peak_prefill=1 peak_decode=5 minimum_link_headroom_mb_s=-148.197563 peak_memory_gb=32.3011
  trial scenario=graded partition_id=random_05 partition=10-5-14-10-7-10-12-12 lambda=0.0205 safe=False first_violation=network event_count=18 peak_prefill=1 peak_decode=5 minimum_link_headroom_mb_s=-148.197563 peak_memory_gb=32.3011
  trial scenario=graded partition_id=random_05 partition=10-5-14-10-7-10-12-12 lambda=0.021 safe=False first_violation=network event_count=18 peak_prefill=1 peak_decode=5 minimum_link_headroom_mb_s=-148.197563 peak_memory_gb=32.3011
  trial scenario=graded partition_id=random_05 partition=10-5-14-10-7-10-12-12 lambda=0.0215 safe=False first_violation=network event_count=17 peak_prefill=1 peak_decode=5 minimum_link_headroom_mb_s=-148.001716 peak_memory_gb=32.3011
  trial scenario=graded partition_id=random_05 partition=10-5-14-10-7-10-12-12 lambda=0.022 safe=False first_violation=network event_count=17 peak_prefill=1 peak_decode=5 minimum_link_headroom_mb_s=-148.001716 peak_memory_gb=32.3011
  random_05          partition=[10, 5, 14, 10, 7, 10, 12, 12] safe=0.006 unsafe=0.0065 violation=network monotonic=True
  trial scenario=graded partition_id=random_06 partition=8-13-10-11-12-10-6-10 lambda=0.006 safe=True first_violation=None event_count=204 peak_prefill=1 peak_decode=5 minimum_link_headroom_mb_s=224.478051 peak_memory_gb=30.74186
  trial scenario=graded partition_id=random_06 partition=8-13-10-11-12-10-6-10 lambda=0.0065 safe=True first_violation=None event_count=204 peak_prefill=1 peak_decode=5 minimum_link_headroom_mb_s=224.918401 peak_memory_gb=31.11119
  trial scenario=graded partition_id=random_06 partition=8-13-10-11-12-10-6-10 lambda=0.007 safe=False first_violation=network event_count=162 peak_prefill=1 peak_decode=5 minimum_link_headroom_mb_s=-55.81809 peak_memory_gb=31.22351
  trial scenario=graded partition_id=random_06 partition=8-13-10-11-12-10-6-10 lambda=0.0075 safe=False first_violation=network event_count=160 peak_prefill=1 peak_decode=5 minimum_link_headroom_mb_s=-55.478748 peak_memory_gb=31.21727
  trial scenario=graded partition_id=random_06 partition=8-13-10-11-12-10-6-10 lambda=0.008 safe=False first_violation=network event_count=110 peak_prefill=1 peak_decode=5 minimum_link_headroom_mb_s=-29.039178 peak_memory_gb=30.01685
  trial scenario=graded partition_id=random_06 partition=8-13-10-11-12-10-6-10 lambda=0.0085 safe=False first_violation=network event_count=109 peak_prefill=1 peak_decode=5 minimum_link_headroom_mb_s=-28.863152 peak_memory_gb=30.01685
  trial scenario=graded partition_id=random_06 partition=8-13-10-11-12-10-6-10 lambda=0.009 safe=False first_violation=network event_count=97 peak_prefill=1 peak_decode=5 minimum_link_headroom_mb_s=-34.719701 peak_memory_gb=29.99813
  trial scenario=graded partition_id=random_06 partition=8-13-10-11-12-10-6-10 lambda=0.0095 safe=False first_violation=network event_count=69 peak_prefill=1 peak_decode=5 minimum_link_headroom_mb_s=-17.830388 peak_memory_gb=29.84837
  trial scenario=graded partition_id=random_06 partition=8-13-10-11-12-10-6-10 lambda=0.01 safe=False first_violation=network event_count=69 peak_prefill=1 peak_decode=5 minimum_link_headroom_mb_s=-17.830388 peak_memory_gb=30.46613
  trial scenario=graded partition_id=random_06 partition=8-13-10-11-12-10-6-10 lambda=0.0105 safe=False first_violation=network event_count=68 peak_prefill=1 peak_decode=5 minimum_link_headroom_mb_s=-17.678094 peak_memory_gb=30.46613
  trial scenario=graded partition_id=random_06 partition=8-13-10-11-12-10-6-10 lambda=0.011 safe=False first_violation=network event_count=66 peak_prefill=1 peak_decode=5 minimum_link_headroom_mb_s=-17.356808 peak_memory_gb=30.45989
  trial scenario=graded partition_id=random_06 partition=8-13-10-11-12-10-6-10 lambda=0.0115 safe=False first_violation=network event_count=66 peak_prefill=1 peak_decode=5 minimum_link_headroom_mb_s=-17.356808 peak_memory_gb=30.45989
  trial scenario=graded partition_id=random_06 partition=8-13-10-11-12-10-6-10 lambda=0.012 safe=False first_violation=network event_count=66 peak_prefill=1 peak_decode=5 minimum_link_headroom_mb_s=-17.356808 peak_memory_gb=30.45989
  trial scenario=graded partition_id=random_06 partition=8-13-10-11-12-10-6-10 lambda=0.0125 safe=False first_violation=network event_count=66 peak_prefill=1 peak_decode=5 minimum_link_headroom_mb_s=-17.356808 peak_memory_gb=30.45989
  trial scenario=graded partition_id=random_06 partition=8-13-10-11-12-10-6-10 lambda=0.013 safe=False first_violation=network event_count=23 peak_prefill=1 peak_decode=5 minimum_link_headroom_mb_s=-47.190649 peak_memory_gb=30.45989
  trial scenario=graded partition_id=random_06 partition=8-13-10-11-12-10-6-10 lambda=0.0135 safe=False first_violation=network event_count=22 peak_prefill=1 peak_decode=5 minimum_link_headroom_mb_s=-47.028797 peak_memory_gb=30.44741
  trial scenario=graded partition_id=random_06 partition=8-13-10-11-12-10-6-10 lambda=0.014 safe=False first_violation=network event_count=21 peak_prefill=1 peak_decode=5 minimum_link_headroom_mb_s=-46.876689 peak_memory_gb=30.43493
  trial scenario=graded partition_id=random_06 partition=8-13-10-11-12-10-6-10 lambda=0.0145 safe=False first_violation=network event_count=21 peak_prefill=1 peak_decode=5 minimum_link_headroom_mb_s=-46.876689 peak_memory_gb=30.43493
  trial scenario=graded partition_id=random_06 partition=8-13-10-11-12-10-6-10 lambda=0.015 safe=False first_violation=network event_count=21 peak_prefill=1 peak_decode=5 minimum_link_headroom_mb_s=-46.876689 peak_memory_gb=30.43493
  trial scenario=graded partition_id=random_06 partition=8-13-10-11-12-10-6-10 lambda=0.0155 safe=False first_violation=network event_count=21 peak_prefill=1 peak_decode=5 minimum_link_headroom_mb_s=-46.876689 peak_memory_gb=30.43493
  trial scenario=graded partition_id=random_06 partition=8-13-10-11-12-10-6-10 lambda=0.016 safe=False first_violation=network event_count=21 peak_prefill=1 peak_decode=5 minimum_link_headroom_mb_s=-46.876689 peak_memory_gb=30.43493
  trial scenario=graded partition_id=random_06 partition=8-13-10-11-12-10-6-10 lambda=0.0165 safe=False first_violation=network event_count=21 peak_prefill=1 peak_decode=5 minimum_link_headroom_mb_s=-46.876689 peak_memory_gb=30.43493
  trial scenario=graded partition_id=random_06 partition=8-13-10-11-12-10-6-10 lambda=0.017 safe=False first_violation=network event_count=20 peak_prefill=1 peak_decode=5 minimum_link_headroom_mb_s=-46.715041 peak_memory_gb=30.43493
  trial scenario=graded partition_id=random_06 partition=8-13-10-11-12-10-6-10 lambda=0.0175 safe=False first_violation=network event_count=19 peak_prefill=1 peak_decode=5 minimum_link_headroom_mb_s=-46.546887 peak_memory_gb=30.43493
  trial scenario=graded partition_id=random_06 partition=8-13-10-11-12-10-6-10 lambda=0.018 safe=False first_violation=network event_count=19 peak_prefill=1 peak_decode=5 minimum_link_headroom_mb_s=-46.546887 peak_memory_gb=30.43493
  trial scenario=graded partition_id=random_06 partition=8-13-10-11-12-10-6-10 lambda=0.0185 safe=False first_violation=network event_count=19 peak_prefill=1 peak_decode=5 minimum_link_headroom_mb_s=-46.546887 peak_memory_gb=30.42869
  trial scenario=graded partition_id=random_06 partition=8-13-10-11-12-10-6-10 lambda=0.019 safe=False first_violation=network event_count=19 peak_prefill=1 peak_decode=5 minimum_link_headroom_mb_s=-46.546887 peak_memory_gb=30.42869
  trial scenario=graded partition_id=random_06 partition=8-13-10-11-12-10-6-10 lambda=0.0195 safe=False first_violation=network event_count=19 peak_prefill=1 peak_decode=5 minimum_link_headroom_mb_s=-46.546887 peak_memory_gb=30.42869
  trial scenario=graded partition_id=random_06 partition=8-13-10-11-12-10-6-10 lambda=0.02 safe=False first_violation=network event_count=19 peak_prefill=1 peak_decode=5 minimum_link_headroom_mb_s=-46.546887 peak_memory_gb=30.42869
  trial scenario=graded partition_id=random_06 partition=8-13-10-11-12-10-6-10 lambda=0.0205 safe=False first_violation=network event_count=18 peak_prefill=1 peak_decode=5 minimum_link_headroom_mb_s=-46.394964 peak_memory_gb=30.42245
  trial scenario=graded partition_id=random_06 partition=8-13-10-11-12-10-6-10 lambda=0.021 safe=False first_violation=network event_count=18 peak_prefill=1 peak_decode=5 minimum_link_headroom_mb_s=-46.394964 peak_memory_gb=30.42245
  trial scenario=graded partition_id=random_06 partition=8-13-10-11-12-10-6-10 lambda=0.0215 safe=False first_violation=network event_count=18 peak_prefill=1 peak_decode=5 minimum_link_headroom_mb_s=-46.394964 peak_memory_gb=30.42245
  trial scenario=graded partition_id=random_06 partition=8-13-10-11-12-10-6-10 lambda=0.022 safe=False first_violation=network event_count=18 peak_prefill=1 peak_decode=5 minimum_link_headroom_mb_s=-46.394964 peak_memory_gb=30.42245
  random_06          partition=[8, 13, 10, 11, 12, 10, 6, 10] safe=0.0065 unsafe=0.007 violation=network monotonic=True
  trial scenario=graded partition_id=random_07 partition=10-9-9-9-15-13-8-7 lambda=0.006 safe=True first_violation=None event_count=204 peak_prefill=1 peak_decode=5 minimum_link_headroom_mb_s=219.981334 peak_memory_gb=34.5483
  trial scenario=graded partition_id=random_07 partition=10-9-9-9-15-13-8-7 lambda=0.0065 safe=True first_violation=None event_count=204 peak_prefill=1 peak_decode=5 minimum_link_headroom_mb_s=220.430016 peak_memory_gb=34.97445
  trial scenario=graded partition_id=random_07 partition=10-9-9-9-15-13-8-7 lambda=0.007 safe=False first_violation=network event_count=162 peak_prefill=1 peak_decode=5 minimum_link_headroom_mb_s=-61.736093 peak_memory_gb=35.10405
  trial scenario=graded partition_id=random_07 partition=10-9-9-9-15-13-8-7 lambda=0.0075 safe=False first_violation=network event_count=160 peak_prefill=1 peak_decode=5 minimum_link_headroom_mb_s=-61.392673 peak_memory_gb=35.09685
  trial scenario=graded partition_id=random_07 partition=10-9-9-9-15-13-8-7 lambda=0.008 safe=False first_violation=network event_count=110 peak_prefill=1 peak_decode=5 minimum_link_headroom_mb_s=-34.649276 peak_memory_gb=33.71175
  trial scenario=graded partition_id=random_07 partition=10-9-9-9-15-13-8-7 lambda=0.0085 safe=False first_violation=network event_count=108 peak_prefill=1 peak_decode=5 minimum_link_headroom_mb_s=-34.315745 peak_memory_gb=33.71175
  trial scenario=graded partition_id=random_07 partition=10-9-9-9-15-13-8-7 lambda=0.009 safe=False first_violation=network event_count=70 peak_prefill=1 peak_decode=5 minimum_link_headroom_mb_s=-23.474351 peak_memory_gb=33.52455
  trial scenario=graded partition_id=random_07 partition=10-9-9-9-15-13-8-7 lambda=0.0095 safe=False first_violation=network event_count=69 peak_prefill=1 peak_decode=5 minimum_link_headroom_mb_s=-23.303304 peak_memory_gb=33.51735
  trial scenario=graded partition_id=random_07 partition=10-9-9-9-15-13-8-7 lambda=0.01 safe=False first_violation=network event_count=69 peak_prefill=1 peak_decode=5 minimum_link_headroom_mb_s=-23.303304 peak_memory_gb=34.23015
  trial scenario=graded partition_id=random_07 partition=10-9-9-9-15-13-8-7 lambda=0.0105 safe=False first_violation=network event_count=68 peak_prefill=1 peak_decode=5 minimum_link_headroom_mb_s=-23.149299 peak_memory_gb=34.23015
  trial scenario=graded partition_id=random_07 partition=10-9-9-9-15-13-8-7 lambda=0.011 safe=False first_violation=network event_count=66 peak_prefill=1 peak_decode=5 minimum_link_headroom_mb_s=-22.824279 peak_memory_gb=34.22295
  trial scenario=graded partition_id=random_07 partition=10-9-9-9-15-13-8-7 lambda=0.0115 safe=False first_violation=network event_count=66 peak_prefill=1 peak_decode=5 minimum_link_headroom_mb_s=-22.824279 peak_memory_gb=34.22295
  trial scenario=graded partition_id=random_07 partition=10-9-9-9-15-13-8-7 lambda=0.012 safe=False first_violation=network event_count=66 peak_prefill=1 peak_decode=5 minimum_link_headroom_mb_s=-22.824279 peak_memory_gb=34.22295
  trial scenario=graded partition_id=random_07 partition=10-9-9-9-15-13-8-7 lambda=0.0125 safe=False first_violation=network event_count=66 peak_prefill=1 peak_decode=5 minimum_link_headroom_mb_s=-22.824279 peak_memory_gb=34.22295
  trial scenario=graded partition_id=random_07 partition=10-9-9-9-15-13-8-7 lambda=0.013 safe=False first_violation=network event_count=23 peak_prefill=1 peak_decode=5 minimum_link_headroom_mb_s=-53.010523 peak_memory_gb=34.21575
  trial scenario=graded partition_id=random_07 partition=10-9-9-9-15-13-8-7 lambda=0.0135 safe=False first_violation=network event_count=22 peak_prefill=1 peak_decode=5 minimum_link_headroom_mb_s=-52.846783 peak_memory_gb=34.20855
  trial scenario=graded partition_id=random_07 partition=10-9-9-9-15-13-8-7 lambda=0.014 safe=False first_violation=network event_count=21 peak_prefill=1 peak_decode=5 minimum_link_headroom_mb_s=-52.692968 peak_memory_gb=34.19415
  trial scenario=graded partition_id=random_07 partition=10-9-9-9-15-13-8-7 lambda=0.0145 safe=False first_violation=network event_count=21 peak_prefill=1 peak_decode=5 minimum_link_headroom_mb_s=-52.692968 peak_memory_gb=34.19415
  trial scenario=graded partition_id=random_07 partition=10-9-9-9-15-13-8-7 lambda=0.015 safe=False first_violation=network event_count=21 peak_prefill=1 peak_decode=5 minimum_link_headroom_mb_s=-52.692968 peak_memory_gb=34.19415
  trial scenario=graded partition_id=random_07 partition=10-9-9-9-15-13-8-7 lambda=0.0155 safe=False first_violation=network event_count=21 peak_prefill=1 peak_decode=5 minimum_link_headroom_mb_s=-52.692968 peak_memory_gb=34.19415
  trial scenario=graded partition_id=random_07 partition=10-9-9-9-15-13-8-7 lambda=0.016 safe=False first_violation=network event_count=21 peak_prefill=1 peak_decode=5 minimum_link_headroom_mb_s=-52.692968 peak_memory_gb=34.19415
  trial scenario=graded partition_id=random_07 partition=10-9-9-9-15-13-8-7 lambda=0.0165 safe=False first_violation=network event_count=21 peak_prefill=1 peak_decode=5 minimum_link_headroom_mb_s=-52.692968 peak_memory_gb=34.19415
  trial scenario=graded partition_id=random_07 partition=10-9-9-9-15-13-8-7 lambda=0.017 safe=False first_violation=network event_count=20 peak_prefill=1 peak_decode=5 minimum_link_headroom_mb_s=-52.529436 peak_memory_gb=34.19415
  trial scenario=graded partition_id=random_07 partition=10-9-9-9-15-13-8-7 lambda=0.0175 safe=False first_violation=network event_count=19 peak_prefill=1 peak_decode=5 minimum_link_headroom_mb_s=-52.359273 peak_memory_gb=34.19415
  trial scenario=graded partition_id=random_07 partition=10-9-9-9-15-13-8-7 lambda=0.018 safe=False first_violation=network event_count=19 peak_prefill=1 peak_decode=5 minimum_link_headroom_mb_s=-52.359273 peak_memory_gb=34.19415
  trial scenario=graded partition_id=random_07 partition=10-9-9-9-15-13-8-7 lambda=0.0185 safe=False first_violation=network event_count=19 peak_prefill=1 peak_decode=5 minimum_link_headroom_mb_s=-52.359273 peak_memory_gb=34.18695
  trial scenario=graded partition_id=random_07 partition=10-9-9-9-15-13-8-7 lambda=0.019 safe=False first_violation=network event_count=19 peak_prefill=1 peak_decode=5 minimum_link_headroom_mb_s=-52.359273 peak_memory_gb=34.18695
  trial scenario=graded partition_id=random_07 partition=10-9-9-9-15-13-8-7 lambda=0.0195 safe=False first_violation=network event_count=19 peak_prefill=1 peak_decode=5 minimum_link_headroom_mb_s=-52.359273 peak_memory_gb=34.18695
  trial scenario=graded partition_id=random_07 partition=10-9-9-9-15-13-8-7 lambda=0.02 safe=False first_violation=network event_count=19 peak_prefill=1 peak_decode=5 minimum_link_headroom_mb_s=-52.359273 peak_memory_gb=34.18695
  trial scenario=graded partition_id=random_07 partition=10-9-9-9-15-13-8-7 lambda=0.0205 safe=False first_violation=network event_count=18 peak_prefill=1 peak_decode=5 minimum_link_headroom_mb_s=-52.205647 peak_memory_gb=34.17975
  trial scenario=graded partition_id=random_07 partition=10-9-9-9-15-13-8-7 lambda=0.021 safe=False first_violation=network event_count=18 peak_prefill=1 peak_decode=5 minimum_link_headroom_mb_s=-52.205647 peak_memory_gb=34.17975
  trial scenario=graded partition_id=random_07 partition=10-9-9-9-15-13-8-7 lambda=0.0215 safe=False first_violation=network event_count=18 peak_prefill=1 peak_decode=5 minimum_link_headroom_mb_s=-52.205647 peak_memory_gb=34.17975
  trial scenario=graded partition_id=random_07 partition=10-9-9-9-15-13-8-7 lambda=0.022 safe=False first_violation=network event_count=18 peak_prefill=1 peak_decode=5 minimum_link_headroom_mb_s=-52.205647 peak_memory_gb=34.17975
  random_07          partition=[10, 9, 9, 9, 15, 13, 8, 7] safe=0.0065 unsafe=0.007 violation=network monotonic=True
  trial scenario=graded partition_id=random_08 partition=12-10-8-15-9-10-5-11 lambda=0.006 safe=True first_violation=None event_count=204 peak_prefill=1 peak_decode=5 minimum_link_headroom_mb_s=230.807838 peak_memory_gb=34.5483
  trial scenario=graded partition_id=random_08 partition=12-10-8-15-9-10-5-11 lambda=0.0065 safe=True first_violation=None event_count=204 peak_prefill=1 peak_decode=5 minimum_link_headroom_mb_s=231.236536 peak_memory_gb=34.97445
  trial scenario=graded partition_id=random_08 partition=12-10-8-15-9-10-5-11 lambda=0.007 safe=False first_violation=network event_count=162 peak_prefill=1 peak_decode=5 minimum_link_headroom_mb_s=-47.49046 peak_memory_gb=35.10405
  trial scenario=graded partition_id=random_08 partition=12-10-8-15-9-10-5-11 lambda=0.0075 safe=False first_violation=network event_count=160 peak_prefill=1 peak_decode=5 minimum_link_headroom_mb_s=-47.156817 peak_memory_gb=35.09685
  trial scenario=graded partition_id=random_08 partition=12-10-8-15-9-10-5-11 lambda=0.008 safe=False first_violation=network event_count=111 peak_prefill=1 peak_decode=5 minimum_link_headroom_mb_s=-21.292128 peak_memory_gb=33.71175
  trial scenario=graded partition_id=random_08 partition=12-10-8-15-9-10-5-11 lambda=0.0085 safe=False first_violation=network event_count=109 peak_prefill=1 peak_decode=5 minimum_link_headroom_mb_s=-20.969039 peak_memory_gb=33.71175
  trial scenario=graded partition_id=random_08 partition=12-10-8-15-9-10-5-11 lambda=0.009 safe=False first_violation=network event_count=97 peak_prefill=1 peak_decode=5 minimum_link_headroom_mb_s=-26.730333 peak_memory_gb=33.69015
  trial scenario=graded partition_id=random_08 partition=12-10-8-15-9-10-5-11 lambda=0.0095 safe=False first_violation=network event_count=69 peak_prefill=1 peak_decode=5 minimum_link_headroom_mb_s=-10.125012 peak_memory_gb=33.51735
  trial scenario=graded partition_id=random_08 partition=12-10-8-15-9-10-5-11 lambda=0.01 safe=False first_violation=network event_count=69 peak_prefill=1 peak_decode=5 minimum_link_headroom_mb_s=-10.125012 peak_memory_gb=34.23015
  trial scenario=graded partition_id=random_08 partition=12-10-8-15-9-10-5-11 lambda=0.0105 safe=False first_violation=network event_count=68 peak_prefill=1 peak_decode=5 minimum_link_headroom_mb_s=-9.975111 peak_memory_gb=34.23015
  trial scenario=graded partition_id=random_08 partition=12-10-8-15-9-10-5-11 lambda=0.011 safe=False first_violation=network event_count=66 peak_prefill=1 peak_decode=5 minimum_link_headroom_mb_s=-9.659048 peak_memory_gb=34.22295
  trial scenario=graded partition_id=random_08 partition=12-10-8-15-9-10-5-11 lambda=0.0115 safe=False first_violation=network event_count=66 peak_prefill=1 peak_decode=5 minimum_link_headroom_mb_s=-9.659048 peak_memory_gb=34.22295
  trial scenario=graded partition_id=random_08 partition=12-10-8-15-9-10-5-11 lambda=0.012 safe=False first_violation=network event_count=66 peak_prefill=1 peak_decode=5 minimum_link_headroom_mb_s=-9.659048 peak_memory_gb=34.22295
  trial scenario=graded partition_id=random_08 partition=12-10-8-15-9-10-5-11 lambda=0.0125 safe=False first_violation=network event_count=66 peak_prefill=1 peak_decode=5 minimum_link_headroom_mb_s=-9.659048 peak_memory_gb=34.22295
  trial scenario=graded partition_id=random_08 partition=12-10-8-15-9-10-5-11 lambda=0.013 safe=False first_violation=network event_count=23 peak_prefill=1 peak_decode=5 minimum_link_headroom_mb_s=-39.000127 peak_memory_gb=34.22295
  trial scenario=graded partition_id=random_08 partition=12-10-8-15-9-10-5-11 lambda=0.0135 safe=False first_violation=network event_count=23 peak_prefill=1 peak_decode=5 minimum_link_headroom_mb_s=-39.000127 peak_memory_gb=34.21575
  trial scenario=graded partition_id=random_08 partition=12-10-8-15-9-10-5-11 lambda=0.014 safe=False first_violation=network event_count=21 peak_prefill=1 peak_decode=5 minimum_link_headroom_mb_s=-38.691195 peak_memory_gb=34.19415
  trial scenario=graded partition_id=random_08 partition=12-10-8-15-9-10-5-11 lambda=0.0145 safe=False first_violation=network event_count=21 peak_prefill=1 peak_decode=5 minimum_link_headroom_mb_s=-38.691195 peak_memory_gb=34.19415
  trial scenario=graded partition_id=random_08 partition=12-10-8-15-9-10-5-11 lambda=0.015 safe=False first_violation=network event_count=21 peak_prefill=1 peak_decode=5 minimum_link_headroom_mb_s=-38.691195 peak_memory_gb=34.19415
  trial scenario=graded partition_id=random_08 partition=12-10-8-15-9-10-5-11 lambda=0.0155 safe=False first_violation=network event_count=21 peak_prefill=1 peak_decode=5 minimum_link_headroom_mb_s=-38.691195 peak_memory_gb=34.19415
  trial scenario=graded partition_id=random_08 partition=12-10-8-15-9-10-5-11 lambda=0.016 safe=False first_violation=network event_count=21 peak_prefill=1 peak_decode=5 minimum_link_headroom_mb_s=-38.691195 peak_memory_gb=34.19415
  trial scenario=graded partition_id=random_08 partition=12-10-8-15-9-10-5-11 lambda=0.0165 safe=False first_violation=network event_count=21 peak_prefill=1 peak_decode=5 minimum_link_headroom_mb_s=-38.691195 peak_memory_gb=34.19415
  trial scenario=graded partition_id=random_08 partition=12-10-8-15-9-10-5-11 lambda=0.017 safe=False first_violation=network event_count=20 peak_prefill=1 peak_decode=5 minimum_link_headroom_mb_s=-38.532182 peak_memory_gb=34.19415
  trial scenario=graded partition_id=random_08 partition=12-10-8-15-9-10-5-11 lambda=0.0175 safe=False first_violation=network event_count=20 peak_prefill=1 peak_decode=5 minimum_link_headroom_mb_s=-38.532182 peak_memory_gb=34.19415
  trial scenario=graded partition_id=random_08 partition=12-10-8-15-9-10-5-11 lambda=0.018 safe=False first_violation=network event_count=19 peak_prefill=1 peak_decode=5 minimum_link_headroom_mb_s=-38.366835 peak_memory_gb=34.19415
  trial scenario=graded partition_id=random_08 partition=12-10-8-15-9-10-5-11 lambda=0.0185 safe=False first_violation=network event_count=19 peak_prefill=1 peak_decode=5 minimum_link_headroom_mb_s=-38.366835 peak_memory_gb=34.18695
  trial scenario=graded partition_id=random_08 partition=12-10-8-15-9-10-5-11 lambda=0.019 safe=False first_violation=network event_count=19 peak_prefill=1 peak_decode=5 minimum_link_headroom_mb_s=-38.366835 peak_memory_gb=34.18695
  trial scenario=graded partition_id=random_08 partition=12-10-8-15-9-10-5-11 lambda=0.0195 safe=False first_violation=network event_count=19 peak_prefill=1 peak_decode=5 minimum_link_headroom_mb_s=-38.366835 peak_memory_gb=34.18695
  trial scenario=graded partition_id=random_08 partition=12-10-8-15-9-10-5-11 lambda=0.02 safe=False first_violation=network event_count=19 peak_prefill=1 peak_decode=5 minimum_link_headroom_mb_s=-38.366835 peak_memory_gb=34.18695
  trial scenario=graded partition_id=random_08 partition=12-10-8-15-9-10-5-11 lambda=0.0205 safe=False first_violation=network event_count=18 peak_prefill=1 peak_decode=5 minimum_link_headroom_mb_s=-38.217296 peak_memory_gb=34.17975
  trial scenario=graded partition_id=random_08 partition=12-10-8-15-9-10-5-11 lambda=0.021 safe=False first_violation=network event_count=18 peak_prefill=1 peak_decode=5 minimum_link_headroom_mb_s=-38.217296 peak_memory_gb=34.17975
  trial scenario=graded partition_id=random_08 partition=12-10-8-15-9-10-5-11 lambda=0.0215 safe=False first_violation=network event_count=18 peak_prefill=1 peak_decode=5 minimum_link_headroom_mb_s=-38.217296 peak_memory_gb=34.17975
  trial scenario=graded partition_id=random_08 partition=12-10-8-15-9-10-5-11 lambda=0.022 safe=False first_violation=network event_count=18 peak_prefill=1 peak_decode=5 minimum_link_headroom_mb_s=-38.217296 peak_memory_gb=34.17975
  random_08          partition=[12, 10, 8, 15, 9, 10, 5, 11] safe=0.0065 unsafe=0.007 violation=network monotonic=True
  trial scenario=graded partition_id=random_09 partition=10-9-9-11-12-11-9-9 lambda=0.006 safe=True first_violation=None event_count=204 peak_prefill=1 peak_decode=5 minimum_link_headroom_mb_s=202.097905 peak_memory_gb=28.83288
  trial scenario=graded partition_id=random_09 partition=10-9-9-11-12-11-9-9 lambda=0.0065 safe=False first_violation=network event_count=163 peak_prefill=1 peak_decode=5 minimum_link_headroom_mb_s=-85.663905 peak_memory_gb=29.0874
  trial scenario=graded partition_id=random_09 partition=10-9-9-11-12-11-9-9 lambda=0.007 safe=False first_violation=network event_count=162 peak_prefill=1 peak_decode=5 minimum_link_headroom_mb_s=-85.502951 peak_memory_gb=29.27748
  trial scenario=graded partition_id=random_09 partition=10-9-9-11-12-11-9-9 lambda=0.0075 safe=False first_violation=network event_count=160 peak_prefill=1 peak_decode=5 minimum_link_headroom_mb_s=-85.14291 peak_memory_gb=29.27748
  trial scenario=graded partition_id=random_09 partition=10-9-9-11-12-11-9-9 lambda=0.008 safe=False first_violation=network event_count=110 peak_prefill=1 peak_decode=5 minimum_link_headroom_mb_s=-57.163067 peak_memory_gb=28.1694
  trial scenario=graded partition_id=random_09 partition=10-9-9-11-12-11-9-9 lambda=0.0085 safe=False first_violation=network event_count=108 peak_prefill=1 peak_decode=5 minimum_link_headroom_mb_s=-56.813666 peak_memory_gb=28.1694
  trial scenario=graded partition_id=random_09 partition=10-9-9-11-12-11-9-9 lambda=0.009 safe=False first_violation=network event_count=70 peak_prefill=1 peak_decode=5 minimum_link_headroom_mb_s=-45.437853 peak_memory_gb=28.01964
  trial scenario=graded partition_id=random_09 partition=10-9-9-11-12-11-9-9 lambda=0.0095 safe=False first_violation=network event_count=69 peak_prefill=1 peak_decode=5 minimum_link_headroom_mb_s=-45.258554 peak_memory_gb=28.01388
  trial scenario=graded partition_id=random_09 partition=10-9-9-11-12-11-9-9 lambda=0.01 safe=False first_violation=network event_count=68 peak_prefill=1 peak_decode=5 minimum_link_headroom_mb_s=-45.0976 peak_memory_gb=28.58412
  trial scenario=graded partition_id=random_09 partition=10-9-9-11-12-11-9-9 lambda=0.0105 safe=False first_violation=network event_count=68 peak_prefill=1 peak_decode=5 minimum_link_headroom_mb_s=-45.0976 peak_memory_gb=28.58412
  trial scenario=graded partition_id=random_09 partition=10-9-9-11-12-11-9-9 lambda=0.011 safe=False first_violation=network event_count=66 peak_prefill=1 peak_decode=5 minimum_link_headroom_mb_s=-44.757383 peak_memory_gb=28.57836
  trial scenario=graded partition_id=random_09 partition=10-9-9-11-12-11-9-9 lambda=0.0115 safe=False first_violation=network event_count=66 peak_prefill=1 peak_decode=5 minimum_link_headroom_mb_s=-44.757383 peak_memory_gb=28.57836
  trial scenario=graded partition_id=random_09 partition=10-9-9-11-12-11-9-9 lambda=0.012 safe=False first_violation=network event_count=66 peak_prefill=1 peak_decode=5 minimum_link_headroom_mb_s=-44.757383 peak_memory_gb=28.57836
  trial scenario=graded partition_id=random_09 partition=10-9-9-11-12-11-9-9 lambda=0.0125 safe=False first_violation=network event_count=57 peak_prefill=1 peak_decode=5 minimum_link_headroom_mb_s=-60.972991 peak_memory_gb=28.57836
  trial scenario=graded partition_id=random_09 partition=10-9-9-11-12-11-9-9 lambda=0.013 safe=False first_violation=network event_count=23 peak_prefill=1 peak_decode=5 minimum_link_headroom_mb_s=-76.377476 peak_memory_gb=28.5726
  trial scenario=graded partition_id=random_09 partition=10-9-9-11-12-11-9-9 lambda=0.0135 safe=False first_violation=network event_count=21 peak_prefill=1 peak_decode=5 minimum_link_headroom_mb_s=-76.045303 peak_memory_gb=28.55532
  trial scenario=graded partition_id=random_09 partition=10-9-9-11-12-11-9-9 lambda=0.014 safe=False first_violation=network event_count=21 peak_prefill=1 peak_decode=5 minimum_link_headroom_mb_s=-76.045303 peak_memory_gb=28.55532
  trial scenario=graded partition_id=random_09 partition=10-9-9-11-12-11-9-9 lambda=0.0145 safe=False first_violation=network event_count=21 peak_prefill=1 peak_decode=5 minimum_link_headroom_mb_s=-76.045303 peak_memory_gb=28.55532
  trial scenario=graded partition_id=random_09 partition=10-9-9-11-12-11-9-9 lambda=0.015 safe=False first_violation=network event_count=21 peak_prefill=1 peak_decode=5 minimum_link_headroom_mb_s=-76.045303 peak_memory_gb=28.55532
  trial scenario=graded partition_id=random_09 partition=10-9-9-11-12-11-9-9 lambda=0.0155 safe=False first_violation=network event_count=21 peak_prefill=1 peak_decode=5 minimum_link_headroom_mb_s=-76.045303 peak_memory_gb=28.55532
  trial scenario=graded partition_id=random_09 partition=10-9-9-11-12-11-9-9 lambda=0.016 safe=False first_violation=network event_count=21 peak_prefill=1 peak_decode=5 minimum_link_headroom_mb_s=-76.045303 peak_memory_gb=28.55532
  trial scenario=graded partition_id=random_09 partition=10-9-9-11-12-11-9-9 lambda=0.0165 safe=False first_violation=network event_count=21 peak_prefill=1 peak_decode=5 minimum_link_headroom_mb_s=-76.045303 peak_memory_gb=28.55532
  trial scenario=graded partition_id=random_09 partition=10-9-9-11-12-11-9-9 lambda=0.017 safe=False first_violation=network event_count=20 peak_prefill=1 peak_decode=5 minimum_link_headroom_mb_s=-75.874104 peak_memory_gb=28.55532
  trial scenario=graded partition_id=random_09 partition=10-9-9-11-12-11-9-9 lambda=0.0175 safe=False first_violation=network event_count=19 peak_prefill=1 peak_decode=5 minimum_link_headroom_mb_s=-75.695759 peak_memory_gb=28.55532
  trial scenario=graded partition_id=random_09 partition=10-9-9-11-12-11-9-9 lambda=0.018 safe=False first_violation=network event_count=19 peak_prefill=1 peak_decode=5 minimum_link_headroom_mb_s=-75.695759 peak_memory_gb=28.55532
  trial scenario=graded partition_id=random_09 partition=10-9-9-11-12-11-9-9 lambda=0.0185 safe=False first_violation=network event_count=19 peak_prefill=1 peak_decode=5 minimum_link_headroom_mb_s=-75.695759 peak_memory_gb=28.54956
  trial scenario=graded partition_id=random_09 partition=10-9-9-11-12-11-9-9 lambda=0.019 safe=False first_violation=network event_count=19 peak_prefill=1 peak_decode=5 minimum_link_headroom_mb_s=-75.695759 peak_memory_gb=28.54956
  trial scenario=graded partition_id=random_09 partition=10-9-9-11-12-11-9-9 lambda=0.0195 safe=False first_violation=network event_count=19 peak_prefill=1 peak_decode=5 minimum_link_headroom_mb_s=-75.695759 peak_memory_gb=28.54956
  trial scenario=graded partition_id=random_09 partition=10-9-9-11-12-11-9-9 lambda=0.02 safe=False first_violation=network event_count=19 peak_prefill=1 peak_decode=5 minimum_link_headroom_mb_s=-75.695759 peak_memory_gb=28.5438
  trial scenario=graded partition_id=random_09 partition=10-9-9-11-12-11-9-9 lambda=0.0205 safe=False first_violation=network event_count=18 peak_prefill=1 peak_decode=5 minimum_link_headroom_mb_s=-75.535213 peak_memory_gb=28.5438
  trial scenario=graded partition_id=random_09 partition=10-9-9-11-12-11-9-9 lambda=0.021 safe=False first_violation=network event_count=18 peak_prefill=1 peak_decode=5 minimum_link_headroom_mb_s=-75.535213 peak_memory_gb=28.5438
  trial scenario=graded partition_id=random_09 partition=10-9-9-11-12-11-9-9 lambda=0.0215 safe=False first_violation=network event_count=18 peak_prefill=1 peak_decode=5 minimum_link_headroom_mb_s=-75.535213 peak_memory_gb=28.5438
  trial scenario=graded partition_id=random_09 partition=10-9-9-11-12-11-9-9 lambda=0.022 safe=False first_violation=network event_count=18 peak_prefill=1 peak_decode=5 minimum_link_headroom_mb_s=-75.535213 peak_memory_gb=28.5438
  random_09          partition=[10, 9, 9, 11, 12, 11, 9, 9] safe=0.006 unsafe=0.0065 violation=network monotonic=True
  trial scenario=graded partition_id=random_10 partition=14-10-5-10-7-14-10-10 lambda=0.006 safe=True first_violation=None event_count=204 peak_prefill=1 peak_decode=5 minimum_link_headroom_mb_s=190.835093 peak_memory_gb=32.63836
  trial scenario=graded partition_id=random_10 partition=14-10-5-10-7-14-10-10 lambda=0.0065 safe=False first_violation=network event_count=163 peak_prefill=1 peak_decode=5 minimum_link_headroom_mb_s=-100.521067 peak_memory_gb=32.92858
  trial scenario=graded partition_id=random_10 partition=14-10-5-10-7-14-10-10 lambda=0.007 safe=False first_violation=network event_count=162 peak_prefill=1 peak_decode=5 minimum_link_headroom_mb_s=-100.355707 peak_memory_gb=33.15706
  trial scenario=graded partition_id=random_10 partition=14-10-5-10-7-14-10-10 lambda=0.0075 safe=False first_violation=network event_count=159 peak_prefill=1 peak_decode=5 minimum_link_headroom_mb_s=-99.792715 peak_memory_gb=33.15034
  trial scenario=graded partition_id=random_10 partition=14-10-5-10-7-14-10-10 lambda=0.008 safe=False first_violation=network event_count=110 peak_prefill=1 peak_decode=5 minimum_link_headroom_mb_s=-71.219329 peak_memory_gb=31.8643
  trial scenario=graded partition_id=random_10 partition=14-10-5-10-7-14-10-10 lambda=0.0085 safe=False first_violation=network event_count=108 peak_prefill=1 peak_decode=5 minimum_link_headroom_mb_s=-70.859833 peak_memory_gb=31.8643
  trial scenario=graded partition_id=random_10 partition=14-10-5-10-7-14-10-10 lambda=0.009 safe=False first_violation=network event_count=70 peak_prefill=1 peak_decode=5 minimum_link_headroom_mb_s=-59.14413 peak_memory_gb=31.68958
  trial scenario=graded partition_id=random_10 partition=14-10-5-10-7-14-10-10 lambda=0.0095 safe=False first_violation=network event_count=69 peak_prefill=1 peak_decode=5 minimum_link_headroom_mb_s=-58.959578 peak_memory_gb=31.68286
  trial scenario=graded partition_id=random_10 partition=14-10-5-10-7-14-10-10 lambda=0.01 safe=False first_violation=network event_count=68 peak_prefill=1 peak_decode=5 minimum_link_headroom_mb_s=-58.794218 peak_memory_gb=32.34814
  trial scenario=graded partition_id=random_10 partition=14-10-5-10-7-14-10-10 lambda=0.0105 safe=False first_violation=network event_count=68 peak_prefill=1 peak_decode=5 minimum_link_headroom_mb_s=-58.794218 peak_memory_gb=32.34814
  trial scenario=graded partition_id=random_10 partition=14-10-5-10-7-14-10-10 lambda=0.011 safe=False first_violation=network event_count=66 peak_prefill=1 peak_decode=5 minimum_link_headroom_mb_s=-58.444343 peak_memory_gb=32.34142
  trial scenario=graded partition_id=random_10 partition=14-10-5-10-7-14-10-10 lambda=0.0115 safe=False first_violation=network event_count=66 peak_prefill=1 peak_decode=5 minimum_link_headroom_mb_s=-58.444343 peak_memory_gb=32.34142
  trial scenario=graded partition_id=random_10 partition=14-10-5-10-7-14-10-10 lambda=0.012 safe=False first_violation=network event_count=66 peak_prefill=1 peak_decode=5 minimum_link_headroom_mb_s=-58.444343 peak_memory_gb=32.34142
  trial scenario=graded partition_id=random_10 partition=14-10-5-10-7-14-10-10 lambda=0.0125 safe=False first_violation=network event_count=58 peak_prefill=1 peak_decode=5 minimum_link_headroom_mb_s=-75.325249 peak_memory_gb=32.34142
  trial scenario=graded partition_id=random_10 partition=14-10-5-10-7-14-10-10 lambda=0.013 safe=False first_violation=network event_count=23 peak_prefill=1 peak_decode=5 minimum_link_headroom_mb_s=-90.975579 peak_memory_gb=32.3347
  trial scenario=graded partition_id=random_10 partition=14-10-5-10-7-14-10-10 lambda=0.0135 safe=False first_violation=network event_count=21 peak_prefill=1 peak_decode=5 minimum_link_headroom_mb_s=-90.634126 peak_memory_gb=32.31454
  trial scenario=graded partition_id=random_10 partition=14-10-5-10-7-14-10-10 lambda=0.014 safe=False first_violation=network event_count=21 peak_prefill=1 peak_decode=5 minimum_link_headroom_mb_s=-90.634126 peak_memory_gb=32.31454
  trial scenario=graded partition_id=random_10 partition=14-10-5-10-7-14-10-10 lambda=0.0145 safe=False first_violation=network event_count=21 peak_prefill=1 peak_decode=5 minimum_link_headroom_mb_s=-90.634126 peak_memory_gb=32.31454
  trial scenario=graded partition_id=random_10 partition=14-10-5-10-7-14-10-10 lambda=0.015 safe=False first_violation=network event_count=21 peak_prefill=1 peak_decode=5 minimum_link_headroom_mb_s=-90.634126 peak_memory_gb=32.31454
  trial scenario=graded partition_id=random_10 partition=14-10-5-10-7-14-10-10 lambda=0.0155 safe=False first_violation=network event_count=21 peak_prefill=1 peak_decode=5 minimum_link_headroom_mb_s=-90.634126 peak_memory_gb=32.31454
  trial scenario=graded partition_id=random_10 partition=14-10-5-10-7-14-10-10 lambda=0.016 safe=False first_violation=network event_count=21 peak_prefill=1 peak_decode=5 minimum_link_headroom_mb_s=-90.634126 peak_memory_gb=32.31454
  trial scenario=graded partition_id=random_10 partition=14-10-5-10-7-14-10-10 lambda=0.0165 safe=False first_violation=network event_count=20 peak_prefill=1 peak_decode=5 minimum_link_headroom_mb_s=-90.458054 peak_memory_gb=32.31454
  trial scenario=graded partition_id=random_10 partition=14-10-5-10-7-14-10-10 lambda=0.017 safe=False first_violation=network event_count=20 peak_prefill=1 peak_decode=5 minimum_link_headroom_mb_s=-90.458054 peak_memory_gb=32.31454
  trial scenario=graded partition_id=random_10 partition=14-10-5-10-7-14-10-10 lambda=0.0175 safe=False first_violation=network event_count=19 peak_prefill=1 peak_decode=5 minimum_link_headroom_mb_s=-90.274502 peak_memory_gb=32.31454
  trial scenario=graded partition_id=random_10 partition=14-10-5-10-7-14-10-10 lambda=0.018 safe=False first_violation=network event_count=19 peak_prefill=1 peak_decode=5 minimum_link_headroom_mb_s=-90.274502 peak_memory_gb=32.30782
  trial scenario=graded partition_id=random_10 partition=14-10-5-10-7-14-10-10 lambda=0.0185 safe=False first_violation=network event_count=19 peak_prefill=1 peak_decode=5 minimum_link_headroom_mb_s=-90.274502 peak_memory_gb=32.30782
  trial scenario=graded partition_id=random_10 partition=14-10-5-10-7-14-10-10 lambda=0.019 safe=False first_violation=network event_count=19 peak_prefill=1 peak_decode=5 minimum_link_headroom_mb_s=-90.274502 peak_memory_gb=32.30782
  trial scenario=graded partition_id=random_10 partition=14-10-5-10-7-14-10-10 lambda=0.0195 safe=False first_violation=network event_count=19 peak_prefill=1 peak_decode=5 minimum_link_headroom_mb_s=-90.274502 peak_memory_gb=32.30782
  trial scenario=graded partition_id=random_10 partition=14-10-5-10-7-14-10-10 lambda=0.02 safe=False first_violation=network event_count=18 peak_prefill=1 peak_decode=5 minimum_link_headroom_mb_s=-90.109567 peak_memory_gb=32.3011
  trial scenario=graded partition_id=random_10 partition=14-10-5-10-7-14-10-10 lambda=0.0205 safe=False first_violation=network event_count=18 peak_prefill=1 peak_decode=5 minimum_link_headroom_mb_s=-90.109567 peak_memory_gb=32.3011
  trial scenario=graded partition_id=random_10 partition=14-10-5-10-7-14-10-10 lambda=0.021 safe=False first_violation=network event_count=18 peak_prefill=1 peak_decode=5 minimum_link_headroom_mb_s=-90.109567 peak_memory_gb=32.3011
  trial scenario=graded partition_id=random_10 partition=14-10-5-10-7-14-10-10 lambda=0.0215 safe=False first_violation=network event_count=18 peak_prefill=1 peak_decode=5 minimum_link_headroom_mb_s=-90.109567 peak_memory_gb=32.3011
  trial scenario=graded partition_id=random_10 partition=14-10-5-10-7-14-10-10 lambda=0.022 safe=False first_violation=network event_count=17 peak_prefill=1 peak_decode=5 minimum_link_headroom_mb_s=-89.933729 peak_memory_gb=32.3011
  random_10          partition=[14, 10, 5, 10, 7, 14, 10, 10] safe=0.006 unsafe=0.0065 violation=network monotonic=True
  trial scenario=graded partition_id=random_11 partition=10-8-11-11-9-14-8-9 lambda=0.006 safe=True first_violation=None event_count=204 peak_prefill=1 peak_decode=5 minimum_link_headroom_mb_s=202.632535 peak_memory_gb=32.63836
  trial scenario=graded partition_id=random_11 partition=10-8-11-11-9-14-8-9 lambda=0.0065 safe=False first_violation=network event_count=163 peak_prefill=1 peak_decode=5 minimum_link_headroom_mb_s=-84.958919 peak_memory_gb=32.9353
  trial scenario=graded partition_id=random_11 partition=10-8-11-11-9-14-8-9 lambda=0.007 safe=False first_violation=network event_count=162 peak_prefill=1 peak_decode=5 minimum_link_headroom_mb_s=-84.798174 peak_memory_gb=33.15706
  trial scenario=graded partition_id=random_11 partition=10-8-11-11-9-14-8-9 lambda=0.0075 safe=False first_violation=network event_count=160 peak_prefill=1 peak_decode=5 minimum_link_headroom_mb_s=-84.438631 peak_memory_gb=33.15706
  trial scenario=graded partition_id=random_11 partition=10-8-11-11-9-14-8-9 lambda=0.008 safe=False first_violation=network event_count=110 peak_prefill=1 peak_decode=5 minimum_link_headroom_mb_s=-56.495828 peak_memory_gb=31.8643
  trial scenario=graded partition_id=random_11 partition=10-8-11-11-9-14-8-9 lambda=0.0085 safe=False first_violation=network event_count=108 peak_prefill=1 peak_decode=5 minimum_link_headroom_mb_s=-56.146902 peak_memory_gb=31.8643
  trial scenario=graded partition_id=random_11 partition=10-8-11-11-9-14-8-9 lambda=0.009 safe=False first_violation=network event_count=70 peak_prefill=1 peak_decode=5 minimum_link_headroom_mb_s=-44.787105 peak_memory_gb=31.68958
  trial scenario=graded partition_id=random_11 partition=10-8-11-11-9-14-8-9 lambda=0.0095 safe=False first_violation=network event_count=69 peak_prefill=1 peak_decode=5 minimum_link_headroom_mb_s=-44.608053 peak_memory_gb=31.68286
  trial scenario=graded partition_id=random_11 partition=10-8-11-11-9-14-8-9 lambda=0.01 safe=False first_violation=network event_count=68 peak_prefill=1 peak_decode=5 minimum_link_headroom_mb_s=-44.447307 peak_memory_gb=32.34814
  trial scenario=graded partition_id=random_11 partition=10-8-11-11-9-14-8-9 lambda=0.0105 safe=False first_violation=network event_count=68 peak_prefill=1 peak_decode=5 minimum_link_headroom_mb_s=-44.447307 peak_memory_gb=32.34814
  trial scenario=graded partition_id=random_11 partition=10-8-11-11-9-14-8-9 lambda=0.011 safe=False first_violation=network event_count=66 peak_prefill=1 peak_decode=5 minimum_link_headroom_mb_s=-44.107545 peak_memory_gb=32.34142
  trial scenario=graded partition_id=random_11 partition=10-8-11-11-9-14-8-9 lambda=0.0115 safe=False first_violation=network event_count=66 peak_prefill=1 peak_decode=5 minimum_link_headroom_mb_s=-44.107545 peak_memory_gb=32.34142
  trial scenario=graded partition_id=random_11 partition=10-8-11-11-9-14-8-9 lambda=0.012 safe=False first_violation=network event_count=66 peak_prefill=1 peak_decode=5 minimum_link_headroom_mb_s=-44.107545 peak_memory_gb=32.34142
  trial scenario=graded partition_id=random_11 partition=10-8-11-11-9-14-8-9 lambda=0.0125 safe=False first_violation=network event_count=57 peak_prefill=1 peak_decode=5 minimum_link_headroom_mb_s=-60.300468 peak_memory_gb=32.34142
  trial scenario=graded partition_id=random_11 partition=10-8-11-11-9-14-8-9 lambda=0.013 safe=False first_violation=network event_count=23 peak_prefill=1 peak_decode=5 minimum_link_headroom_mb_s=-75.684691 peak_memory_gb=32.34142
  trial scenario=graded partition_id=random_11 partition=10-8-11-11-9-14-8-9 lambda=0.0135 safe=False first_violation=network event_count=21 peak_prefill=1 peak_decode=5 minimum_link_headroom_mb_s=-75.352956 peak_memory_gb=32.31454
  trial scenario=graded partition_id=random_11 partition=10-8-11-11-9-14-8-9 lambda=0.014 safe=False first_violation=network event_count=21 peak_prefill=1 peak_decode=5 minimum_link_headroom_mb_s=-75.352956 peak_memory_gb=32.31454
  trial scenario=graded partition_id=random_11 partition=10-8-11-11-9-14-8-9 lambda=0.0145 safe=False first_violation=network event_count=21 peak_prefill=1 peak_decode=5 minimum_link_headroom_mb_s=-75.352956 peak_memory_gb=32.31454
  trial scenario=graded partition_id=random_11 partition=10-8-11-11-9-14-8-9 lambda=0.015 safe=False first_violation=network event_count=21 peak_prefill=1 peak_decode=5 minimum_link_headroom_mb_s=-75.352956 peak_memory_gb=32.31454
  trial scenario=graded partition_id=random_11 partition=10-8-11-11-9-14-8-9 lambda=0.0155 safe=False first_violation=network event_count=21 peak_prefill=1 peak_decode=5 minimum_link_headroom_mb_s=-75.352956 peak_memory_gb=32.31454
  trial scenario=graded partition_id=random_11 partition=10-8-11-11-9-14-8-9 lambda=0.016 safe=False first_violation=network event_count=21 peak_prefill=1 peak_decode=5 minimum_link_headroom_mb_s=-75.352956 peak_memory_gb=32.31454
  trial scenario=graded partition_id=random_11 partition=10-8-11-11-9-14-8-9 lambda=0.0165 safe=False first_violation=network event_count=21 peak_prefill=1 peak_decode=5 minimum_link_headroom_mb_s=-75.352956 peak_memory_gb=32.31454
  trial scenario=graded partition_id=random_11 partition=10-8-11-11-9-14-8-9 lambda=0.017 safe=False first_violation=network event_count=20 peak_prefill=1 peak_decode=5 minimum_link_headroom_mb_s=-75.181987 peak_memory_gb=32.31454
  trial scenario=graded partition_id=random_11 partition=10-8-11-11-9-14-8-9 lambda=0.0175 safe=False first_violation=network event_count=19 peak_prefill=1 peak_decode=5 minimum_link_headroom_mb_s=-75.003887 peak_memory_gb=32.31454
  trial scenario=graded partition_id=random_11 partition=10-8-11-11-9-14-8-9 lambda=0.018 safe=False first_violation=network event_count=19 peak_prefill=1 peak_decode=5 minimum_link_headroom_mb_s=-75.003887 peak_memory_gb=32.31454
  trial scenario=graded partition_id=random_11 partition=10-8-11-11-9-14-8-9 lambda=0.0185 safe=False first_violation=network event_count=19 peak_prefill=1 peak_decode=5 minimum_link_headroom_mb_s=-75.003887 peak_memory_gb=32.30782
  trial scenario=graded partition_id=random_11 partition=10-8-11-11-9-14-8-9 lambda=0.019 safe=False first_violation=network event_count=19 peak_prefill=1 peak_decode=5 minimum_link_headroom_mb_s=-75.003887 peak_memory_gb=32.30782
  trial scenario=graded partition_id=random_11 partition=10-8-11-11-9-14-8-9 lambda=0.0195 safe=False first_violation=network event_count=19 peak_prefill=1 peak_decode=5 minimum_link_headroom_mb_s=-75.003887 peak_memory_gb=32.30782
  trial scenario=graded partition_id=random_11 partition=10-8-11-11-9-14-8-9 lambda=0.02 safe=False first_violation=network event_count=19 peak_prefill=1 peak_decode=5 minimum_link_headroom_mb_s=-75.003887 peak_memory_gb=32.3011
  trial scenario=graded partition_id=random_11 partition=10-8-11-11-9-14-8-9 lambda=0.0205 safe=False first_violation=network event_count=18 peak_prefill=1 peak_decode=5 minimum_link_headroom_mb_s=-74.843548 peak_memory_gb=32.3011
  trial scenario=graded partition_id=random_11 partition=10-8-11-11-9-14-8-9 lambda=0.021 safe=False first_violation=network event_count=18 peak_prefill=1 peak_decode=5 minimum_link_headroom_mb_s=-74.843548 peak_memory_gb=32.3011
  trial scenario=graded partition_id=random_11 partition=10-8-11-11-9-14-8-9 lambda=0.0215 safe=False first_violation=network event_count=18 peak_prefill=1 peak_decode=5 minimum_link_headroom_mb_s=-74.843548 peak_memory_gb=32.3011
  trial scenario=graded partition_id=random_11 partition=10-8-11-11-9-14-8-9 lambda=0.022 safe=False first_violation=network event_count=18 peak_prefill=1 peak_decode=5 minimum_link_headroom_mb_s=-74.843548 peak_memory_gb=32.3011
  random_11          partition=[10, 8, 11, 11, 9, 14, 8, 9] safe=0.006 unsafe=0.0065 violation=network monotonic=True
  trial scenario=graded partition_id=random_12 partition=13-11-9-12-8-10-8-9 lambda=0.006 safe=True first_violation=None event_count=204 peak_prefill=1 peak_decode=5 minimum_link_headroom_mb_s=242.760863 peak_memory_gb=30.74186
  trial scenario=graded partition_id=random_12 partition=13-11-9-12-8-10-8-9 lambda=0.0065 safe=True first_violation=None event_count=204 peak_prefill=1 peak_decode=5 minimum_link_headroom_mb_s=243.065395 peak_memory_gb=31.11119
  trial scenario=graded partition_id=random_12 partition=13-11-9-12-8-10-8-9 lambda=0.007 safe=False first_violation=network event_count=162 peak_prefill=1 peak_decode=5 minimum_link_headroom_mb_s=-31.773757 peak_memory_gb=31.22351
  trial scenario=graded partition_id=random_12 partition=13-11-9-12-8-10-8-9 lambda=0.0075 safe=False first_violation=network event_count=160 peak_prefill=1 peak_decode=5 minimum_link_headroom_mb_s=-31.450742 peak_memory_gb=31.21727
  trial scenario=graded partition_id=random_12 partition=13-11-9-12-8-10-8-9 lambda=0.008 safe=False first_violation=network event_count=111 peak_prefill=1 peak_decode=5 minimum_link_headroom_mb_s=-6.374558 peak_memory_gb=30.01685
  trial scenario=graded partition_id=random_12 partition=13-11-9-12-8-10-8-9 lambda=0.0085 safe=False first_violation=network event_count=109 peak_prefill=1 peak_decode=5 minimum_link_headroom_mb_s=-6.06158 peak_memory_gb=30.01685
  trial scenario=graded partition_id=random_12 partition=13-11-9-12-8-10-8-9 lambda=0.009 safe=False first_violation=network event_count=98 peak_prefill=1 peak_decode=5 minimum_link_headroom_mb_s=-11.791472 peak_memory_gb=30.00437
  trial scenario=graded partition_id=random_12 partition=13-11-9-12-8-10-8-9 lambda=0.0095 safe=False first_violation=network event_count=96 peak_prefill=1 peak_decode=6 minimum_link_headroom_mb_s=-11.478225 peak_memory_gb=30.11045
  trial scenario=graded partition_id=random_12 partition=13-11-9-12-8-10-8-9 lambda=0.01 safe=False first_violation=network event_count=86 peak_prefill=1 peak_decode=6 minimum_link_headroom_mb_s=-12.967912 peak_memory_gb=30.46613
  trial scenario=graded partition_id=random_12 partition=13-11-9-12-8-10-8-9 lambda=0.0105 safe=False first_violation=network event_count=77 peak_prefill=1 peak_decode=6 minimum_link_headroom_mb_s=-12.475461 peak_memory_gb=30.46613
  trial scenario=graded partition_id=random_12 partition=13-11-9-12-8-10-8-9 lambda=0.011 safe=False first_violation=network event_count=76 peak_prefill=1 peak_decode=6 minimum_link_headroom_mb_s=-12.32986 peak_memory_gb=30.46613
  trial scenario=graded partition_id=random_12 partition=13-11-9-12-8-10-8-9 lambda=0.0115 safe=False first_violation=network event_count=74 peak_prefill=1 peak_decode=6 minimum_link_headroom_mb_s=-290.002562 peak_memory_gb=30.45989
  trial scenario=graded partition_id=random_12 partition=13-11-9-12-8-10-8-9 lambda=0.012 safe=False first_violation=network event_count=74 peak_prefill=1 peak_decode=6 minimum_link_headroom_mb_s=-290.002562 peak_memory_gb=30.45989
  trial scenario=graded partition_id=random_12 partition=13-11-9-12-8-10-8-9 lambda=0.0125 safe=False first_violation=network event_count=73 peak_prefill=1 peak_decode=6 minimum_link_headroom_mb_s=-289.825931 peak_memory_gb=30.45989
  trial scenario=graded partition_id=random_12 partition=13-11-9-12-8-10-8-9 lambda=0.013 safe=False first_violation=network event_count=57 peak_prefill=1 peak_decode=5 minimum_link_headroom_mb_s=-9.64632 peak_memory_gb=30.45989
  trial scenario=graded partition_id=random_12 partition=13-11-9-12-8-10-8-9 lambda=0.0135 safe=False first_violation=network event_count=23 peak_prefill=1 peak_decode=5 minimum_link_headroom_mb_s=-23.53908 peak_memory_gb=30.45365
  trial scenario=graded partition_id=random_12 partition=13-11-9-12-8-10-8-9 lambda=0.014 safe=False first_violation=network event_count=21 peak_prefill=1 peak_decode=5 minimum_link_headroom_mb_s=-23.239542 peak_memory_gb=30.43493
  trial scenario=graded partition_id=random_12 partition=13-11-9-12-8-10-8-9 lambda=0.0145 safe=False first_violation=network event_count=21 peak_prefill=1 peak_decode=5 minimum_link_headroom_mb_s=-23.239542 peak_memory_gb=30.43493
  trial scenario=graded partition_id=random_12 partition=13-11-9-12-8-10-8-9 lambda=0.015 safe=False first_violation=network event_count=21 peak_prefill=1 peak_decode=5 minimum_link_headroom_mb_s=-23.239542 peak_memory_gb=30.43493
  trial scenario=graded partition_id=random_12 partition=13-11-9-12-8-10-8-9 lambda=0.0155 safe=False first_violation=network event_count=21 peak_prefill=1 peak_decode=5 minimum_link_headroom_mb_s=-23.239542 peak_memory_gb=30.43493
  trial scenario=graded partition_id=random_12 partition=13-11-9-12-8-10-8-9 lambda=0.016 safe=False first_violation=network event_count=21 peak_prefill=1 peak_decode=5 minimum_link_headroom_mb_s=-23.239542 peak_memory_gb=30.43493
  trial scenario=graded partition_id=random_12 partition=13-11-9-12-8-10-8-9 lambda=0.0165 safe=False first_violation=network event_count=21 peak_prefill=1 peak_decode=5 minimum_link_headroom_mb_s=-23.239542 peak_memory_gb=30.43493
  trial scenario=graded partition_id=random_12 partition=13-11-9-12-8-10-8-9 lambda=0.017 safe=False first_violation=network event_count=20 peak_prefill=1 peak_decode=5 minimum_link_headroom_mb_s=-23.085447 peak_memory_gb=30.43493
  trial scenario=graded partition_id=random_12 partition=13-11-9-12-8-10-8-9 lambda=0.0175 safe=False first_violation=network event_count=20 peak_prefill=1 peak_decode=5 minimum_link_headroom_mb_s=-23.085447 peak_memory_gb=30.43493
  trial scenario=graded partition_id=random_12 partition=13-11-9-12-8-10-8-9 lambda=0.018 safe=False first_violation=network event_count=19 peak_prefill=1 peak_decode=5 minimum_link_headroom_mb_s=-22.925336 peak_memory_gb=30.43493
  trial scenario=graded partition_id=random_12 partition=13-11-9-12-8-10-8-9 lambda=0.0185 safe=False first_violation=network event_count=19 peak_prefill=1 peak_decode=5 minimum_link_headroom_mb_s=-22.925336 peak_memory_gb=30.43493
  trial scenario=graded partition_id=random_12 partition=13-11-9-12-8-10-8-9 lambda=0.019 safe=False first_violation=network event_count=19 peak_prefill=1 peak_decode=5 minimum_link_headroom_mb_s=-22.925336 peak_memory_gb=30.42869
  trial scenario=graded partition_id=random_12 partition=13-11-9-12-8-10-8-9 lambda=0.0195 safe=False first_violation=network event_count=19 peak_prefill=1 peak_decode=5 minimum_link_headroom_mb_s=-22.925336 peak_memory_gb=30.42869
  trial scenario=graded partition_id=random_12 partition=13-11-9-12-8-10-8-9 lambda=0.02 safe=False first_violation=network event_count=19 peak_prefill=1 peak_decode=5 minimum_link_headroom_mb_s=-22.925336 peak_memory_gb=30.42869
  trial scenario=graded partition_id=random_12 partition=13-11-9-12-8-10-8-9 lambda=0.0205 safe=False first_violation=network event_count=18 peak_prefill=1 peak_decode=5 minimum_link_headroom_mb_s=-22.780254 peak_memory_gb=30.42245
  trial scenario=graded partition_id=random_12 partition=13-11-9-12-8-10-8-9 lambda=0.021 safe=False first_violation=network event_count=18 peak_prefill=1 peak_decode=5 minimum_link_headroom_mb_s=-22.780254 peak_memory_gb=30.42245
  trial scenario=graded partition_id=random_12 partition=13-11-9-12-8-10-8-9 lambda=0.0215 safe=False first_violation=network event_count=18 peak_prefill=1 peak_decode=5 minimum_link_headroom_mb_s=-22.780254 peak_memory_gb=30.42245
  trial scenario=graded partition_id=random_12 partition=13-11-9-12-8-10-8-9 lambda=0.022 safe=False first_violation=network event_count=18 peak_prefill=1 peak_decode=5 minimum_link_headroom_mb_s=-22.780254 peak_memory_gb=30.42245
  random_12          partition=[13, 11, 9, 12, 8, 10, 8, 9] safe=0.0065 unsafe=0.007 violation=network monotonic=True
  trial scenario=graded partition_id=random_13 partition=14-11-13-11-8-8-6-9 lambda=0.006 safe=True first_violation=None event_count=204 peak_prefill=1 peak_decode=5 minimum_link_headroom_mb_s=277.156231 peak_memory_gb=32.64508
  trial scenario=graded partition_id=random_13 partition=14-11-13-11-8-8-6-9 lambda=0.0065 safe=True first_violation=None event_count=204 peak_prefill=1 peak_decode=5 minimum_link_headroom_mb_s=277.290225 peak_memory_gb=32.63836
  trial scenario=graded partition_id=random_13 partition=14-11-13-11-8-8-6-9 lambda=0.007 safe=True first_violation=None event_count=204 peak_prefill=1 peak_decode=6 minimum_link_headroom_mb_s=13.38619 peak_memory_gb=33.53338
  trial scenario=graded partition_id=random_13 partition=14-11-13-11-8-8-6-9 lambda=0.0075 safe=True first_violation=None event_count=204 peak_prefill=1 peak_decode=6 minimum_link_headroom_mb_s=13.527687 peak_memory_gb=33.52666
  trial scenario=graded partition_id=random_13 partition=14-11-13-11-8-8-6-9 lambda=0.008 safe=True first_violation=None event_count=204 peak_prefill=1 peak_decode=6 minimum_link_headroom_mb_s=13.831148 peak_memory_gb=33.51322
  trial scenario=graded partition_id=random_13 partition=14-11-13-11-8-8-6-9 lambda=0.0085 safe=True first_violation=None event_count=204 peak_prefill=1 peak_decode=6 minimum_link_headroom_mb_s=13.578184 peak_memory_gb=33.52666
  trial scenario=graded partition_id=random_13 partition=14-11-13-11-8-8-6-9 lambda=0.009 safe=False first_violation=network event_count=166 peak_prefill=1 peak_decode=6 minimum_link_headroom_mb_s=-270.674629 peak_memory_gb=33.51994
  trial scenario=graded partition_id=random_13 partition=14-11-13-11-8-8-6-9 lambda=0.0095 safe=False first_violation=network event_count=116 peak_prefill=1 peak_decode=6 minimum_link_headroom_mb_s=-232.328906 peak_memory_gb=32.2339
  trial scenario=graded partition_id=random_13 partition=14-11-13-11-8-8-6-9 lambda=0.01 safe=False first_violation=network event_count=115 peak_prefill=1 peak_decode=6 minimum_link_headroom_mb_s=-232.18764 peak_memory_gb=32.22046
  trial scenario=graded partition_id=random_13 partition=14-11-13-11-8-8-6-9 lambda=0.0105 safe=False first_violation=network event_count=103 peak_prefill=1 peak_decode=6 minimum_link_headroom_mb_s=-241.56134 peak_memory_gb=32.34814
  trial scenario=graded partition_id=random_13 partition=14-11-13-11-8-8-6-9 lambda=0.011 safe=False first_violation=network event_count=101 peak_prefill=1 peak_decode=6 minimum_link_headroom_mb_s=-241.264973 peak_memory_gb=32.34814
  trial scenario=graded partition_id=random_13 partition=14-11-13-11-8-8-6-9 lambda=0.0115 safe=False first_violation=network event_count=101 peak_prefill=1 peak_decode=6 minimum_link_headroom_mb_s=-241.264973 peak_memory_gb=32.34142
  trial scenario=graded partition_id=random_13 partition=14-11-13-11-8-8-6-9 lambda=0.012 safe=False first_violation=network event_count=74 peak_prefill=1 peak_decode=6 minimum_link_headroom_mb_s=-235.451472 peak_memory_gb=32.34142
  trial scenario=graded partition_id=random_13 partition=14-11-13-11-8-8-6-9 lambda=0.0125 safe=False first_violation=network event_count=73 peak_prefill=1 peak_decode=6 minimum_link_headroom_mb_s=-235.291736 peak_memory_gb=32.34142
  trial scenario=graded partition_id=random_13 partition=14-11-13-11-8-8-6-9 lambda=0.013 safe=False first_violation=network event_count=73 peak_prefill=1 peak_decode=6 minimum_link_headroom_mb_s=-235.291736 peak_memory_gb=32.34142
  trial scenario=graded partition_id=random_13 partition=14-11-13-11-8-8-6-9 lambda=0.0135 safe=False first_violation=network event_count=71 peak_prefill=1 peak_decode=6 minimum_link_headroom_mb_s=-234.994826 peak_memory_gb=32.46238
  trial scenario=graded partition_id=random_13 partition=14-11-13-11-8-8-6-9 lambda=0.014 safe=False first_violation=network event_count=68 peak_prefill=1 peak_decode=6 minimum_link_headroom_mb_s=-234.574468 peak_memory_gb=32.45566
  trial scenario=graded partition_id=random_13 partition=14-11-13-11-8-8-6-9 lambda=0.0145 safe=False first_violation=network event_count=68 peak_prefill=1 peak_decode=6 minimum_link_headroom_mb_s=-234.574468 peak_memory_gb=32.45566
  trial scenario=graded partition_id=random_13 partition=14-11-13-11-8-8-6-9 lambda=0.015 safe=False first_violation=network event_count=68 peak_prefill=1 peak_decode=6 minimum_link_headroom_mb_s=-234.574468 peak_memory_gb=32.45566
  trial scenario=graded partition_id=random_13 partition=14-11-13-11-8-8-6-9 lambda=0.0155 safe=False first_violation=network event_count=60 peak_prefill=1 peak_decode=6 minimum_link_headroom_mb_s=-235.196593 peak_memory_gb=32.45566
  trial scenario=graded partition_id=random_13 partition=14-11-13-11-8-8-6-9 lambda=0.016 safe=False first_violation=network event_count=60 peak_prefill=1 peak_decode=6 minimum_link_headroom_mb_s=-235.196593 peak_memory_gb=32.45566
  trial scenario=graded partition_id=random_13 partition=14-11-13-11-8-8-6-9 lambda=0.0165 safe=False first_violation=network event_count=59 peak_prefill=1 peak_decode=6 minimum_link_headroom_mb_s=-235.042485 peak_memory_gb=32.45566
  trial scenario=graded partition_id=random_13 partition=14-11-13-11-8-8-6-9 lambda=0.017 safe=False first_violation=network event_count=26 peak_prefill=1 peak_decode=6 minimum_link_headroom_mb_s=-246.234293 peak_memory_gb=32.44894
  trial scenario=graded partition_id=random_13 partition=14-11-13-11-8-8-6-9 lambda=0.0175 safe=False first_violation=network event_count=26 peak_prefill=1 peak_decode=6 minimum_link_headroom_mb_s=-246.234293 peak_memory_gb=32.44222
  trial scenario=graded partition_id=random_13 partition=14-11-13-11-8-8-6-9 lambda=0.018 safe=False first_violation=network event_count=26 peak_prefill=1 peak_decode=6 minimum_link_headroom_mb_s=-246.234293 peak_memory_gb=32.44222
  trial scenario=graded partition_id=random_13 partition=14-11-13-11-8-8-6-9 lambda=0.0185 safe=False first_violation=network event_count=26 peak_prefill=1 peak_decode=6 minimum_link_headroom_mb_s=-246.234293 peak_memory_gb=32.4355
  trial scenario=graded partition_id=random_13 partition=14-11-13-11-8-8-6-9 lambda=0.019 safe=False first_violation=network event_count=25 peak_prefill=1 peak_decode=6 minimum_link_headroom_mb_s=-246.094337 peak_memory_gb=32.4355
  trial scenario=graded partition_id=random_13 partition=14-11-13-11-8-8-6-9 lambda=0.0195 safe=False first_violation=network event_count=25 peak_prefill=1 peak_decode=6 minimum_link_headroom_mb_s=-246.094337 peak_memory_gb=32.4355
  trial scenario=graded partition_id=random_13 partition=14-11-13-11-8-8-6-9 lambda=0.02 safe=False first_violation=network event_count=25 peak_prefill=1 peak_decode=6 minimum_link_headroom_mb_s=-246.094337 peak_memory_gb=32.4355
  trial scenario=graded partition_id=random_13 partition=14-11-13-11-8-8-6-9 lambda=0.0205 safe=False first_violation=network event_count=24 peak_prefill=1 peak_decode=6 minimum_link_headroom_mb_s=-245.946419 peak_memory_gb=32.4355
  trial scenario=graded partition_id=random_13 partition=14-11-13-11-8-8-6-9 lambda=0.021 safe=False first_violation=network event_count=23 peak_prefill=1 peak_decode=6 minimum_link_headroom_mb_s=-245.798148 peak_memory_gb=32.4355
  trial scenario=graded partition_id=random_13 partition=14-11-13-11-8-8-6-9 lambda=0.0215 safe=False first_violation=network event_count=23 peak_prefill=1 peak_decode=6 minimum_link_headroom_mb_s=-245.798148 peak_memory_gb=32.42878
  trial scenario=graded partition_id=random_13 partition=14-11-13-11-8-8-6-9 lambda=0.022 safe=False first_violation=network event_count=23 peak_prefill=1 peak_decode=6 minimum_link_headroom_mb_s=-245.798148 peak_memory_gb=32.42878
  random_13          partition=[14, 11, 13, 11, 8, 8, 6, 9] safe=0.0085 unsafe=0.009 violation=network monotonic=True
  trial scenario=graded partition_id=random_14 partition=12-10-11-9-10-11-10-7 lambda=0.006 safe=True first_violation=None event_count=204 peak_prefill=1 peak_decode=5 minimum_link_headroom_mb_s=238.882452 peak_memory_gb=28.83864
  trial scenario=graded partition_id=random_14 partition=12-10-11-9-10-11-10-7 lambda=0.0065 safe=True first_violation=None event_count=204 peak_prefill=1 peak_decode=5 minimum_link_headroom_mb_s=239.296415 peak_memory_gb=29.17956
  trial scenario=graded partition_id=random_14 partition=12-10-11-9-10-11-10-7 lambda=0.007 safe=False first_violation=network event_count=162 peak_prefill=1 peak_decode=5 minimum_link_headroom_mb_s=-36.872082 peak_memory_gb=29.28324
  trial scenario=graded partition_id=random_14 partition=12-10-11-9-10-11-10-7 lambda=0.0075 safe=False first_violation=network event_count=160 peak_prefill=1 peak_decode=5 minimum_link_headroom_mb_s=-36.545638 peak_memory_gb=29.27748
  trial scenario=graded partition_id=random_14 partition=12-10-11-9-10-11-10-7 lambda=0.008 safe=False first_violation=network event_count=111 peak_prefill=1 peak_decode=5 minimum_link_headroom_mb_s=-11.214917 peak_memory_gb=28.1694
  trial scenario=graded partition_id=random_14 partition=12-10-11-9-10-11-10-7 lambda=0.0085 safe=False first_violation=network event_count=110 peak_prefill=1 peak_decode=5 minimum_link_headroom_mb_s=-11.067869 peak_memory_gb=28.1694
  trial scenario=graded partition_id=random_14 partition=12-10-11-9-10-11-10-7 lambda=0.009 safe=False first_violation=network event_count=97 peak_prefill=1 peak_decode=5 minimum_link_headroom_mb_s=-16.539618 peak_memory_gb=28.15788
  trial scenario=graded partition_id=random_14 partition=12-10-11-9-10-11-10-7 lambda=0.0095 safe=False first_violation=network event_count=69 peak_prefill=1 peak_decode=5 minimum_link_headroom_mb_s=-0.293169 peak_memory_gb=28.01388
  trial scenario=graded partition_id=random_14 partition=12-10-11-9-10-11-10-7 lambda=0.01 safe=False first_violation=network event_count=69 peak_prefill=1 peak_decode=5 minimum_link_headroom_mb_s=-0.293169 peak_memory_gb=28.58412
  trial scenario=graded partition_id=random_14 partition=12-10-11-9-10-11-10-7 lambda=0.0105 safe=False first_violation=network event_count=68 peak_prefill=1 peak_decode=5 minimum_link_headroom_mb_s=-0.146296 peak_memory_gb=28.58412
  trial scenario=graded partition_id=random_14 partition=12-10-11-9-10-11-10-7 lambda=0.011 safe=False first_violation=network event_count=76 peak_prefill=1 peak_decode=6 minimum_link_headroom_mb_s=-17.232397 peak_memory_gb=28.58412
  trial scenario=graded partition_id=random_14 partition=12-10-11-9-10-11-10-7 lambda=0.0115 safe=False first_violation=network event_count=74 peak_prefill=1 peak_decode=6 minimum_link_headroom_mb_s=-296.162213 peak_memory_gb=28.57836
  trial scenario=graded partition_id=random_14 partition=12-10-11-9-10-11-10-7 lambda=0.012 safe=False first_violation=network event_count=74 peak_prefill=1 peak_decode=6 minimum_link_headroom_mb_s=-296.162213 peak_memory_gb=28.57836
  trial scenario=graded partition_id=random_14 partition=12-10-11-9-10-11-10-7 lambda=0.0125 safe=False first_violation=network event_count=73 peak_prefill=1 peak_decode=6 minimum_link_headroom_mb_s=-295.983618 peak_memory_gb=28.57836
  trial scenario=graded partition_id=random_14 partition=12-10-11-9-10-11-10-7 lambda=0.013 safe=False first_violation=network event_count=57 peak_prefill=1 peak_decode=5 minimum_link_headroom_mb_s=-14.521588 peak_memory_gb=28.57836
  trial scenario=graded partition_id=random_14 partition=12-10-11-9-10-11-10-7 lambda=0.0135 safe=False first_violation=network event_count=23 peak_prefill=1 peak_decode=5 minimum_link_headroom_mb_s=-28.554919 peak_memory_gb=28.5726
  trial scenario=graded partition_id=random_14 partition=12-10-11-9-10-11-10-7 lambda=0.014 safe=False first_violation=network event_count=21 peak_prefill=1 peak_decode=5 minimum_link_headroom_mb_s=-28.252347 peak_memory_gb=28.55532
  trial scenario=graded partition_id=random_14 partition=12-10-11-9-10-11-10-7 lambda=0.0145 safe=False first_violation=network event_count=21 peak_prefill=1 peak_decode=5 minimum_link_headroom_mb_s=-28.252347 peak_memory_gb=28.55532
  trial scenario=graded partition_id=random_14 partition=12-10-11-9-10-11-10-7 lambda=0.015 safe=False first_violation=network event_count=21 peak_prefill=1 peak_decode=5 minimum_link_headroom_mb_s=-28.252347 peak_memory_gb=28.55532
  trial scenario=graded partition_id=random_14 partition=12-10-11-9-10-11-10-7 lambda=0.0155 safe=False first_violation=network event_count=21 peak_prefill=1 peak_decode=5 minimum_link_headroom_mb_s=-28.252347 peak_memory_gb=28.55532
  trial scenario=graded partition_id=random_14 partition=12-10-11-9-10-11-10-7 lambda=0.016 safe=False first_violation=network event_count=21 peak_prefill=1 peak_decode=5 minimum_link_headroom_mb_s=-28.252347 peak_memory_gb=28.55532
  trial scenario=graded partition_id=random_14 partition=12-10-11-9-10-11-10-7 lambda=0.0165 safe=False first_violation=network event_count=21 peak_prefill=1 peak_decode=5 minimum_link_headroom_mb_s=-28.252347 peak_memory_gb=28.55532
  trial scenario=graded partition_id=random_14 partition=12-10-11-9-10-11-10-7 lambda=0.017 safe=False first_violation=network event_count=20 peak_prefill=1 peak_decode=5 minimum_link_headroom_mb_s=-28.096664 peak_memory_gb=28.55532
  trial scenario=graded partition_id=random_14 partition=12-10-11-9-10-11-10-7 lambda=0.0175 safe=False first_violation=network event_count=20 peak_prefill=1 peak_decode=5 minimum_link_headroom_mb_s=-28.096664 peak_memory_gb=28.55532
  trial scenario=graded partition_id=random_14 partition=12-10-11-9-10-11-10-7 lambda=0.018 safe=False first_violation=network event_count=19 peak_prefill=1 peak_decode=5 minimum_link_headroom_mb_s=-27.934863 peak_memory_gb=28.55532
  trial scenario=graded partition_id=random_14 partition=12-10-11-9-10-11-10-7 lambda=0.0185 safe=False first_violation=network event_count=19 peak_prefill=1 peak_decode=5 minimum_link_headroom_mb_s=-27.934863 peak_memory_gb=28.54956
  trial scenario=graded partition_id=random_14 partition=12-10-11-9-10-11-10-7 lambda=0.019 safe=False first_violation=network event_count=19 peak_prefill=1 peak_decode=5 minimum_link_headroom_mb_s=-27.934863 peak_memory_gb=28.54956
  trial scenario=graded partition_id=random_14 partition=12-10-11-9-10-11-10-7 lambda=0.0195 safe=False first_violation=network event_count=19 peak_prefill=1 peak_decode=5 minimum_link_headroom_mb_s=-27.934863 peak_memory_gb=28.54956
  trial scenario=graded partition_id=random_14 partition=12-10-11-9-10-11-10-7 lambda=0.02 safe=False first_violation=network event_count=19 peak_prefill=1 peak_decode=5 minimum_link_headroom_mb_s=-27.934863 peak_memory_gb=28.54956
  trial scenario=graded partition_id=random_14 partition=12-10-11-9-10-11-10-7 lambda=0.0205 safe=False first_violation=network event_count=18 peak_prefill=1 peak_decode=5 minimum_link_headroom_mb_s=-27.788342 peak_memory_gb=28.5438
  trial scenario=graded partition_id=random_14 partition=12-10-11-9-10-11-10-7 lambda=0.021 safe=False first_violation=network event_count=18 peak_prefill=1 peak_decode=5 minimum_link_headroom_mb_s=-27.788342 peak_memory_gb=28.5438
  trial scenario=graded partition_id=random_14 partition=12-10-11-9-10-11-10-7 lambda=0.0215 safe=False first_violation=network event_count=18 peak_prefill=1 peak_decode=5 minimum_link_headroom_mb_s=-27.788342 peak_memory_gb=28.5438
  trial scenario=graded partition_id=random_14 partition=12-10-11-9-10-11-10-7 lambda=0.022 safe=False first_violation=network event_count=18 peak_prefill=1 peak_decode=5 minimum_link_headroom_mb_s=-27.788342 peak_memory_gb=28.5438
  random_14          partition=[12, 10, 11, 9, 10, 11, 10, 7] safe=0.0065 unsafe=0.007 violation=network monotonic=True
  trial scenario=graded partition_id=random_15 partition=12-6-11-11-9-9-10-12 lambda=0.006 safe=True first_violation=None event_count=204 peak_prefill=1 peak_decode=5 minimum_link_headroom_mb_s=172.577926 peak_memory_gb=28.83288
  trial scenario=graded partition_id=random_15 partition=12-6-11-11-9-9-10-12 lambda=0.0065 safe=False first_violation=network event_count=163 peak_prefill=1 peak_decode=5 minimum_link_headroom_mb_s=-124.627312 peak_memory_gb=29.28324
  trial scenario=graded partition_id=random_15 partition=12-6-11-11-9-9-10-12 lambda=0.007 safe=False first_violation=network event_count=161 peak_prefill=1 peak_decode=5 minimum_link_headroom_mb_s=-124.268815 peak_memory_gb=29.27748
  trial scenario=graded partition_id=random_15 partition=12-6-11-11-9-9-10-12 lambda=0.0075 safe=False first_violation=network event_count=159 peak_prefill=1 peak_decode=5 minimum_link_headroom_mb_s=-123.864929 peak_memory_gb=29.27172
  trial scenario=graded partition_id=random_15 partition=12-6-11-11-9-9-10-12 lambda=0.008 safe=False first_violation=network event_count=110 peak_prefill=1 peak_decode=5 minimum_link_headroom_mb_s=-94.004087 peak_memory_gb=28.1694
  trial scenario=graded partition_id=random_15 partition=12-6-11-11-9-9-10-12 lambda=0.0085 safe=False first_violation=network event_count=99 peak_prefill=1 peak_decode=5 minimum_link_headroom_mb_s=-100.819027 peak_memory_gb=28.16364
  trial scenario=graded partition_id=random_15 partition=12-6-11-11-9-9-10-12 lambda=0.009 safe=False first_violation=network event_count=70 peak_prefill=1 peak_decode=5 minimum_link_headroom_mb_s=-81.351068 peak_memory_gb=28.01388
  trial scenario=graded partition_id=random_15 partition=12-6-11-11-9-9-10-12 lambda=0.0095 safe=False first_violation=network event_count=69 peak_prefill=1 peak_decode=5 minimum_link_headroom_mb_s=-81.157836 peak_memory_gb=28.01388
  trial scenario=graded partition_id=random_15 partition=12-6-11-11-9-9-10-12 lambda=0.01 safe=False first_violation=network event_count=68 peak_prefill=1 peak_decode=5 minimum_link_headroom_mb_s=-80.985221 peak_memory_gb=28.58412
  trial scenario=graded partition_id=random_15 partition=12-6-11-11-9-9-10-12 lambda=0.0105 safe=False first_violation=network event_count=67 peak_prefill=1 peak_decode=5 minimum_link_headroom_mb_s=-80.812377 peak_memory_gb=28.58412
  trial scenario=graded partition_id=random_15 partition=12-6-11-11-9-9-10-12 lambda=0.011 safe=False first_violation=network event_count=66 peak_prefill=1 peak_decode=5 minimum_link_headroom_mb_s=-80.619416 peak_memory_gb=28.57836
  trial scenario=graded partition_id=random_15 partition=12-6-11-11-9-9-10-12 lambda=0.0115 safe=False first_violation=network event_count=66 peak_prefill=1 peak_decode=5 minimum_link_headroom_mb_s=-80.619416 peak_memory_gb=28.57836
  trial scenario=graded partition_id=random_15 partition=12-6-11-11-9-9-10-12 lambda=0.012 safe=False first_violation=network event_count=66 peak_prefill=1 peak_decode=5 minimum_link_headroom_mb_s=-80.619416 peak_memory_gb=28.57836
  trial scenario=graded partition_id=random_15 partition=12-6-11-11-9-9-10-12 lambda=0.0125 safe=False first_violation=network event_count=57 peak_prefill=1 peak_decode=5 minimum_link_headroom_mb_s=-98.111635 peak_memory_gb=28.57836
  trial scenario=graded partition_id=random_15 partition=12-6-11-11-9-9-10-12 lambda=0.013 safe=False first_violation=network event_count=23 peak_prefill=1 peak_decode=5 minimum_link_headroom_mb_s=-114.653619 peak_memory_gb=28.5726
  trial scenario=graded partition_id=random_15 partition=12-6-11-11-9-9-10-12 lambda=0.0135 safe=False first_violation=network event_count=21 peak_prefill=1 peak_decode=5 minimum_link_headroom_mb_s=-114.29687 peak_memory_gb=28.55532
  trial scenario=graded partition_id=random_15 partition=12-6-11-11-9-9-10-12 lambda=0.014 safe=False first_violation=network event_count=21 peak_prefill=1 peak_decode=5 minimum_link_headroom_mb_s=-114.29687 peak_memory_gb=28.55532
  trial scenario=graded partition_id=random_15 partition=12-6-11-11-9-9-10-12 lambda=0.0145 safe=False first_violation=network event_count=21 peak_prefill=1 peak_decode=5 minimum_link_headroom_mb_s=-114.29687 peak_memory_gb=28.55532
  trial scenario=graded partition_id=random_15 partition=12-6-11-11-9-9-10-12 lambda=0.015 safe=False first_violation=network event_count=21 peak_prefill=1 peak_decode=5 minimum_link_headroom_mb_s=-114.29687 peak_memory_gb=28.55532
  trial scenario=graded partition_id=random_15 partition=12-6-11-11-9-9-10-12 lambda=0.0155 safe=False first_violation=network event_count=21 peak_prefill=1 peak_decode=5 minimum_link_headroom_mb_s=-114.29687 peak_memory_gb=28.55532
  trial scenario=graded partition_id=random_15 partition=12-6-11-11-9-9-10-12 lambda=0.016 safe=False first_violation=network event_count=21 peak_prefill=1 peak_decode=5 minimum_link_headroom_mb_s=-114.29687 peak_memory_gb=28.55532
  trial scenario=graded partition_id=random_15 partition=12-6-11-11-9-9-10-12 lambda=0.0165 safe=False first_violation=network event_count=20 peak_prefill=1 peak_decode=5 minimum_link_headroom_mb_s=-114.11276 peak_memory_gb=28.55532
  trial scenario=graded partition_id=random_15 partition=12-6-11-11-9-9-10-12 lambda=0.017 safe=False first_violation=network event_count=19 peak_prefill=1 peak_decode=5 minimum_link_headroom_mb_s=-113.920605 peak_memory_gb=28.55532
  trial scenario=graded partition_id=random_15 partition=12-6-11-11-9-9-10-12 lambda=0.0175 safe=False first_violation=network event_count=19 peak_prefill=1 peak_decode=5 minimum_link_headroom_mb_s=-113.920605 peak_memory_gb=28.55532
  trial scenario=graded partition_id=random_15 partition=12-6-11-11-9-9-10-12 lambda=0.018 safe=False first_violation=network event_count=19 peak_prefill=1 peak_decode=5 minimum_link_headroom_mb_s=-113.920605 peak_memory_gb=28.54956
  trial scenario=graded partition_id=random_15 partition=12-6-11-11-9-9-10-12 lambda=0.0185 safe=False first_violation=network event_count=19 peak_prefill=1 peak_decode=5 minimum_link_headroom_mb_s=-113.920605 peak_memory_gb=28.54956
  trial scenario=graded partition_id=random_15 partition=12-6-11-11-9-9-10-12 lambda=0.019 safe=False first_violation=network event_count=19 peak_prefill=1 peak_decode=5 minimum_link_headroom_mb_s=-113.920605 peak_memory_gb=28.54956
  trial scenario=graded partition_id=random_15 partition=12-6-11-11-9-9-10-12 lambda=0.0195 safe=False first_violation=network event_count=19 peak_prefill=1 peak_decode=5 minimum_link_headroom_mb_s=-113.920605 peak_memory_gb=28.54956
  trial scenario=graded partition_id=random_15 partition=12-6-11-11-9-9-10-12 lambda=0.02 safe=False first_violation=network event_count=18 peak_prefill=1 peak_decode=5 minimum_link_headroom_mb_s=-113.748445 peak_memory_gb=28.5438
  trial scenario=graded partition_id=random_15 partition=12-6-11-11-9-9-10-12 lambda=0.0205 safe=False first_violation=network event_count=18 peak_prefill=1 peak_decode=5 minimum_link_headroom_mb_s=-113.748445 peak_memory_gb=28.5438
  trial scenario=graded partition_id=random_15 partition=12-6-11-11-9-9-10-12 lambda=0.021 safe=False first_violation=network event_count=18 peak_prefill=1 peak_decode=5 minimum_link_headroom_mb_s=-113.748445 peak_memory_gb=28.5438
  trial scenario=graded partition_id=random_15 partition=12-6-11-11-9-9-10-12 lambda=0.0215 safe=False first_violation=network event_count=18 peak_prefill=1 peak_decode=5 minimum_link_headroom_mb_s=-113.748445 peak_memory_gb=28.5438
  trial scenario=graded partition_id=random_15 partition=12-6-11-11-9-9-10-12 lambda=0.022 safe=False first_violation=network event_count=17 peak_prefill=1 peak_decode=5 minimum_link_headroom_mb_s=-113.564586 peak_memory_gb=28.5438
  random_15          partition=[12, 6, 11, 11, 9, 9, 10, 12] safe=0.006 unsafe=0.0065 violation=network monotonic=True
  trial scenario=graded partition_id=random_16 partition=7-10-12-13-10-10-8-10 lambda=0.006 safe=True first_violation=None event_count=204 peak_prefill=1 peak_decode=5 minimum_link_headroom_mb_s=201.726355 peak_memory_gb=30.73562
  trial scenario=graded partition_id=random_16 partition=7-10-12-13-10-10-8-10 lambda=0.0065 safe=False first_violation=network event_count=163 peak_prefill=1 peak_decode=5 minimum_link_headroom_mb_s=-86.153859 peak_memory_gb=31.01135
  trial scenario=graded partition_id=random_16 partition=7-10-12-13-10-10-8-10 lambda=0.007 safe=False first_violation=network event_count=162 peak_prefill=1 peak_decode=5 minimum_link_headroom_mb_s=-85.992761 peak_memory_gb=31.21727
  trial scenario=graded partition_id=random_16 partition=7-10-12-13-10-10-8-10 lambda=0.0075 safe=False first_violation=network event_count=160 peak_prefill=1 peak_decode=5 minimum_link_headroom_mb_s=-85.632373 peak_memory_gb=31.21727
  trial scenario=graded partition_id=random_16 partition=7-10-12-13-10-10-8-10 lambda=0.008 safe=False first_violation=network event_count=110 peak_prefill=1 peak_decode=5 minimum_link_headroom_mb_s=-57.626774 peak_memory_gb=30.01685
  trial scenario=graded partition_id=random_16 partition=7-10-12-13-10-10-8-10 lambda=0.0085 safe=False first_violation=network event_count=108 peak_prefill=1 peak_decode=5 minimum_link_headroom_mb_s=-57.277043 peak_memory_gb=30.01685
  trial scenario=graded partition_id=random_16 partition=7-10-12-13-10-10-8-10 lambda=0.009 safe=False first_violation=network event_count=70 peak_prefill=1 peak_decode=5 minimum_link_headroom_mb_s=-45.890094 peak_memory_gb=29.85461
  trial scenario=graded partition_id=random_16 partition=7-10-12-13-10-10-8-10 lambda=0.0095 safe=False first_violation=network event_count=69 peak_prefill=1 peak_decode=5 minimum_link_headroom_mb_s=-45.710622 peak_memory_gb=29.84837
  trial scenario=graded partition_id=random_16 partition=7-10-12-13-10-10-8-10 lambda=0.01 safe=False first_violation=network event_count=68 peak_prefill=1 peak_decode=5 minimum_link_headroom_mb_s=-45.549524 peak_memory_gb=30.46613
  trial scenario=graded partition_id=random_16 partition=7-10-12-13-10-10-8-10 lambda=0.0105 safe=False first_violation=network event_count=68 peak_prefill=1 peak_decode=5 minimum_link_headroom_mb_s=-45.549524 peak_memory_gb=30.46613
  trial scenario=graded partition_id=random_16 partition=7-10-12-13-10-10-8-10 lambda=0.011 safe=False first_violation=network event_count=66 peak_prefill=1 peak_decode=5 minimum_link_headroom_mb_s=-45.208991 peak_memory_gb=30.45989
  trial scenario=graded partition_id=random_16 partition=7-10-12-13-10-10-8-10 lambda=0.0115 safe=False first_violation=network event_count=66 peak_prefill=1 peak_decode=5 minimum_link_headroom_mb_s=-45.208991 peak_memory_gb=30.45989
  trial scenario=graded partition_id=random_16 partition=7-10-12-13-10-10-8-10 lambda=0.012 safe=False first_violation=network event_count=66 peak_prefill=1 peak_decode=5 minimum_link_headroom_mb_s=-45.208991 peak_memory_gb=30.45989
  trial scenario=graded partition_id=random_16 partition=7-10-12-13-10-10-8-10 lambda=0.0125 safe=False first_violation=network event_count=57 peak_prefill=1 peak_decode=5 minimum_link_headroom_mb_s=-61.440373 peak_memory_gb=30.45989
  trial scenario=graded partition_id=random_16 partition=7-10-12-13-10-10-8-10 lambda=0.013 safe=False first_violation=network event_count=23 peak_prefill=1 peak_decode=5 minimum_link_headroom_mb_s=-76.858946 peak_memory_gb=30.45365
  trial scenario=graded partition_id=random_16 partition=7-10-12-13-10-10-8-10 lambda=0.0135 safe=False first_violation=network event_count=21 peak_prefill=1 peak_decode=5 minimum_link_headroom_mb_s=-76.526469 peak_memory_gb=30.43493
  trial scenario=graded partition_id=random_16 partition=7-10-12-13-10-10-8-10 lambda=0.014 safe=False first_violation=network event_count=21 peak_prefill=1 peak_decode=5 minimum_link_headroom_mb_s=-76.526469 peak_memory_gb=30.43493
  trial scenario=graded partition_id=random_16 partition=7-10-12-13-10-10-8-10 lambda=0.0145 safe=False first_violation=network event_count=21 peak_prefill=1 peak_decode=5 minimum_link_headroom_mb_s=-76.526469 peak_memory_gb=30.43493
  trial scenario=graded partition_id=random_16 partition=7-10-12-13-10-10-8-10 lambda=0.015 safe=False first_violation=network event_count=21 peak_prefill=1 peak_decode=5 minimum_link_headroom_mb_s=-76.526469 peak_memory_gb=30.43493
  trial scenario=graded partition_id=random_16 partition=7-10-12-13-10-10-8-10 lambda=0.0155 safe=False first_violation=network event_count=21 peak_prefill=1 peak_decode=5 minimum_link_headroom_mb_s=-76.526469 peak_memory_gb=30.43493
  trial scenario=graded partition_id=random_16 partition=7-10-12-13-10-10-8-10 lambda=0.016 safe=False first_violation=network event_count=21 peak_prefill=1 peak_decode=5 minimum_link_headroom_mb_s=-76.526469 peak_memory_gb=30.43493
  trial scenario=graded partition_id=random_16 partition=7-10-12-13-10-10-8-10 lambda=0.0165 safe=False first_violation=network event_count=21 peak_prefill=1 peak_decode=5 minimum_link_headroom_mb_s=-76.526469 peak_memory_gb=30.43493
  trial scenario=graded partition_id=random_16 partition=7-10-12-13-10-10-8-10 lambda=0.017 safe=False first_violation=network event_count=20 peak_prefill=1 peak_decode=5 minimum_link_headroom_mb_s=-76.35511 peak_memory_gb=30.43493
  trial scenario=graded partition_id=random_16 partition=7-10-12-13-10-10-8-10 lambda=0.0175 safe=False first_violation=network event_count=19 peak_prefill=1 peak_decode=5 minimum_link_headroom_mb_s=-76.176595 peak_memory_gb=30.43493
  trial scenario=graded partition_id=random_16 partition=7-10-12-13-10-10-8-10 lambda=0.018 safe=False first_violation=network event_count=19 peak_prefill=1 peak_decode=5 minimum_link_headroom_mb_s=-76.176595 peak_memory_gb=30.43493
  trial scenario=graded partition_id=random_16 partition=7-10-12-13-10-10-8-10 lambda=0.0185 safe=False first_violation=network event_count=19 peak_prefill=1 peak_decode=5 minimum_link_headroom_mb_s=-76.176595 peak_memory_gb=30.42869
  trial scenario=graded partition_id=random_16 partition=7-10-12-13-10-10-8-10 lambda=0.019 safe=False first_violation=network event_count=19 peak_prefill=1 peak_decode=5 minimum_link_headroom_mb_s=-76.176595 peak_memory_gb=30.42869
  trial scenario=graded partition_id=random_16 partition=7-10-12-13-10-10-8-10 lambda=0.0195 safe=False first_violation=network event_count=19 peak_prefill=1 peak_decode=5 minimum_link_headroom_mb_s=-76.176595 peak_memory_gb=30.42869
  trial scenario=graded partition_id=random_16 partition=7-10-12-13-10-10-8-10 lambda=0.02 safe=False first_violation=network event_count=18 peak_prefill=1 peak_decode=5 minimum_link_headroom_mb_s=-76.015904 peak_memory_gb=30.42245
  trial scenario=graded partition_id=random_16 partition=7-10-12-13-10-10-8-10 lambda=0.0205 safe=False first_violation=network event_count=18 peak_prefill=1 peak_decode=5 minimum_link_headroom_mb_s=-76.015904 peak_memory_gb=30.42245
  trial scenario=graded partition_id=random_16 partition=7-10-12-13-10-10-8-10 lambda=0.021 safe=False first_violation=network event_count=18 peak_prefill=1 peak_decode=5 minimum_link_headroom_mb_s=-76.015904 peak_memory_gb=30.42245
  trial scenario=graded partition_id=random_16 partition=7-10-12-13-10-10-8-10 lambda=0.0215 safe=False first_violation=network event_count=18 peak_prefill=1 peak_decode=5 minimum_link_headroom_mb_s=-76.015904 peak_memory_gb=30.42245
  trial scenario=graded partition_id=random_16 partition=7-10-12-13-10-10-8-10 lambda=0.022 safe=False first_violation=network event_count=18 peak_prefill=1 peak_decode=5 minimum_link_headroom_mb_s=-76.015904 peak_memory_gb=30.42245
  random_16          partition=[7, 10, 12, 13, 10, 10, 8, 10] safe=0.006 unsafe=0.0065 violation=network monotonic=True
  trial scenario=graded partition_id=random_17 partition=7-15-8-10-10-10-8-12 lambda=0.006 safe=True first_violation=None event_count=204 peak_prefill=1 peak_decode=5 minimum_link_headroom_mb_s=184.354159 peak_memory_gb=34.5411
  trial scenario=graded partition_id=random_17 partition=7-15-8-10-10-10-8-12 lambda=0.0065 safe=False first_violation=network event_count=163 peak_prefill=1 peak_decode=5 minimum_link_headroom_mb_s=-109.075108 peak_memory_gb=35.10405
  trial scenario=graded partition_id=random_17 partition=7-15-8-10-10-10-8-12 lambda=0.007 safe=False first_violation=network event_count=161 peak_prefill=1 peak_decode=5 minimum_link_headroom_mb_s=-108.726591 peak_memory_gb=35.09685
  trial scenario=graded partition_id=random_17 partition=7-15-8-10-10-10-8-12 lambda=0.0075 safe=False first_violation=network event_count=159 peak_prefill=1 peak_decode=5 minimum_link_headroom_mb_s=-108.334765 peak_memory_gb=35.08965
  trial scenario=graded partition_id=random_17 partition=7-15-8-10-10-10-8-12 lambda=0.008 safe=False first_violation=network event_count=110 peak_prefill=1 peak_decode=5 minimum_link_headroom_mb_s=-79.307558 peak_memory_gb=33.71175
  trial scenario=graded partition_id=random_17 partition=7-15-8-10-10-10-8-12 lambda=0.0085 safe=False first_violation=network event_count=99 peak_prefill=1 peak_decode=5 minimum_link_headroom_mb_s=-85.930124 peak_memory_gb=33.70455
  trial scenario=graded partition_id=random_17 partition=7-15-8-10-10-10-8-12 lambda=0.009 safe=False first_violation=network event_count=70 peak_prefill=1 peak_decode=5 minimum_link_headroom_mb_s=-67.02873 peak_memory_gb=33.51735
  trial scenario=graded partition_id=random_17 partition=7-15-8-10-10-10-8-12 lambda=0.0095 safe=False first_violation=network event_count=69 peak_prefill=1 peak_decode=5 minimum_link_headroom_mb_s=-66.84112 peak_memory_gb=33.51735
  trial scenario=graded partition_id=random_17 partition=7-15-8-10-10-10-8-12 lambda=0.01 safe=False first_violation=network event_count=68 peak_prefill=1 peak_decode=5 minimum_link_headroom_mb_s=-66.6732 peak_memory_gb=34.23015
  trial scenario=graded partition_id=random_17 partition=7-15-8-10-10-10-8-12 lambda=0.0105 safe=False first_violation=network event_count=67 peak_prefill=1 peak_decode=5 minimum_link_headroom_mb_s=-66.505062 peak_memory_gb=34.23015
  trial scenario=graded partition_id=random_17 partition=7-15-8-10-10-10-8-12 lambda=0.011 safe=False first_violation=network event_count=66 peak_prefill=1 peak_decode=5 minimum_link_headroom_mb_s=-66.31771 peak_memory_gb=34.22295
  trial scenario=graded partition_id=random_17 partition=7-15-8-10-10-10-8-12 lambda=0.0115 safe=False first_violation=network event_count=66 peak_prefill=1 peak_decode=5 minimum_link_headroom_mb_s=-66.31771 peak_memory_gb=34.22295
  trial scenario=graded partition_id=random_17 partition=7-15-8-10-10-10-8-12 lambda=0.012 safe=False first_violation=network event_count=66 peak_prefill=1 peak_decode=5 minimum_link_headroom_mb_s=-66.31771 peak_memory_gb=34.22295
  trial scenario=graded partition_id=random_17 partition=7-15-8-10-10-10-8-12 lambda=0.0125 safe=False first_violation=network event_count=58 peak_prefill=1 peak_decode=5 minimum_link_headroom_mb_s=-83.481833 peak_memory_gb=34.22295
  trial scenario=graded partition_id=random_17 partition=7-15-8-10-10-10-8-12 lambda=0.013 safe=False first_violation=network event_count=23 peak_prefill=1 peak_decode=5 minimum_link_headroom_mb_s=-99.378789 peak_memory_gb=34.22295
  trial scenario=graded partition_id=random_17 partition=7-15-8-10-10-10-8-12 lambda=0.0135 safe=False first_violation=network event_count=21 peak_prefill=1 peak_decode=5 minimum_link_headroom_mb_s=-99.031941 peak_memory_gb=34.19415
  trial scenario=graded partition_id=random_17 partition=7-15-8-10-10-10-8-12 lambda=0.014 safe=False first_violation=network event_count=21 peak_prefill=1 peak_decode=5 minimum_link_headroom_mb_s=-99.031941 peak_memory_gb=34.19415
  trial scenario=graded partition_id=random_17 partition=7-15-8-10-10-10-8-12 lambda=0.0145 safe=False first_violation=network event_count=21 peak_prefill=1 peak_decode=5 minimum_link_headroom_mb_s=-99.031941 peak_memory_gb=34.19415
  trial scenario=graded partition_id=random_17 partition=7-15-8-10-10-10-8-12 lambda=0.015 safe=False first_violation=network event_count=21 peak_prefill=1 peak_decode=5 minimum_link_headroom_mb_s=-99.031941 peak_memory_gb=34.19415
  trial scenario=graded partition_id=random_17 partition=7-15-8-10-10-10-8-12 lambda=0.0155 safe=False first_violation=network event_count=21 peak_prefill=1 peak_decode=5 minimum_link_headroom_mb_s=-99.031941 peak_memory_gb=34.19415
  trial scenario=graded partition_id=random_17 partition=7-15-8-10-10-10-8-12 lambda=0.016 safe=False first_violation=network event_count=21 peak_prefill=1 peak_decode=5 minimum_link_headroom_mb_s=-99.031941 peak_memory_gb=34.19415
  trial scenario=graded partition_id=random_17 partition=7-15-8-10-10-10-8-12 lambda=0.0165 safe=False first_violation=network event_count=20 peak_prefill=1 peak_decode=5 minimum_link_headroom_mb_s=-98.853036 peak_memory_gb=34.19415
  trial scenario=graded partition_id=random_17 partition=7-15-8-10-10-10-8-12 lambda=0.017 safe=False first_violation=network event_count=20 peak_prefill=1 peak_decode=5 minimum_link_headroom_mb_s=-98.853036 peak_memory_gb=34.19415
  trial scenario=graded partition_id=random_17 partition=7-15-8-10-10-10-8-12 lambda=0.0175 safe=False first_violation=network event_count=19 peak_prefill=1 peak_decode=5 minimum_link_headroom_mb_s=-98.666453 peak_memory_gb=34.19415
  trial scenario=graded partition_id=random_17 partition=7-15-8-10-10-10-8-12 lambda=0.018 safe=False first_violation=network event_count=19 peak_prefill=1 peak_decode=5 minimum_link_headroom_mb_s=-98.666453 peak_memory_gb=34.18695
  trial scenario=graded partition_id=random_17 partition=7-15-8-10-10-10-8-12 lambda=0.0185 safe=False first_violation=network event_count=19 peak_prefill=1 peak_decode=5 minimum_link_headroom_mb_s=-98.666453 peak_memory_gb=34.18695
  trial scenario=graded partition_id=random_17 partition=7-15-8-10-10-10-8-12 lambda=0.019 safe=False first_violation=network event_count=19 peak_prefill=1 peak_decode=5 minimum_link_headroom_mb_s=-98.666453 peak_memory_gb=34.18695
  trial scenario=graded partition_id=random_17 partition=7-15-8-10-10-10-8-12 lambda=0.0195 safe=False first_violation=network event_count=19 peak_prefill=1 peak_decode=5 minimum_link_headroom_mb_s=-98.666453 peak_memory_gb=34.18695
  trial scenario=graded partition_id=random_17 partition=7-15-8-10-10-10-8-12 lambda=0.02 safe=False first_violation=network event_count=18 peak_prefill=1 peak_decode=5 minimum_link_headroom_mb_s=-98.498968 peak_memory_gb=34.17975
  trial scenario=graded partition_id=random_17 partition=7-15-8-10-10-10-8-12 lambda=0.0205 safe=False first_violation=network event_count=18 peak_prefill=1 peak_decode=5 minimum_link_headroom_mb_s=-98.498968 peak_memory_gb=34.17975
  trial scenario=graded partition_id=random_17 partition=7-15-8-10-10-10-8-12 lambda=0.021 safe=False first_violation=network event_count=18 peak_prefill=1 peak_decode=5 minimum_link_headroom_mb_s=-98.498968 peak_memory_gb=34.17975
  trial scenario=graded partition_id=random_17 partition=7-15-8-10-10-10-8-12 lambda=0.0215 safe=False first_violation=network event_count=18 peak_prefill=1 peak_decode=5 minimum_link_headroom_mb_s=-98.498968 peak_memory_gb=34.17975
  trial scenario=graded partition_id=random_17 partition=7-15-8-10-10-10-8-12 lambda=0.022 safe=False first_violation=network event_count=17 peak_prefill=1 peak_decode=5 minimum_link_headroom_mb_s=-98.320303 peak_memory_gb=34.17975
  random_17          partition=[7, 15, 8, 10, 10, 10, 8, 12] safe=0.006 unsafe=0.0065 violation=network monotonic=True
summary scenario=graded min=0.006 max=0.0085 absolute_gap=0.0025 relative_gap_pct=41.667 significant=True
scenario=shuffled_severe speeds=[0.6, 1.3, 0.75, 1.2, 0.65, 1.1, 0.85, 1.25] partitions=20
  trial scenario=shuffled_severe partition_id=uniform partition=10-10-10-10-10-10-10-10 lambda=0.006 safe=True first_violation=None event_count=204 peak_prefill=1 peak_decode=5 minimum_link_headroom_mb_s=182.944263 peak_memory_gb=25.0274
  trial scenario=shuffled_severe partition_id=uniform partition=10-10-10-10-10-10-10-10 lambda=0.0065 safe=False first_violation=network event_count=163 peak_prefill=1 peak_decode=5 minimum_link_headroom_mb_s=-110.936465 peak_memory_gb=25.4027
  trial scenario=shuffled_severe partition_id=uniform partition=10-10-10-10-10-10-10-10 lambda=0.007 safe=False first_violation=network event_count=161 peak_prefill=1 peak_decode=5 minimum_link_headroom_mb_s=-110.58676 peak_memory_gb=25.3979
  trial scenario=shuffled_severe partition_id=uniform partition=10-10-10-10-10-10-10-10 lambda=0.0075 safe=False first_violation=network event_count=159 peak_prefill=1 peak_decode=5 minimum_link_headroom_mb_s=-110.193501 peak_memory_gb=25.3931
  trial scenario=shuffled_severe partition_id=uniform partition=10-10-10-10-10-10-10-10 lambda=0.008 safe=False first_violation=network event_count=110 peak_prefill=1 peak_decode=5 minimum_link_headroom_mb_s=-81.0671 peak_memory_gb=24.4745
  trial scenario=shuffled_severe partition_id=uniform partition=10-10-10-10-10-10-10-10 lambda=0.0085 safe=False first_violation=network event_count=99 peak_prefill=1 peak_decode=5 minimum_link_headroom_mb_s=-87.712549 peak_memory_gb=24.4697
  trial scenario=shuffled_severe partition_id=uniform partition=10-10-10-10-10-10-10-10 lambda=0.009 safe=False first_violation=network event_count=70 peak_prefill=1 peak_decode=5 minimum_link_headroom_mb_s=-68.743757 peak_memory_gb=24.3449
  trial scenario=shuffled_severe partition_id=uniform partition=10-10-10-10-10-10-10-10 lambda=0.0095 safe=False first_violation=network event_count=69 peak_prefill=1 peak_decode=5 minimum_link_headroom_mb_s=-68.555479 peak_memory_gb=24.3449
  trial scenario=shuffled_severe partition_id=uniform partition=10-10-10-10-10-10-10-10 lambda=0.01 safe=False first_violation=network event_count=68 peak_prefill=1 peak_decode=5 minimum_link_headroom_mb_s=-68.387 peak_memory_gb=24.8201
  trial scenario=shuffled_severe partition_id=uniform partition=10-10-10-10-10-10-10-10 lambda=0.0105 safe=False first_violation=network event_count=67 peak_prefill=1 peak_decode=5 minimum_link_headroom_mb_s=-68.218301 peak_memory_gb=24.8201
  trial scenario=shuffled_severe partition_id=uniform partition=10-10-10-10-10-10-10-10 lambda=0.011 safe=False first_violation=network event_count=66 peak_prefill=1 peak_decode=5 minimum_link_headroom_mb_s=-68.030282 peak_memory_gb=24.8153
  trial scenario=shuffled_severe partition_id=uniform partition=10-10-10-10-10-10-10-10 lambda=0.0115 safe=False first_violation=network event_count=66 peak_prefill=1 peak_decode=5 minimum_link_headroom_mb_s=-68.030282 peak_memory_gb=24.8153
  trial scenario=shuffled_severe partition_id=uniform partition=10-10-10-10-10-10-10-10 lambda=0.012 safe=False first_violation=network event_count=66 peak_prefill=1 peak_decode=5 minimum_link_headroom_mb_s=-68.030282 peak_memory_gb=24.8153
  trial scenario=shuffled_severe partition_id=uniform partition=10-10-10-10-10-10-10-10 lambda=0.0125 safe=False first_violation=network event_count=58 peak_prefill=1 peak_decode=5 minimum_link_headroom_mb_s=-85.256323 peak_memory_gb=24.8153
  trial scenario=shuffled_severe partition_id=uniform partition=10-10-10-10-10-10-10-10 lambda=0.013 safe=False first_violation=network event_count=23 peak_prefill=1 peak_decode=5 minimum_link_headroom_mb_s=-101.207162 peak_memory_gb=24.8153
  trial scenario=shuffled_severe partition_id=uniform partition=10-10-10-10-10-10-10-10 lambda=0.0135 safe=False first_violation=network event_count=21 peak_prefill=1 peak_decode=5 minimum_link_headroom_mb_s=-100.859136 peak_memory_gb=24.7961
  trial scenario=shuffled_severe partition_id=uniform partition=10-10-10-10-10-10-10-10 lambda=0.014 safe=False first_violation=network event_count=21 peak_prefill=1 peak_decode=5 minimum_link_headroom_mb_s=-100.859136 peak_memory_gb=24.7961
  trial scenario=shuffled_severe partition_id=uniform partition=10-10-10-10-10-10-10-10 lambda=0.0145 safe=False first_violation=network event_count=21 peak_prefill=1 peak_decode=5 minimum_link_headroom_mb_s=-100.859136 peak_memory_gb=24.7961
  trial scenario=shuffled_severe partition_id=uniform partition=10-10-10-10-10-10-10-10 lambda=0.015 safe=False first_violation=network event_count=21 peak_prefill=1 peak_decode=5 minimum_link_headroom_mb_s=-100.859136 peak_memory_gb=24.7961
  trial scenario=shuffled_severe partition_id=uniform partition=10-10-10-10-10-10-10-10 lambda=0.0155 safe=False first_violation=network event_count=21 peak_prefill=1 peak_decode=5 minimum_link_headroom_mb_s=-100.859136 peak_memory_gb=24.7961
  trial scenario=shuffled_severe partition_id=uniform partition=10-10-10-10-10-10-10-10 lambda=0.016 safe=False first_violation=network event_count=21 peak_prefill=1 peak_decode=5 minimum_link_headroom_mb_s=-100.859136 peak_memory_gb=24.7961
  trial scenario=shuffled_severe partition_id=uniform partition=10-10-10-10-10-10-10-10 lambda=0.0165 safe=False first_violation=network event_count=20 peak_prefill=1 peak_decode=5 minimum_link_headroom_mb_s=-100.679612 peak_memory_gb=24.7961
  trial scenario=shuffled_severe partition_id=uniform partition=10-10-10-10-10-10-10-10 lambda=0.017 safe=False first_violation=network event_count=20 peak_prefill=1 peak_decode=5 minimum_link_headroom_mb_s=-100.679612 peak_memory_gb=24.7961
  trial scenario=shuffled_severe partition_id=uniform partition=10-10-10-10-10-10-10-10 lambda=0.0175 safe=False first_violation=network event_count=19 peak_prefill=1 peak_decode=5 minimum_link_headroom_mb_s=-100.492366 peak_memory_gb=24.7961
  trial scenario=shuffled_severe partition_id=uniform partition=10-10-10-10-10-10-10-10 lambda=0.018 safe=False first_violation=network event_count=19 peak_prefill=1 peak_decode=5 minimum_link_headroom_mb_s=-100.492366 peak_memory_gb=24.7913
  trial scenario=shuffled_severe partition_id=uniform partition=10-10-10-10-10-10-10-10 lambda=0.0185 safe=False first_violation=network event_count=19 peak_prefill=1 peak_decode=5 minimum_link_headroom_mb_s=-100.492366 peak_memory_gb=24.7913
  trial scenario=shuffled_severe partition_id=uniform partition=10-10-10-10-10-10-10-10 lambda=0.019 safe=False first_violation=network event_count=19 peak_prefill=1 peak_decode=5 minimum_link_headroom_mb_s=-100.492366 peak_memory_gb=24.7913
  trial scenario=shuffled_severe partition_id=uniform partition=10-10-10-10-10-10-10-10 lambda=0.0195 safe=False first_violation=network event_count=19 peak_prefill=1 peak_decode=5 minimum_link_headroom_mb_s=-100.492366 peak_memory_gb=24.7913
  trial scenario=shuffled_severe partition_id=uniform partition=10-10-10-10-10-10-10-10 lambda=0.02 safe=False first_violation=network event_count=18 peak_prefill=1 peak_decode=5 minimum_link_headroom_mb_s=-100.324325 peak_memory_gb=24.7865
  trial scenario=shuffled_severe partition_id=uniform partition=10-10-10-10-10-10-10-10 lambda=0.0205 safe=False first_violation=network event_count=18 peak_prefill=1 peak_decode=5 minimum_link_headroom_mb_s=-100.324325 peak_memory_gb=24.7865
  trial scenario=shuffled_severe partition_id=uniform partition=10-10-10-10-10-10-10-10 lambda=0.021 safe=False first_violation=network event_count=18 peak_prefill=1 peak_decode=5 minimum_link_headroom_mb_s=-100.324325 peak_memory_gb=24.7865
  trial scenario=shuffled_severe partition_id=uniform partition=10-10-10-10-10-10-10-10 lambda=0.0215 safe=False first_violation=network event_count=18 peak_prefill=1 peak_decode=5 minimum_link_headroom_mb_s=-100.324325 peak_memory_gb=24.7865
  trial scenario=shuffled_severe partition_id=uniform partition=10-10-10-10-10-10-10-10 lambda=0.022 safe=False first_violation=network event_count=17 peak_prefill=1 peak_decode=5 minimum_link_headroom_mb_s=-100.145041 peak_memory_gb=24.7865
  uniform            partition=[10, 10, 10, 10, 10, 10, 10, 10] safe=0.006 unsafe=0.0065 violation=network monotonic=True
  trial scenario=shuffled_severe partition_id=compute_balanced partition=6-14-8-12-7-11-9-13 lambda=0.006 safe=True first_violation=None event_count=204 peak_prefill=1 peak_decode=5 minimum_link_headroom_mb_s=310.363765 peak_memory_gb=32.64508
  trial scenario=shuffled_severe partition_id=compute_balanced partition=6-14-8-12-7-11-9-13 lambda=0.0065 safe=True first_violation=None event_count=204 peak_prefill=1 peak_decode=5 minimum_link_headroom_mb_s=310.485878 peak_memory_gb=32.63836
  trial scenario=shuffled_severe partition_id=compute_balanced partition=6-14-8-12-7-11-9-13 lambda=0.007 safe=True first_violation=None event_count=204 peak_prefill=1 peak_decode=6 minimum_link_headroom_mb_s=56.773186 peak_memory_gb=33.5401
  trial scenario=shuffled_severe partition_id=compute_balanced partition=6-14-8-12-7-11-9-13 lambda=0.0075 safe=True first_violation=None event_count=204 peak_prefill=1 peak_decode=6 minimum_link_headroom_mb_s=56.894439 peak_memory_gb=33.53338
  trial scenario=shuffled_severe partition_id=compute_balanced partition=6-14-8-12-7-11-9-13 lambda=0.008 safe=True first_violation=None event_count=204 peak_prefill=1 peak_decode=6 minimum_link_headroom_mb_s=57.16063 peak_memory_gb=33.51994
  trial scenario=shuffled_severe partition_id=compute_balanced partition=6-14-8-12-7-11-9-13 lambda=0.0085 safe=True first_violation=None event_count=204 peak_prefill=1 peak_decode=6 minimum_link_headroom_mb_s=56.944882 peak_memory_gb=33.53338
  trial scenario=shuffled_severe partition_id=compute_balanced partition=6-14-8-12-7-11-9-13 lambda=0.009 safe=False first_violation=network event_count=167 peak_prefill=1 peak_decode=6 minimum_link_headroom_mb_s=-215.041157 peak_memory_gb=33.51994
  trial scenario=shuffled_severe partition_id=compute_balanced partition=6-14-8-12-7-11-9-13 lambda=0.0095 safe=False first_violation=network event_count=117 peak_prefill=1 peak_decode=6 minimum_link_headroom_mb_s=-180.275821 peak_memory_gb=32.2339
  trial scenario=shuffled_severe partition_id=compute_balanced partition=6-14-8-12-7-11-9-13 lambda=0.01 safe=False first_violation=network event_count=116 peak_prefill=1 peak_decode=6 minimum_link_headroom_mb_s=-180.130502 peak_memory_gb=32.2339
  trial scenario=shuffled_severe partition_id=compute_balanced partition=6-14-8-12-7-11-9-13 lambda=0.0105 safe=False first_violation=network event_count=104 peak_prefill=1 peak_decode=6 minimum_link_headroom_mb_s=-188.609681 peak_memory_gb=32.34814
  trial scenario=shuffled_severe partition_id=compute_balanced partition=6-14-8-12-7-11-9-13 lambda=0.011 safe=False first_violation=network event_count=102 peak_prefill=1 peak_decode=6 minimum_link_headroom_mb_s=-188.336433 peak_memory_gb=32.34814
  trial scenario=shuffled_severe partition_id=compute_balanced partition=6-14-8-12-7-11-9-13 lambda=0.0115 safe=False first_violation=network event_count=101 peak_prefill=1 peak_decode=6 minimum_link_headroom_mb_s=-188.195786 peak_memory_gb=32.34814
  trial scenario=shuffled_severe partition_id=compute_balanced partition=6-14-8-12-7-11-9-13 lambda=0.012 safe=False first_violation=network event_count=74 peak_prefill=1 peak_decode=6 minimum_link_headroom_mb_s=-182.912253 peak_memory_gb=32.34142
  trial scenario=shuffled_severe partition_id=compute_balanced partition=6-14-8-12-7-11-9-13 lambda=0.0125 safe=False first_violation=network event_count=74 peak_prefill=1 peak_decode=6 minimum_link_headroom_mb_s=-182.912253 peak_memory_gb=32.34142
  trial scenario=shuffled_severe partition_id=compute_balanced partition=6-14-8-12-7-11-9-13 lambda=0.013 safe=False first_violation=network event_count=73 peak_prefill=1 peak_decode=6 minimum_link_headroom_mb_s=-182.767948 peak_memory_gb=32.34142
  trial scenario=shuffled_severe partition_id=compute_balanced partition=6-14-8-12-7-11-9-13 lambda=0.0135 safe=False first_violation=network event_count=73 peak_prefill=1 peak_decode=6 minimum_link_headroom_mb_s=-182.767948 peak_memory_gb=32.34142
  trial scenario=shuffled_severe partition_id=compute_balanced partition=6-14-8-12-7-11-9-13 lambda=0.014 safe=False first_violation=network event_count=68 peak_prefill=1 peak_decode=6 minimum_link_headroom_mb_s=-182.115862 peak_memory_gb=32.46238
  trial scenario=shuffled_severe partition_id=compute_balanced partition=6-14-8-12-7-11-9-13 lambda=0.0145 safe=False first_violation=network event_count=68 peak_prefill=1 peak_decode=6 minimum_link_headroom_mb_s=-182.115862 peak_memory_gb=32.45566
  trial scenario=shuffled_severe partition_id=compute_balanced partition=6-14-8-12-7-11-9-13 lambda=0.015 safe=False first_violation=network event_count=68 peak_prefill=1 peak_decode=6 minimum_link_headroom_mb_s=-182.115862 peak_memory_gb=32.45566
  trial scenario=shuffled_severe partition_id=compute_balanced partition=6-14-8-12-7-11-9-13 lambda=0.0155 safe=False first_violation=network event_count=68 peak_prefill=1 peak_decode=6 minimum_link_headroom_mb_s=-182.115862 peak_memory_gb=32.45566
  trial scenario=shuffled_severe partition_id=compute_balanced partition=6-14-8-12-7-11-9-13 lambda=0.016 safe=False first_violation=network event_count=60 peak_prefill=1 peak_decode=6 minimum_link_headroom_mb_s=-182.7223 peak_memory_gb=32.45566
  trial scenario=shuffled_severe partition_id=compute_balanced partition=6-14-8-12-7-11-9-13 lambda=0.0165 safe=False first_violation=network event_count=60 peak_prefill=1 peak_decode=6 minimum_link_headroom_mb_s=-182.7223 peak_memory_gb=32.45566
  trial scenario=shuffled_severe partition_id=compute_balanced partition=6-14-8-12-7-11-9-13 lambda=0.017 safe=False first_violation=network event_count=59 peak_prefill=1 peak_decode=6 minimum_link_headroom_mb_s=-182.582778 peak_memory_gb=32.45566
  trial scenario=shuffled_severe partition_id=compute_balanced partition=6-14-8-12-7-11-9-13 lambda=0.0175 safe=False first_violation=network event_count=26 peak_prefill=1 peak_decode=6 minimum_link_headroom_mb_s=-192.743457 peak_memory_gb=32.44894
  trial scenario=shuffled_severe partition_id=compute_balanced partition=6-14-8-12-7-11-9-13 lambda=0.018 safe=False first_violation=network event_count=26 peak_prefill=1 peak_decode=6 minimum_link_headroom_mb_s=-192.743457 peak_memory_gb=32.44222
  trial scenario=shuffled_severe partition_id=compute_balanced partition=6-14-8-12-7-11-9-13 lambda=0.0185 safe=False first_violation=network event_count=26 peak_prefill=1 peak_decode=6 minimum_link_headroom_mb_s=-192.743457 peak_memory_gb=32.44222
  trial scenario=shuffled_severe partition_id=compute_balanced partition=6-14-8-12-7-11-9-13 lambda=0.019 safe=False first_violation=network event_count=25 peak_prefill=1 peak_decode=6 minimum_link_headroom_mb_s=-192.616031 peak_memory_gb=32.4355
  trial scenario=shuffled_severe partition_id=compute_balanced partition=6-14-8-12-7-11-9-13 lambda=0.0195 safe=False first_violation=network event_count=25 peak_prefill=1 peak_decode=6 minimum_link_headroom_mb_s=-192.616031 peak_memory_gb=32.4355
  trial scenario=shuffled_severe partition_id=compute_balanced partition=6-14-8-12-7-11-9-13 lambda=0.02 safe=False first_violation=network event_count=25 peak_prefill=1 peak_decode=6 minimum_link_headroom_mb_s=-192.616031 peak_memory_gb=32.4355
  trial scenario=shuffled_severe partition_id=compute_balanced partition=6-14-8-12-7-11-9-13 lambda=0.0205 safe=False first_violation=network event_count=25 peak_prefill=1 peak_decode=6 minimum_link_headroom_mb_s=-192.616031 peak_memory_gb=32.4355
  trial scenario=shuffled_severe partition_id=compute_balanced partition=6-14-8-12-7-11-9-13 lambda=0.021 safe=False first_violation=network event_count=24 peak_prefill=1 peak_decode=6 minimum_link_headroom_mb_s=-192.481787 peak_memory_gb=32.4355
  trial scenario=shuffled_severe partition_id=compute_balanced partition=6-14-8-12-7-11-9-13 lambda=0.0215 safe=False first_violation=network event_count=23 peak_prefill=1 peak_decode=6 minimum_link_headroom_mb_s=-192.347241 peak_memory_gb=32.4355
  trial scenario=shuffled_severe partition_id=compute_balanced partition=6-14-8-12-7-11-9-13 lambda=0.022 safe=False first_violation=network event_count=23 peak_prefill=1 peak_decode=6 minimum_link_headroom_mb_s=-192.347241 peak_memory_gb=32.42878
  compute_balanced   partition=[6, 14, 8, 12, 7, 11, 9, 13] safe=0.0085 unsafe=0.009 violation=network monotonic=True
  trial scenario=shuffled_severe partition_id=random_00 partition=8-12-8-9-10-9-13-11 lambda=0.006 safe=True first_violation=None event_count=204 peak_prefill=1 peak_decode=5 minimum_link_headroom_mb_s=219.880306 peak_memory_gb=30.74186
  trial scenario=shuffled_severe partition_id=random_00 partition=8-12-8-9-10-9-13-11 lambda=0.0065 safe=True first_violation=None event_count=204 peak_prefill=1 peak_decode=5 minimum_link_headroom_mb_s=220.329176 peak_memory_gb=31.11119
  trial scenario=shuffled_severe partition_id=random_00 partition=8-12-8-9-10-9-13-11 lambda=0.007 safe=False first_violation=network event_count=162 peak_prefill=1 peak_decode=5 minimum_link_headroom_mb_s=-61.869072 peak_memory_gb=31.22351
  trial scenario=shuffled_severe partition_id=random_00 partition=8-12-8-9-10-9-13-11 lambda=0.0075 safe=False first_violation=network event_count=160 peak_prefill=1 peak_decode=5 minimum_link_headroom_mb_s=-61.52556 peak_memory_gb=31.21727
  trial scenario=shuffled_severe partition_id=random_00 partition=8-12-8-9-10-9-13-11 lambda=0.008 safe=False first_violation=network event_count=110 peak_prefill=1 peak_decode=5 minimum_link_headroom_mb_s=-34.775317 peak_memory_gb=30.01685
  trial scenario=shuffled_severe partition_id=random_00 partition=8-12-8-9-10-9-13-11 lambda=0.0085 safe=False first_violation=network event_count=108 peak_prefill=1 peak_decode=5 minimum_link_headroom_mb_s=-34.441698 peak_memory_gb=30.01685
  trial scenario=shuffled_severe partition_id=random_00 partition=8-12-8-9-10-9-13-11 lambda=0.009 safe=False first_violation=network event_count=70 peak_prefill=1 peak_decode=5 minimum_link_headroom_mb_s=-23.597347 peak_memory_gb=29.85461
  trial scenario=shuffled_severe partition_id=random_00 partition=8-12-8-9-10-9-13-11 lambda=0.0095 safe=False first_violation=network event_count=69 peak_prefill=1 peak_decode=5 minimum_link_headroom_mb_s=-23.426254 peak_memory_gb=29.84837
  trial scenario=shuffled_severe partition_id=random_00 partition=8-12-8-9-10-9-13-11 lambda=0.01 safe=False first_violation=network event_count=69 peak_prefill=1 peak_decode=5 minimum_link_headroom_mb_s=-23.426254 peak_memory_gb=30.46613
  trial scenario=shuffled_severe partition_id=random_00 partition=8-12-8-9-10-9-13-11 lambda=0.0105 safe=False first_violation=network event_count=68 peak_prefill=1 peak_decode=5 minimum_link_headroom_mb_s=-23.27221 peak_memory_gb=30.46613
  trial scenario=shuffled_severe partition_id=random_00 partition=8-12-8-9-10-9-13-11 lambda=0.011 safe=False first_violation=network event_count=66 peak_prefill=1 peak_decode=5 minimum_link_headroom_mb_s=-22.947106 peak_memory_gb=30.45989
  trial scenario=shuffled_severe partition_id=random_00 partition=8-12-8-9-10-9-13-11 lambda=0.0115 safe=False first_violation=network event_count=66 peak_prefill=1 peak_decode=5 minimum_link_headroom_mb_s=-22.947106 peak_memory_gb=30.45989
  trial scenario=shuffled_severe partition_id=random_00 partition=8-12-8-9-10-9-13-11 lambda=0.012 safe=False first_violation=network event_count=66 peak_prefill=1 peak_decode=5 minimum_link_headroom_mb_s=-22.947106 peak_memory_gb=30.45989
  trial scenario=shuffled_severe partition_id=random_00 partition=8-12-8-9-10-9-13-11 lambda=0.0125 safe=False first_violation=network event_count=66 peak_prefill=1 peak_decode=5 minimum_link_headroom_mb_s=-22.947106 peak_memory_gb=30.45989
  trial scenario=shuffled_severe partition_id=random_00 partition=8-12-8-9-10-9-13-11 lambda=0.013 safe=False first_violation=network event_count=23 peak_prefill=1 peak_decode=5 minimum_link_headroom_mb_s=-53.14129 peak_memory_gb=30.45365
  trial scenario=shuffled_severe partition_id=random_00 partition=8-12-8-9-10-9-13-11 lambda=0.0135 safe=False first_violation=network event_count=22 peak_prefill=1 peak_decode=5 minimum_link_headroom_mb_s=-52.977508 peak_memory_gb=30.44741
  trial scenario=shuffled_severe partition_id=random_00 partition=8-12-8-9-10-9-13-11 lambda=0.014 safe=False first_violation=network event_count=21 peak_prefill=1 peak_decode=5 minimum_link_headroom_mb_s=-52.823654 peak_memory_gb=30.43493
  trial scenario=shuffled_severe partition_id=random_00 partition=8-12-8-9-10-9-13-11 lambda=0.0145 safe=False first_violation=network event_count=21 peak_prefill=1 peak_decode=5 minimum_link_headroom_mb_s=-52.823654 peak_memory_gb=30.43493
  trial scenario=shuffled_severe partition_id=random_00 partition=8-12-8-9-10-9-13-11 lambda=0.015 safe=False first_violation=network event_count=21 peak_prefill=1 peak_decode=5 minimum_link_headroom_mb_s=-52.823654 peak_memory_gb=30.43493
  trial scenario=shuffled_severe partition_id=random_00 partition=8-12-8-9-10-9-13-11 lambda=0.0155 safe=False first_violation=network event_count=21 peak_prefill=1 peak_decode=5 minimum_link_headroom_mb_s=-52.823654 peak_memory_gb=30.43493
  trial scenario=shuffled_severe partition_id=random_00 partition=8-12-8-9-10-9-13-11 lambda=0.016 safe=False first_violation=network event_count=21 peak_prefill=1 peak_decode=5 minimum_link_headroom_mb_s=-52.823654 peak_memory_gb=30.43493
  trial scenario=shuffled_severe partition_id=random_00 partition=8-12-8-9-10-9-13-11 lambda=0.0165 safe=False first_violation=network event_count=21 peak_prefill=1 peak_decode=5 minimum_link_headroom_mb_s=-52.823654 peak_memory_gb=30.43493
  trial scenario=shuffled_severe partition_id=random_00 partition=8-12-8-9-10-9-13-11 lambda=0.017 safe=False first_violation=network event_count=20 peak_prefill=1 peak_decode=5 minimum_link_headroom_mb_s=-52.66008 peak_memory_gb=30.43493
  trial scenario=shuffled_severe partition_id=random_00 partition=8-12-8-9-10-9-13-11 lambda=0.0175 safe=False first_violation=network event_count=19 peak_prefill=1 peak_decode=5 minimum_link_headroom_mb_s=-52.489872 peak_memory_gb=30.43493
  trial scenario=shuffled_severe partition_id=random_00 partition=8-12-8-9-10-9-13-11 lambda=0.018 safe=False first_violation=network event_count=19 peak_prefill=1 peak_decode=5 minimum_link_headroom_mb_s=-52.489872 peak_memory_gb=30.43493
  trial scenario=shuffled_severe partition_id=random_00 partition=8-12-8-9-10-9-13-11 lambda=0.0185 safe=False first_violation=network event_count=19 peak_prefill=1 peak_decode=5 minimum_link_headroom_mb_s=-52.489872 peak_memory_gb=30.42869
  trial scenario=shuffled_severe partition_id=random_00 partition=8-12-8-9-10-9-13-11 lambda=0.019 safe=False first_violation=network event_count=19 peak_prefill=1 peak_decode=5 minimum_link_headroom_mb_s=-52.489872 peak_memory_gb=30.42869
  trial scenario=shuffled_severe partition_id=random_00 partition=8-12-8-9-10-9-13-11 lambda=0.0195 safe=False first_violation=network event_count=19 peak_prefill=1 peak_decode=5 minimum_link_headroom_mb_s=-52.489872 peak_memory_gb=30.42869
  trial scenario=shuffled_severe partition_id=random_00 partition=8-12-8-9-10-9-13-11 lambda=0.02 safe=False first_violation=network event_count=19 peak_prefill=1 peak_decode=5 minimum_link_headroom_mb_s=-52.489872 peak_memory_gb=30.42869
  trial scenario=shuffled_severe partition_id=random_00 partition=8-12-8-9-10-9-13-11 lambda=0.0205 safe=False first_violation=network event_count=18 peak_prefill=1 peak_decode=5 minimum_link_headroom_mb_s=-52.336208 peak_memory_gb=30.42245
  trial scenario=shuffled_severe partition_id=random_00 partition=8-12-8-9-10-9-13-11 lambda=0.021 safe=False first_violation=network event_count=18 peak_prefill=1 peak_decode=5 minimum_link_headroom_mb_s=-52.336208 peak_memory_gb=30.42245
  trial scenario=shuffled_severe partition_id=random_00 partition=8-12-8-9-10-9-13-11 lambda=0.0215 safe=False first_violation=network event_count=18 peak_prefill=1 peak_decode=5 minimum_link_headroom_mb_s=-52.336208 peak_memory_gb=30.42245
  trial scenario=shuffled_severe partition_id=random_00 partition=8-12-8-9-10-9-13-11 lambda=0.022 safe=False first_violation=network event_count=18 peak_prefill=1 peak_decode=5 minimum_link_headroom_mb_s=-52.336208 peak_memory_gb=30.42245
  random_00          partition=[8, 12, 8, 9, 10, 9, 13, 11] safe=0.0065 unsafe=0.007 violation=network monotonic=True
  trial scenario=shuffled_severe partition_id=random_01 partition=9-14-9-8-9-10-12-9 lambda=0.006 safe=True first_violation=None event_count=204 peak_prefill=1 peak_decode=5 minimum_link_headroom_mb_s=214.131596 peak_memory_gb=32.64508
  trial scenario=shuffled_severe partition_id=random_01 partition=9-14-9-8-9-10-12-9 lambda=0.0065 safe=False first_violation=network event_count=163 peak_prefill=1 peak_decode=5 minimum_link_headroom_mb_s=-69.593509 peak_memory_gb=32.9353
  trial scenario=shuffled_severe partition_id=random_01 partition=9-14-9-8-9-10-12-9 lambda=0.007 safe=False first_violation=network event_count=162 peak_prefill=1 peak_decode=5 minimum_link_headroom_mb_s=-69.437267 peak_memory_gb=33.15706
  trial scenario=shuffled_severe partition_id=random_01 partition=9-14-9-8-9-10-12-9 lambda=0.0075 safe=False first_violation=network event_count=160 peak_prefill=1 peak_decode=5 minimum_link_headroom_mb_s=-69.088502 peak_memory_gb=33.15706
  trial scenario=shuffled_severe partition_id=random_01 partition=9-14-9-8-9-10-12-9 lambda=0.008 safe=False first_violation=network event_count=110 peak_prefill=1 peak_decode=5 minimum_link_headroom_mb_s=-41.947312 peak_memory_gb=31.8643
  trial scenario=shuffled_severe partition_id=random_01 partition=9-14-9-8-9-10-12-9 lambda=0.0085 safe=False first_violation=network event_count=108 peak_prefill=1 peak_decode=5 minimum_link_headroom_mb_s=-41.608677 peak_memory_gb=31.8643
  trial scenario=shuffled_severe partition_id=random_01 partition=9-14-9-8-9-10-12-9 lambda=0.009 safe=False first_violation=network event_count=70 peak_prefill=1 peak_decode=5 minimum_link_headroom_mb_s=-30.595392 peak_memory_gb=31.68958
  trial scenario=shuffled_severe partition_id=random_01 partition=9-14-9-8-9-10-12-9 lambda=0.0095 safe=False first_violation=network event_count=69 peak_prefill=1 peak_decode=5 minimum_link_headroom_mb_s=-30.421691 peak_memory_gb=31.68286
  trial scenario=shuffled_severe partition_id=random_01 partition=9-14-9-8-9-10-12-9 lambda=0.01 safe=False first_violation=network event_count=69 peak_prefill=1 peak_decode=5 minimum_link_headroom_mb_s=-30.421691 peak_memory_gb=32.34814
  trial scenario=shuffled_severe partition_id=random_01 partition=9-14-9-8-9-10-12-9 lambda=0.0105 safe=False first_violation=network event_count=68 peak_prefill=1 peak_decode=5 minimum_link_headroom_mb_s=-30.265449 peak_memory_gb=32.34814
  trial scenario=shuffled_severe partition_id=random_01 partition=9-14-9-8-9-10-12-9 lambda=0.011 safe=False first_violation=network event_count=66 peak_prefill=1 peak_decode=5 minimum_link_headroom_mb_s=-29.935539 peak_memory_gb=32.34142
  trial scenario=shuffled_severe partition_id=random_01 partition=9-14-9-8-9-10-12-9 lambda=0.0115 safe=False first_violation=network event_count=66 peak_prefill=1 peak_decode=5 minimum_link_headroom_mb_s=-29.935539 peak_memory_gb=32.34142
  trial scenario=shuffled_severe partition_id=random_01 partition=9-14-9-8-9-10-12-9 lambda=0.012 safe=False first_violation=network event_count=66 peak_prefill=1 peak_decode=5 minimum_link_headroom_mb_s=-29.935539 peak_memory_gb=32.34142
  trial scenario=shuffled_severe partition_id=random_01 partition=9-14-9-8-9-10-12-9 lambda=0.0125 safe=False first_violation=network event_count=58 peak_prefill=1 peak_decode=5 minimum_link_headroom_mb_s=-45.810693 peak_memory_gb=32.34142
  trial scenario=shuffled_severe partition_id=random_01 partition=9-14-9-8-9-10-12-9 lambda=0.013 safe=False first_violation=network event_count=57 peak_prefill=1 peak_decode=5 minimum_link_headroom_mb_s=-45.637674 peak_memory_gb=32.34142
  trial scenario=shuffled_severe partition_id=random_01 partition=9-14-9-8-9-10-12-9 lambda=0.0135 safe=False first_violation=network event_count=21 peak_prefill=1 peak_decode=5 minimum_link_headroom_mb_s=-60.260876 peak_memory_gb=32.32126
  trial scenario=shuffled_severe partition_id=random_01 partition=9-14-9-8-9-10-12-9 lambda=0.014 safe=False first_violation=network event_count=21 peak_prefill=1 peak_decode=5 minimum_link_headroom_mb_s=-60.260876 peak_memory_gb=32.31454
  trial scenario=shuffled_severe partition_id=random_01 partition=9-14-9-8-9-10-12-9 lambda=0.0145 safe=False first_violation=network event_count=21 peak_prefill=1 peak_decode=5 minimum_link_headroom_mb_s=-60.260876 peak_memory_gb=32.31454
  trial scenario=shuffled_severe partition_id=random_01 partition=9-14-9-8-9-10-12-9 lambda=0.015 safe=False first_violation=network event_count=21 peak_prefill=1 peak_decode=5 minimum_link_headroom_mb_s=-60.260876 peak_memory_gb=32.31454
  trial scenario=shuffled_severe partition_id=random_01 partition=9-14-9-8-9-10-12-9 lambda=0.0155 safe=False first_violation=network event_count=21 peak_prefill=1 peak_decode=5 minimum_link_headroom_mb_s=-60.260876 peak_memory_gb=32.31454
  trial scenario=shuffled_severe partition_id=random_01 partition=9-14-9-8-9-10-12-9 lambda=0.016 safe=False first_violation=network event_count=21 peak_prefill=1 peak_decode=5 minimum_link_headroom_mb_s=-60.260876 peak_memory_gb=32.31454
  trial scenario=shuffled_severe partition_id=random_01 partition=9-14-9-8-9-10-12-9 lambda=0.0165 safe=False first_violation=network event_count=21 peak_prefill=1 peak_decode=5 minimum_link_headroom_mb_s=-60.260876 peak_memory_gb=32.31454
  trial scenario=shuffled_severe partition_id=random_01 partition=9-14-9-8-9-10-12-9 lambda=0.017 safe=False first_violation=network event_count=20 peak_prefill=1 peak_decode=5 minimum_link_headroom_mb_s=-60.094877 peak_memory_gb=32.31454
  trial scenario=shuffled_severe partition_id=random_01 partition=9-14-9-8-9-10-12-9 lambda=0.0175 safe=False first_violation=network event_count=19 peak_prefill=1 peak_decode=5 minimum_link_headroom_mb_s=-59.922083 peak_memory_gb=32.31454
  trial scenario=shuffled_severe partition_id=random_01 partition=9-14-9-8-9-10-12-9 lambda=0.018 safe=False first_violation=network event_count=19 peak_prefill=1 peak_decode=5 minimum_link_headroom_mb_s=-59.922083 peak_memory_gb=32.31454
  trial scenario=shuffled_severe partition_id=random_01 partition=9-14-9-8-9-10-12-9 lambda=0.0185 safe=False first_violation=network event_count=19 peak_prefill=1 peak_decode=5 minimum_link_headroom_mb_s=-59.922083 peak_memory_gb=32.30782
  trial scenario=shuffled_severe partition_id=random_01 partition=9-14-9-8-9-10-12-9 lambda=0.019 safe=False first_violation=network event_count=19 peak_prefill=1 peak_decode=5 minimum_link_headroom_mb_s=-59.922083 peak_memory_gb=32.30782
  trial scenario=shuffled_severe partition_id=random_01 partition=9-14-9-8-9-10-12-9 lambda=0.0195 safe=False first_violation=network event_count=19 peak_prefill=1 peak_decode=5 minimum_link_headroom_mb_s=-59.922083 peak_memory_gb=32.30782
  trial scenario=shuffled_severe partition_id=random_01 partition=9-14-9-8-9-10-12-9 lambda=0.02 safe=False first_violation=network event_count=19 peak_prefill=1 peak_decode=5 minimum_link_headroom_mb_s=-59.922083 peak_memory_gb=32.30782
  trial scenario=shuffled_severe partition_id=random_01 partition=9-14-9-8-9-10-12-9 lambda=0.0205 safe=False first_violation=network event_count=18 peak_prefill=1 peak_decode=5 minimum_link_headroom_mb_s=-59.766228 peak_memory_gb=32.3011
  trial scenario=shuffled_severe partition_id=random_01 partition=9-14-9-8-9-10-12-9 lambda=0.021 safe=False first_violation=network event_count=18 peak_prefill=1 peak_decode=5 minimum_link_headroom_mb_s=-59.766228 peak_memory_gb=32.3011
  trial scenario=shuffled_severe partition_id=random_01 partition=9-14-9-8-9-10-12-9 lambda=0.0215 safe=False first_violation=network event_count=18 peak_prefill=1 peak_decode=5 minimum_link_headroom_mb_s=-59.766228 peak_memory_gb=32.3011
  trial scenario=shuffled_severe partition_id=random_01 partition=9-14-9-8-9-10-12-9 lambda=0.022 safe=False first_violation=network event_count=18 peak_prefill=1 peak_decode=5 minimum_link_headroom_mb_s=-59.766228 peak_memory_gb=32.3011
  random_01          partition=[9, 14, 9, 8, 9, 10, 12, 9] safe=0.006 unsafe=0.0065 violation=network monotonic=True
  trial scenario=shuffled_severe partition_id=random_02 partition=10-8-13-7-14-13-9-6 lambda=0.006 safe=True first_violation=None event_count=204 peak_prefill=1 peak_decode=5 minimum_link_headroom_mb_s=83.139143 peak_memory_gb=33.04282
  trial scenario=shuffled_severe partition_id=random_02 partition=10-8-13-7-14-13-9-6 lambda=0.0065 safe=False first_violation=network event_count=162 peak_prefill=1 peak_decode=5 minimum_link_headroom_mb_s=-243.534964 peak_memory_gb=33.16378
  trial scenario=shuffled_severe partition_id=random_02 partition=10-8-13-7-14-13-9-6 lambda=0.007 safe=False first_violation=network event_count=160 peak_prefill=1 peak_decode=5 minimum_link_headroom_mb_s=-243.054583 peak_memory_gb=33.15706
  trial scenario=shuffled_severe partition_id=random_02 partition=10-8-13-7-14-13-9-6 lambda=0.0075 safe=False first_violation=network event_count=110 peak_prefill=1 peak_decode=5 minimum_link_headroom_mb_s=-206.194217 peak_memory_gb=31.8643
  trial scenario=shuffled_severe partition_id=random_02 partition=10-8-13-7-14-13-9-6 lambda=0.008 safe=False first_violation=network event_count=108 peak_prefill=1 peak_decode=5 minimum_link_headroom_mb_s=-205.730397 peak_memory_gb=31.8643
  trial scenario=shuffled_severe partition_id=random_02 partition=10-8-13-7-14-13-9-6 lambda=0.0085 safe=False first_violation=network event_count=70 peak_prefill=1 peak_decode=5 minimum_link_headroom_mb_s=-190.50555 peak_memory_gb=31.68958
  trial scenario=shuffled_severe partition_id=random_02 partition=10-8-13-7-14-13-9-6 lambda=0.009 safe=False first_violation=network event_count=69 peak_prefill=1 peak_decode=5 minimum_link_headroom_mb_s=-190.266569 peak_memory_gb=31.68286
  trial scenario=shuffled_severe partition_id=random_02 partition=10-8-13-7-14-13-9-6 lambda=0.0095 safe=False first_violation=network event_count=68 peak_prefill=1 peak_decode=5 minimum_link_headroom_mb_s=-190.056238 peak_memory_gb=32.34814
  trial scenario=shuffled_severe partition_id=random_02 partition=10-8-13-7-14-13-9-6 lambda=0.01 safe=False first_violation=network event_count=67 peak_prefill=1 peak_decode=5 minimum_link_headroom_mb_s=-189.845594 peak_memory_gb=32.34814
  trial scenario=shuffled_severe partition_id=random_02 partition=10-8-13-7-14-13-9-6 lambda=0.0105 safe=False first_violation=network event_count=66 peak_prefill=1 peak_decode=5 minimum_link_headroom_mb_s=-189.606992 peak_memory_gb=32.34142
  trial scenario=shuffled_severe partition_id=random_02 partition=10-8-13-7-14-13-9-6 lambda=0.011 safe=False first_violation=network event_count=66 peak_prefill=1 peak_decode=5 minimum_link_headroom_mb_s=-189.606992 peak_memory_gb=32.34142
  trial scenario=shuffled_severe partition_id=random_02 partition=10-8-13-7-14-13-9-6 lambda=0.0115 safe=False first_violation=network event_count=66 peak_prefill=1 peak_decode=5 minimum_link_headroom_mb_s=-189.606992 peak_memory_gb=32.34142
  trial scenario=shuffled_severe partition_id=random_02 partition=10-8-13-7-14-13-9-6 lambda=0.012 safe=False first_violation=network event_count=57 peak_prefill=1 peak_decode=5 minimum_link_headroom_mb_s=-211.279816 peak_memory_gb=32.34142
  trial scenario=shuffled_severe partition_id=random_02 partition=10-8-13-7-14-13-9-6 lambda=0.0125 safe=False first_violation=network event_count=23 peak_prefill=1 peak_decode=5 minimum_link_headroom_mb_s=-231.511822 peak_memory_gb=32.3347
  trial scenario=shuffled_severe partition_id=random_02 partition=10-8-13-7-14-13-9-6 lambda=0.013 safe=False first_violation=network event_count=21 peak_prefill=1 peak_decode=5 minimum_link_headroom_mb_s=-231.075228 peak_memory_gb=32.31454
  trial scenario=shuffled_severe partition_id=random_02 partition=10-8-13-7-14-13-9-6 lambda=0.0135 safe=False first_violation=network event_count=21 peak_prefill=1 peak_decode=5 minimum_link_headroom_mb_s=-231.075228 peak_memory_gb=32.31454
  trial scenario=shuffled_severe partition_id=random_02 partition=10-8-13-7-14-13-9-6 lambda=0.014 safe=False first_violation=network event_count=21 peak_prefill=1 peak_decode=5 minimum_link_headroom_mb_s=-231.075228 peak_memory_gb=32.31454
  trial scenario=shuffled_severe partition_id=random_02 partition=10-8-13-7-14-13-9-6 lambda=0.0145 safe=False first_violation=network event_count=21 peak_prefill=1 peak_decode=5 minimum_link_headroom_mb_s=-231.075228 peak_memory_gb=32.31454
  trial scenario=shuffled_severe partition_id=random_02 partition=10-8-13-7-14-13-9-6 lambda=0.015 safe=False first_violation=network event_count=21 peak_prefill=1 peak_decode=5 minimum_link_headroom_mb_s=-231.075228 peak_memory_gb=32.31454
  trial scenario=shuffled_severe partition_id=random_02 partition=10-8-13-7-14-13-9-6 lambda=0.0155 safe=False first_violation=network event_count=21 peak_prefill=1 peak_decode=5 minimum_link_headroom_mb_s=-231.075228 peak_memory_gb=32.31454
  trial scenario=shuffled_severe partition_id=random_02 partition=10-8-13-7-14-13-9-6 lambda=0.016 safe=False first_violation=network event_count=20 peak_prefill=1 peak_decode=5 minimum_link_headroom_mb_s=-230.849002 peak_memory_gb=32.31454
  trial scenario=shuffled_severe partition_id=random_02 partition=10-8-13-7-14-13-9-6 lambda=0.0165 safe=False first_violation=network event_count=19 peak_prefill=1 peak_decode=5 minimum_link_headroom_mb_s=-230.611533 peak_memory_gb=32.31454
  trial scenario=shuffled_severe partition_id=random_02 partition=10-8-13-7-14-13-9-6 lambda=0.017 safe=False first_violation=network event_count=19 peak_prefill=1 peak_decode=5 minimum_link_headroom_mb_s=-230.611533 peak_memory_gb=32.31454
  trial scenario=shuffled_severe partition_id=random_02 partition=10-8-13-7-14-13-9-6 lambda=0.0175 safe=False first_violation=network event_count=19 peak_prefill=1 peak_decode=5 minimum_link_headroom_mb_s=-230.611533 peak_memory_gb=32.30782
  trial scenario=shuffled_severe partition_id=random_02 partition=10-8-13-7-14-13-9-6 lambda=0.018 safe=False first_violation=network event_count=19 peak_prefill=1 peak_decode=5 minimum_link_headroom_mb_s=-230.611533 peak_memory_gb=32.30782
  trial scenario=shuffled_severe partition_id=random_02 partition=10-8-13-7-14-13-9-6 lambda=0.0185 safe=False first_violation=network event_count=19 peak_prefill=1 peak_decode=5 minimum_link_headroom_mb_s=-230.611533 peak_memory_gb=32.30782
  trial scenario=shuffled_severe partition_id=random_02 partition=10-8-13-7-14-13-9-6 lambda=0.019 safe=False first_violation=network event_count=18 peak_prefill=1 peak_decode=5 minimum_link_headroom_mb_s=-230.401828 peak_memory_gb=32.3011
  trial scenario=shuffled_severe partition_id=random_02 partition=10-8-13-7-14-13-9-6 lambda=0.0195 safe=False first_violation=network event_count=18 peak_prefill=1 peak_decode=5 minimum_link_headroom_mb_s=-230.401828 peak_memory_gb=32.3011
  trial scenario=shuffled_severe partition_id=random_02 partition=10-8-13-7-14-13-9-6 lambda=0.02 safe=False first_violation=network event_count=18 peak_prefill=1 peak_decode=5 minimum_link_headroom_mb_s=-230.401828 peak_memory_gb=32.3011
  trial scenario=shuffled_severe partition_id=random_02 partition=10-8-13-7-14-13-9-6 lambda=0.0205 safe=False first_violation=network event_count=18 peak_prefill=1 peak_decode=5 minimum_link_headroom_mb_s=-230.401828 peak_memory_gb=32.3011
  trial scenario=shuffled_severe partition_id=random_02 partition=10-8-13-7-14-13-9-6 lambda=0.021 safe=False first_violation=network event_count=17 peak_prefill=1 peak_decode=5 minimum_link_headroom_mb_s=-230.175951 peak_memory_gb=32.3011
  trial scenario=shuffled_severe partition_id=random_02 partition=10-8-13-7-14-13-9-6 lambda=0.0215 safe=False first_violation=network event_count=17 peak_prefill=1 peak_decode=5 minimum_link_headroom_mb_s=-230.175951 peak_memory_gb=32.3011
  trial scenario=shuffled_severe partition_id=random_02 partition=10-8-13-7-14-13-9-6 lambda=0.022 safe=False first_violation=network event_count=17 peak_prefill=1 peak_decode=5 minimum_link_headroom_mb_s=-230.175951 peak_memory_gb=32.3011
  random_02          partition=[10, 8, 13, 7, 14, 13, 9, 6] safe=0.006 unsafe=0.0065 violation=network monotonic=True
  trial scenario=shuffled_severe partition_id=random_03 partition=12-12-11-7-8-10-11-9 lambda=0.006 safe=True first_violation=None event_count=204 peak_prefill=1 peak_decode=5 minimum_link_headroom_mb_s=161.932686 peak_memory_gb=28.83288
  trial scenario=shuffled_severe partition_id=random_03 partition=12-12-11-7-8-10-11-9 lambda=0.0065 safe=False first_violation=network event_count=162 peak_prefill=1 peak_decode=5 minimum_link_headroom_mb_s=-138.518987 peak_memory_gb=29.28324
  trial scenario=shuffled_severe partition_id=random_03 partition=12-12-11-7-8-10-11-9 lambda=0.007 safe=False first_violation=network event_count=161 peak_prefill=1 peak_decode=5 minimum_link_headroom_mb_s=-138.328263 peak_memory_gb=29.27748
  trial scenario=shuffled_severe partition_id=random_03 partition=12-12-11-7-8-10-11-9 lambda=0.0075 safe=False first_violation=network event_count=159 peak_prefill=1 peak_decode=5 minimum_link_headroom_mb_s=-137.913305 peak_memory_gb=29.27172
  trial scenario=shuffled_severe partition_id=random_03 partition=12-12-11-7-8-10-11-9 lambda=0.008 safe=False first_violation=network event_count=110 peak_prefill=1 peak_decode=5 minimum_link_headroom_mb_s=-107.288878 peak_memory_gb=28.1694
  trial scenario=shuffled_severe partition_id=random_03 partition=12-12-11-7-8-10-11-9 lambda=0.0085 safe=False first_violation=network event_count=99 peak_prefill=1 peak_decode=5 minimum_link_headroom_mb_s=-114.280148 peak_memory_gb=28.15788
  trial scenario=shuffled_severe partition_id=random_03 partition=12-12-11-7-8-10-11-9 lambda=0.009 safe=False first_violation=network event_count=69 peak_prefill=1 peak_decode=5 minimum_link_headroom_mb_s=-94.094564 peak_memory_gb=28.01388
  trial scenario=shuffled_severe partition_id=random_03 partition=12-12-11-7-8-10-11-9 lambda=0.0095 safe=False first_violation=network event_count=69 peak_prefill=1 peak_decode=5 minimum_link_headroom_mb_s=-94.094564 peak_memory_gb=28.01388
  trial scenario=shuffled_severe partition_id=random_03 partition=12-12-11-7-8-10-11-9 lambda=0.01 safe=False first_violation=network event_count=68 peak_prefill=1 peak_decode=5 minimum_link_headroom_mb_s=-93.917655 peak_memory_gb=28.58412
  trial scenario=shuffled_severe partition_id=random_03 partition=12-12-11-7-8-10-11-9 lambda=0.0105 safe=False first_violation=network event_count=66 peak_prefill=1 peak_decode=5 minimum_link_headroom_mb_s=-93.542404 peak_memory_gb=28.58412
  trial scenario=shuffled_severe partition_id=random_03 partition=12-12-11-7-8-10-11-9 lambda=0.011 safe=False first_violation=network event_count=66 peak_prefill=1 peak_decode=5 minimum_link_headroom_mb_s=-93.542404 peak_memory_gb=28.57836
  trial scenario=shuffled_severe partition_id=random_03 partition=12-12-11-7-8-10-11-9 lambda=0.0115 safe=False first_violation=network event_count=66 peak_prefill=1 peak_decode=5 minimum_link_headroom_mb_s=-93.542404 peak_memory_gb=28.57836
  trial scenario=shuffled_severe partition_id=random_03 partition=12-12-11-7-8-10-11-9 lambda=0.012 safe=False first_violation=network event_count=66 peak_prefill=1 peak_decode=5 minimum_link_headroom_mb_s=-93.542404 peak_memory_gb=28.57836
  trial scenario=shuffled_severe partition_id=random_03 partition=12-12-11-7-8-10-11-9 lambda=0.0125 safe=False first_violation=network event_count=57 peak_prefill=1 peak_decode=5 minimum_link_headroom_mb_s=-111.506586 peak_memory_gb=28.57836
  trial scenario=shuffled_severe partition_id=random_03 partition=12-12-11-7-8-10-11-9 lambda=0.013 safe=False first_violation=network event_count=22 peak_prefill=1 peak_decode=5 minimum_link_headroom_mb_s=-128.278648 peak_memory_gb=28.56684
  trial scenario=shuffled_severe partition_id=random_03 partition=12-12-11-7-8-10-11-9 lambda=0.0135 safe=False first_violation=network event_count=21 peak_prefill=1 peak_decode=5 minimum_link_headroom_mb_s=-128.101977 peak_memory_gb=28.55532
  trial scenario=shuffled_severe partition_id=random_03 partition=12-12-11-7-8-10-11-9 lambda=0.014 safe=False first_violation=network event_count=21 peak_prefill=1 peak_decode=5 minimum_link_headroom_mb_s=-128.101977 peak_memory_gb=28.55532
  trial scenario=shuffled_severe partition_id=random_03 partition=12-12-11-7-8-10-11-9 lambda=0.0145 safe=False first_violation=network event_count=21 peak_prefill=1 peak_decode=5 minimum_link_headroom_mb_s=-128.101977 peak_memory_gb=28.55532
  trial scenario=shuffled_severe partition_id=random_03 partition=12-12-11-7-8-10-11-9 lambda=0.015 safe=False first_violation=network event_count=21 peak_prefill=1 peak_decode=5 minimum_link_headroom_mb_s=-128.101977 peak_memory_gb=28.55532
  trial scenario=shuffled_severe partition_id=random_03 partition=12-12-11-7-8-10-11-9 lambda=0.0155 safe=False first_violation=network event_count=21 peak_prefill=1 peak_decode=5 minimum_link_headroom_mb_s=-128.101977 peak_memory_gb=28.55532
  trial scenario=shuffled_severe partition_id=random_03 partition=12-12-11-7-8-10-11-9 lambda=0.016 safe=False first_violation=network event_count=21 peak_prefill=1 peak_decode=5 minimum_link_headroom_mb_s=-128.101977 peak_memory_gb=28.55532
  trial scenario=shuffled_severe partition_id=random_03 partition=12-12-11-7-8-10-11-9 lambda=0.0165 safe=False first_violation=network event_count=20 peak_prefill=1 peak_decode=5 minimum_link_headroom_mb_s=-127.9131 peak_memory_gb=28.55532
  trial scenario=shuffled_severe partition_id=random_03 partition=12-12-11-7-8-10-11-9 lambda=0.017 safe=False first_violation=network event_count=19 peak_prefill=1 peak_decode=5 minimum_link_headroom_mb_s=-127.715835 peak_memory_gb=28.55532
  trial scenario=shuffled_severe partition_id=random_03 partition=12-12-11-7-8-10-11-9 lambda=0.0175 safe=False first_violation=network event_count=19 peak_prefill=1 peak_decode=5 minimum_link_headroom_mb_s=-127.715835 peak_memory_gb=28.55532
  trial scenario=shuffled_severe partition_id=random_03 partition=12-12-11-7-8-10-11-9 lambda=0.018 safe=False first_violation=network event_count=19 peak_prefill=1 peak_decode=5 minimum_link_headroom_mb_s=-127.715835 peak_memory_gb=28.54956
  trial scenario=shuffled_severe partition_id=random_03 partition=12-12-11-7-8-10-11-9 lambda=0.0185 safe=False first_violation=network event_count=19 peak_prefill=1 peak_decode=5 minimum_link_headroom_mb_s=-127.715835 peak_memory_gb=28.54956
  trial scenario=shuffled_severe partition_id=random_03 partition=12-12-11-7-8-10-11-9 lambda=0.019 safe=False first_violation=network event_count=19 peak_prefill=1 peak_decode=5 minimum_link_headroom_mb_s=-127.715835 peak_memory_gb=28.54956
  trial scenario=shuffled_severe partition_id=random_03 partition=12-12-11-7-8-10-11-9 lambda=0.0195 safe=False first_violation=network event_count=19 peak_prefill=1 peak_decode=5 minimum_link_headroom_mb_s=-127.715835 peak_memory_gb=28.5438
  trial scenario=shuffled_severe partition_id=random_03 partition=12-12-11-7-8-10-11-9 lambda=0.02 safe=False first_violation=network event_count=18 peak_prefill=1 peak_decode=5 minimum_link_headroom_mb_s=-127.5394 peak_memory_gb=28.5438
  trial scenario=shuffled_severe partition_id=random_03 partition=12-12-11-7-8-10-11-9 lambda=0.0205 safe=False first_violation=network event_count=18 peak_prefill=1 peak_decode=5 minimum_link_headroom_mb_s=-127.5394 peak_memory_gb=28.5438
  trial scenario=shuffled_severe partition_id=random_03 partition=12-12-11-7-8-10-11-9 lambda=0.021 safe=False first_violation=network event_count=18 peak_prefill=1 peak_decode=5 minimum_link_headroom_mb_s=-127.5394 peak_memory_gb=28.5438
  trial scenario=shuffled_severe partition_id=random_03 partition=12-12-11-7-8-10-11-9 lambda=0.0215 safe=False first_violation=network event_count=18 peak_prefill=1 peak_decode=5 minimum_link_headroom_mb_s=-127.5394 peak_memory_gb=28.5438
  trial scenario=shuffled_severe partition_id=random_03 partition=12-12-11-7-8-10-11-9 lambda=0.022 safe=False first_violation=network event_count=17 peak_prefill=1 peak_decode=5 minimum_link_headroom_mb_s=-127.350785 peak_memory_gb=28.5438
  random_03          partition=[12, 12, 11, 7, 8, 10, 11, 9] safe=0.006 unsafe=0.0065 violation=network monotonic=True
  trial scenario=shuffled_severe partition_id=random_04 partition=10-9-12-7-14-6-11-11 lambda=0.006 safe=True first_violation=None event_count=204 peak_prefill=1 peak_decode=5 minimum_link_headroom_mb_s=96.631152 peak_memory_gb=33.04282
  trial scenario=shuffled_severe partition_id=random_04 partition=10-9-12-7-14-6-11-11 lambda=0.0065 safe=False first_violation=network event_count=162 peak_prefill=1 peak_decode=5 minimum_link_headroom_mb_s=-225.001861 peak_memory_gb=33.16378
  trial scenario=shuffled_severe partition_id=random_04 partition=10-9-12-7-14-6-11-11 lambda=0.007 safe=False first_violation=network event_count=160 peak_prefill=1 peak_decode=5 minimum_link_headroom_mb_s=-224.536481 peak_memory_gb=33.15706
  trial scenario=shuffled_severe partition_id=random_04 partition=10-9-12-7-14-6-11-11 lambda=0.0075 safe=False first_violation=network event_count=110 peak_prefill=1 peak_decode=5 minimum_link_headroom_mb_s=-188.77661 peak_memory_gb=31.8643
  trial scenario=shuffled_severe partition_id=random_04 partition=10-9-12-7-14-6-11-11 lambda=0.008 safe=False first_violation=network event_count=108 peak_prefill=1 peak_decode=5 minimum_link_headroom_mb_s=-188.32701 peak_memory_gb=31.8643
  trial scenario=shuffled_severe partition_id=random_04 partition=10-9-12-7-14-6-11-11 lambda=0.0085 safe=False first_violation=network event_count=70 peak_prefill=1 peak_decode=5 minimum_link_headroom_mb_s=-173.580088 peak_memory_gb=31.68958
  trial scenario=shuffled_severe partition_id=random_04 partition=10-9-12-7-14-6-11-11 lambda=0.009 safe=False first_violation=network event_count=69 peak_prefill=1 peak_decode=5 minimum_link_headroom_mb_s=-173.34854 peak_memory_gb=31.68286
  trial scenario=shuffled_severe partition_id=random_04 partition=10-9-12-7-14-6-11-11 lambda=0.0095 safe=False first_violation=network event_count=68 peak_prefill=1 peak_decode=5 minimum_link_headroom_mb_s=-173.144281 peak_memory_gb=32.34814
  trial scenario=shuffled_severe partition_id=random_04 partition=10-9-12-7-14-6-11-11 lambda=0.01 safe=False first_violation=network event_count=68 peak_prefill=1 peak_decode=5 minimum_link_headroom_mb_s=-173.144281 peak_memory_gb=32.34814
  trial scenario=shuffled_severe partition_id=random_04 partition=10-9-12-7-14-6-11-11 lambda=0.0105 safe=False first_violation=network event_count=66 peak_prefill=1 peak_decode=5 minimum_link_headroom_mb_s=-172.708535 peak_memory_gb=32.34142
  trial scenario=shuffled_severe partition_id=random_04 partition=10-9-12-7-14-6-11-11 lambda=0.011 safe=False first_violation=network event_count=66 peak_prefill=1 peak_decode=5 minimum_link_headroom_mb_s=-172.708535 peak_memory_gb=32.34142
  trial scenario=shuffled_severe partition_id=random_04 partition=10-9-12-7-14-6-11-11 lambda=0.0115 safe=False first_violation=network event_count=66 peak_prefill=1 peak_decode=5 minimum_link_headroom_mb_s=-172.708535 peak_memory_gb=32.34142
  trial scenario=shuffled_severe partition_id=random_04 partition=10-9-12-7-14-6-11-11 lambda=0.012 safe=False first_violation=network event_count=58 peak_prefill=1 peak_decode=5 minimum_link_headroom_mb_s=-193.933692 peak_memory_gb=32.34142
  trial scenario=shuffled_severe partition_id=random_04 partition=10-9-12-7-14-6-11-11 lambda=0.0125 safe=False first_violation=network event_count=23 peak_prefill=1 peak_decode=5 minimum_link_headroom_mb_s=-213.340148 peak_memory_gb=32.3347
  trial scenario=shuffled_severe partition_id=random_04 partition=10-9-12-7-14-6-11-11 lambda=0.013 safe=False first_violation=network event_count=21 peak_prefill=1 peak_decode=5 minimum_link_headroom_mb_s=-212.916443 peak_memory_gb=32.31454
  trial scenario=shuffled_severe partition_id=random_04 partition=10-9-12-7-14-6-11-11 lambda=0.0135 safe=False first_violation=network event_count=21 peak_prefill=1 peak_decode=5 minimum_link_headroom_mb_s=-212.916443 peak_memory_gb=32.31454
  trial scenario=shuffled_severe partition_id=random_04 partition=10-9-12-7-14-6-11-11 lambda=0.014 safe=False first_violation=network event_count=21 peak_prefill=1 peak_decode=5 minimum_link_headroom_mb_s=-212.916443 peak_memory_gb=32.31454
  trial scenario=shuffled_severe partition_id=random_04 partition=10-9-12-7-14-6-11-11 lambda=0.0145 safe=False first_violation=network event_count=21 peak_prefill=1 peak_decode=5 minimum_link_headroom_mb_s=-212.916443 peak_memory_gb=32.31454
  trial scenario=shuffled_severe partition_id=random_04 partition=10-9-12-7-14-6-11-11 lambda=0.015 safe=False first_violation=network event_count=21 peak_prefill=1 peak_decode=5 minimum_link_headroom_mb_s=-212.916443 peak_memory_gb=32.31454
  trial scenario=shuffled_severe partition_id=random_04 partition=10-9-12-7-14-6-11-11 lambda=0.0155 safe=False first_violation=network event_count=21 peak_prefill=1 peak_decode=5 minimum_link_headroom_mb_s=-212.916443 peak_memory_gb=32.31454
  trial scenario=shuffled_severe partition_id=random_04 partition=10-9-12-7-14-6-11-11 lambda=0.016 safe=False first_violation=network event_count=20 peak_prefill=1 peak_decode=5 minimum_link_headroom_mb_s=-212.697032 peak_memory_gb=32.31454
  trial scenario=shuffled_severe partition_id=random_04 partition=10-9-12-7-14-6-11-11 lambda=0.0165 safe=False first_violation=network event_count=19 peak_prefill=1 peak_decode=5 minimum_link_headroom_mb_s=-212.466922 peak_memory_gb=32.31454
  trial scenario=shuffled_severe partition_id=random_04 partition=10-9-12-7-14-6-11-11 lambda=0.017 safe=False first_violation=network event_count=19 peak_prefill=1 peak_decode=5 minimum_link_headroom_mb_s=-212.466922 peak_memory_gb=32.31454
  trial scenario=shuffled_severe partition_id=random_04 partition=10-9-12-7-14-6-11-11 lambda=0.0175 safe=False first_violation=network event_count=19 peak_prefill=1 peak_decode=5 minimum_link_headroom_mb_s=-212.466922 peak_memory_gb=32.30782
  trial scenario=shuffled_severe partition_id=random_04 partition=10-9-12-7-14-6-11-11 lambda=0.018 safe=False first_violation=network event_count=19 peak_prefill=1 peak_decode=5 minimum_link_headroom_mb_s=-212.466922 peak_memory_gb=32.30782
  trial scenario=shuffled_severe partition_id=random_04 partition=10-9-12-7-14-6-11-11 lambda=0.0185 safe=False first_violation=network event_count=19 peak_prefill=1 peak_decode=5 minimum_link_headroom_mb_s=-212.466922 peak_memory_gb=32.30782
  trial scenario=shuffled_severe partition_id=random_04 partition=10-9-12-7-14-6-11-11 lambda=0.019 safe=False first_violation=network event_count=18 peak_prefill=1 peak_decode=5 minimum_link_headroom_mb_s=-212.263259 peak_memory_gb=32.3011
  trial scenario=shuffled_severe partition_id=random_04 partition=10-9-12-7-14-6-11-11 lambda=0.0195 safe=False first_violation=network event_count=18 peak_prefill=1 peak_decode=5 minimum_link_headroom_mb_s=-212.263259 peak_memory_gb=32.3011
  trial scenario=shuffled_severe partition_id=random_04 partition=10-9-12-7-14-6-11-11 lambda=0.02 safe=False first_violation=network event_count=18 peak_prefill=1 peak_decode=5 minimum_link_headroom_mb_s=-212.263259 peak_memory_gb=32.3011
  trial scenario=shuffled_severe partition_id=random_04 partition=10-9-12-7-14-6-11-11 lambda=0.0205 safe=False first_violation=network event_count=18 peak_prefill=1 peak_decode=5 minimum_link_headroom_mb_s=-212.263259 peak_memory_gb=32.3011
  trial scenario=shuffled_severe partition_id=random_04 partition=10-9-12-7-14-6-11-11 lambda=0.021 safe=False first_violation=network event_count=17 peak_prefill=1 peak_decode=5 minimum_link_headroom_mb_s=-212.044181 peak_memory_gb=32.3011
  trial scenario=shuffled_severe partition_id=random_04 partition=10-9-12-7-14-6-11-11 lambda=0.0215 safe=False first_violation=network event_count=17 peak_prefill=1 peak_decode=5 minimum_link_headroom_mb_s=-212.044181 peak_memory_gb=32.3011
  trial scenario=shuffled_severe partition_id=random_04 partition=10-9-12-7-14-6-11-11 lambda=0.022 safe=False first_violation=network event_count=17 peak_prefill=1 peak_decode=5 minimum_link_headroom_mb_s=-212.044181 peak_memory_gb=32.3011
  random_04          partition=[10, 9, 12, 7, 14, 6, 11, 11] safe=0.006 unsafe=0.0065 violation=network monotonic=True
  trial scenario=shuffled_severe partition_id=random_05 partition=10-5-14-10-7-10-12-12 lambda=0.006 safe=True first_violation=None event_count=204 peak_prefill=1 peak_decode=5 minimum_link_headroom_mb_s=165.757082 peak_memory_gb=32.63836
  trial scenario=shuffled_severe partition_id=random_05 partition=10-5-14-10-7-10-12-12 lambda=0.0065 safe=False first_violation=network event_count=162 peak_prefill=1 peak_decode=5 minimum_link_headroom_mb_s=-133.465177 peak_memory_gb=33.16378
  trial scenario=shuffled_severe partition_id=random_05 partition=10-5-14-10-7-10-12-12 lambda=0.007 safe=False first_violation=network event_count=161 peak_prefill=1 peak_decode=5 minimum_link_headroom_mb_s=-133.276199 peak_memory_gb=33.15706
  trial scenario=shuffled_severe partition_id=random_05 partition=10-5-14-10-7-10-12-12 lambda=0.0075 safe=False first_violation=network event_count=159 peak_prefill=1 peak_decode=5 minimum_link_headroom_mb_s=-132.865237 peak_memory_gb=33.15034
  trial scenario=shuffled_severe partition_id=random_05 partition=10-5-14-10-7-10-12-12 lambda=0.008 safe=False first_violation=network event_count=110 peak_prefill=1 peak_decode=5 minimum_link_headroom_mb_s=-102.51623 peak_memory_gb=31.8643
  trial scenario=shuffled_severe partition_id=random_05 partition=10-5-14-10-7-10-12-12 lambda=0.0085 safe=False first_violation=network event_count=99 peak_prefill=1 peak_decode=5 minimum_link_headroom_mb_s=-109.443886 peak_memory_gb=31.85086
  trial scenario=shuffled_severe partition_id=random_05 partition=10-5-14-10-7-10-12-12 lambda=0.009 safe=False first_violation=network event_count=70 peak_prefill=1 peak_decode=5 minimum_link_headroom_mb_s=-89.644005 peak_memory_gb=31.68286
  trial scenario=shuffled_severe partition_id=random_05 partition=10-5-14-10-7-10-12-12 lambda=0.0095 safe=False first_violation=network event_count=69 peak_prefill=1 peak_decode=5 minimum_link_headroom_mb_s=-89.447478 peak_memory_gb=31.68286
  trial scenario=shuffled_severe partition_id=random_05 partition=10-5-14-10-7-10-12-12 lambda=0.01 safe=False first_violation=network event_count=68 peak_prefill=1 peak_decode=5 minimum_link_headroom_mb_s=-89.272117 peak_memory_gb=32.34814
  trial scenario=shuffled_severe partition_id=random_05 partition=10-5-14-10-7-10-12-12 lambda=0.0105 safe=False first_violation=network event_count=66 peak_prefill=1 peak_decode=5 minimum_link_headroom_mb_s=-88.900272 peak_memory_gb=32.34814
  trial scenario=shuffled_severe partition_id=random_05 partition=10-5-14-10-7-10-12-12 lambda=0.011 safe=False first_violation=network event_count=66 peak_prefill=1 peak_decode=5 minimum_link_headroom_mb_s=-88.900272 peak_memory_gb=32.34142
  trial scenario=shuffled_severe partition_id=random_05 partition=10-5-14-10-7-10-12-12 lambda=0.0115 safe=False first_violation=network event_count=66 peak_prefill=1 peak_decode=5 minimum_link_headroom_mb_s=-88.900272 peak_memory_gb=32.34142
  trial scenario=shuffled_severe partition_id=random_05 partition=10-5-14-10-7-10-12-12 lambda=0.012 safe=False first_violation=network event_count=66 peak_prefill=1 peak_decode=5 minimum_link_headroom_mb_s=-88.900272 peak_memory_gb=32.34142
  trial scenario=shuffled_severe partition_id=random_05 partition=10-5-14-10-7-10-12-12 lambda=0.0125 safe=False first_violation=network event_count=57 peak_prefill=1 peak_decode=5 minimum_link_headroom_mb_s=-106.694189 peak_memory_gb=32.34142
  trial scenario=shuffled_severe partition_id=random_05 partition=10-5-14-10-7-10-12-12 lambda=0.013 safe=False first_violation=network event_count=23 peak_prefill=1 peak_decode=5 minimum_link_headroom_mb_s=-123.504234 peak_memory_gb=32.3347
  trial scenario=shuffled_severe partition_id=random_05 partition=10-5-14-10-7-10-12-12 lambda=0.0135 safe=False first_violation=network event_count=21 peak_prefill=1 peak_decode=5 minimum_link_headroom_mb_s=-123.14169 peak_memory_gb=32.31454
  trial scenario=shuffled_severe partition_id=random_05 partition=10-5-14-10-7-10-12-12 lambda=0.014 safe=False first_violation=network event_count=21 peak_prefill=1 peak_decode=5 minimum_link_headroom_mb_s=-123.14169 peak_memory_gb=32.31454
  trial scenario=shuffled_severe partition_id=random_05 partition=10-5-14-10-7-10-12-12 lambda=0.0145 safe=False first_violation=network event_count=21 peak_prefill=1 peak_decode=5 minimum_link_headroom_mb_s=-123.14169 peak_memory_gb=32.31454
  trial scenario=shuffled_severe partition_id=random_05 partition=10-5-14-10-7-10-12-12 lambda=0.015 safe=False first_violation=network event_count=21 peak_prefill=1 peak_decode=5 minimum_link_headroom_mb_s=-123.14169 peak_memory_gb=32.31454
  trial scenario=shuffled_severe partition_id=random_05 partition=10-5-14-10-7-10-12-12 lambda=0.0155 safe=False first_violation=network event_count=21 peak_prefill=1 peak_decode=5 minimum_link_headroom_mb_s=-123.14169 peak_memory_gb=32.31454
  trial scenario=shuffled_severe partition_id=random_05 partition=10-5-14-10-7-10-12-12 lambda=0.016 safe=False first_violation=network event_count=21 peak_prefill=1 peak_decode=5 minimum_link_headroom_mb_s=-123.14169 peak_memory_gb=32.31454
  trial scenario=shuffled_severe partition_id=random_05 partition=10-5-14-10-7-10-12-12 lambda=0.0165 safe=False first_violation=network event_count=20 peak_prefill=1 peak_decode=5 minimum_link_headroom_mb_s=-122.954532 peak_memory_gb=32.31454
  trial scenario=shuffled_severe partition_id=random_05 partition=10-5-14-10-7-10-12-12 lambda=0.017 safe=False first_violation=network event_count=19 peak_prefill=1 peak_decode=5 minimum_link_headroom_mb_s=-122.759111 peak_memory_gb=32.31454
  trial scenario=shuffled_severe partition_id=random_05 partition=10-5-14-10-7-10-12-12 lambda=0.0175 safe=False first_violation=network event_count=19 peak_prefill=1 peak_decode=5 minimum_link_headroom_mb_s=-122.759111 peak_memory_gb=32.31454
  trial scenario=shuffled_severe partition_id=random_05 partition=10-5-14-10-7-10-12-12 lambda=0.018 safe=False first_violation=network event_count=19 peak_prefill=1 peak_decode=5 minimum_link_headroom_mb_s=-122.759111 peak_memory_gb=32.30782
  trial scenario=shuffled_severe partition_id=random_05 partition=10-5-14-10-7-10-12-12 lambda=0.0185 safe=False first_violation=network event_count=19 peak_prefill=1 peak_decode=5 minimum_link_headroom_mb_s=-122.759111 peak_memory_gb=32.30782
  trial scenario=shuffled_severe partition_id=random_05 partition=10-5-14-10-7-10-12-12 lambda=0.019 safe=False first_violation=network event_count=19 peak_prefill=1 peak_decode=5 minimum_link_headroom_mb_s=-122.759111 peak_memory_gb=32.30782
  trial scenario=shuffled_severe partition_id=random_05 partition=10-5-14-10-7-10-12-12 lambda=0.0195 safe=False first_violation=network event_count=19 peak_prefill=1 peak_decode=5 minimum_link_headroom_mb_s=-122.759111 peak_memory_gb=32.30782
  trial scenario=shuffled_severe partition_id=random_05 partition=10-5-14-10-7-10-12-12 lambda=0.02 safe=False first_violation=network event_count=18 peak_prefill=1 peak_decode=5 minimum_link_headroom_mb_s=-122.584218 peak_memory_gb=32.3011
  trial scenario=shuffled_severe partition_id=random_05 partition=10-5-14-10-7-10-12-12 lambda=0.0205 safe=False first_violation=network event_count=18 peak_prefill=1 peak_decode=5 minimum_link_headroom_mb_s=-122.584218 peak_memory_gb=32.3011
  trial scenario=shuffled_severe partition_id=random_05 partition=10-5-14-10-7-10-12-12 lambda=0.021 safe=False first_violation=network event_count=18 peak_prefill=1 peak_decode=5 minimum_link_headroom_mb_s=-122.584218 peak_memory_gb=32.3011
  trial scenario=shuffled_severe partition_id=random_05 partition=10-5-14-10-7-10-12-12 lambda=0.0215 safe=False first_violation=network event_count=18 peak_prefill=1 peak_decode=5 minimum_link_headroom_mb_s=-122.584218 peak_memory_gb=32.3011
  trial scenario=shuffled_severe partition_id=random_05 partition=10-5-14-10-7-10-12-12 lambda=0.022 safe=False first_violation=network event_count=17 peak_prefill=1 peak_decode=5 minimum_link_headroom_mb_s=-122.397317 peak_memory_gb=32.3011
  random_05          partition=[10, 5, 14, 10, 7, 10, 12, 12] safe=0.006 unsafe=0.0065 violation=network monotonic=True
  trial scenario=shuffled_severe partition_id=random_06 partition=8-13-10-11-12-10-6-10 lambda=0.006 safe=True first_violation=None event_count=204 peak_prefill=1 peak_decode=5 minimum_link_headroom_mb_s=218.861543 peak_memory_gb=30.74186
  trial scenario=shuffled_severe partition_id=random_06 partition=8-13-10-11-12-10-6-10 lambda=0.0065 safe=True first_violation=None event_count=204 peak_prefill=1 peak_decode=5 minimum_link_headroom_mb_s=219.312307 peak_memory_gb=31.11119
  trial scenario=shuffled_severe partition_id=random_06 partition=8-13-10-11-12-10-6-10 lambda=0.007 safe=False first_violation=network event_count=162 peak_prefill=1 peak_decode=5 minimum_link_headroom_mb_s=-63.210078 peak_memory_gb=31.22351
  trial scenario=shuffled_severe partition_id=random_06 partition=8-13-10-11-12-10-6-10 lambda=0.0075 safe=False first_violation=network event_count=160 peak_prefill=1 peak_decode=5 minimum_link_headroom_mb_s=-62.865638 peak_memory_gb=31.21727
  trial scenario=shuffled_severe partition_id=random_06 partition=8-13-10-11-12-10-6-10 lambda=0.008 safe=False first_violation=network event_count=110 peak_prefill=1 peak_decode=5 minimum_link_headroom_mb_s=-36.046316 peak_memory_gb=30.01685
  trial scenario=shuffled_severe partition_id=random_06 partition=8-13-10-11-12-10-6-10 lambda=0.0085 safe=False first_violation=network event_count=108 peak_prefill=1 peak_decode=5 minimum_link_headroom_mb_s=-35.711811 peak_memory_gb=30.01685
  trial scenario=shuffled_severe partition_id=random_06 partition=8-13-10-11-12-10-6-10 lambda=0.009 safe=False first_violation=network event_count=70 peak_prefill=1 peak_decode=5 minimum_link_headroom_mb_s=-24.837612 peak_memory_gb=29.85461
  trial scenario=shuffled_severe partition_id=random_06 partition=8-13-10-11-12-10-6-10 lambda=0.0095 safe=False first_violation=network event_count=69 peak_prefill=1 peak_decode=5 minimum_link_headroom_mb_s=-24.666059 peak_memory_gb=29.84837
  trial scenario=shuffled_severe partition_id=random_06 partition=8-13-10-11-12-10-6-10 lambda=0.01 safe=False first_violation=network event_count=69 peak_prefill=1 peak_decode=5 minimum_link_headroom_mb_s=-24.666059 peak_memory_gb=30.46613
  trial scenario=shuffled_severe partition_id=random_06 partition=8-13-10-11-12-10-6-10 lambda=0.0105 safe=False first_violation=network event_count=68 peak_prefill=1 peak_decode=5 minimum_link_headroom_mb_s=-24.511627 peak_memory_gb=30.46613
  trial scenario=shuffled_severe partition_id=random_06 partition=8-13-10-11-12-10-6-10 lambda=0.011 safe=False first_violation=network event_count=66 peak_prefill=1 peak_decode=5 minimum_link_headroom_mb_s=-24.185673 peak_memory_gb=30.45989
  trial scenario=shuffled_severe partition_id=random_06 partition=8-13-10-11-12-10-6-10 lambda=0.0115 safe=False first_violation=network event_count=66 peak_prefill=1 peak_decode=5 minimum_link_headroom_mb_s=-24.185673 peak_memory_gb=30.45989
  trial scenario=shuffled_severe partition_id=random_06 partition=8-13-10-11-12-10-6-10 lambda=0.012 safe=False first_violation=network event_count=66 peak_prefill=1 peak_decode=5 minimum_link_headroom_mb_s=-24.185673 peak_memory_gb=30.45989
  trial scenario=shuffled_severe partition_id=random_06 partition=8-13-10-11-12-10-6-10 lambda=0.0125 safe=False first_violation=network event_count=66 peak_prefill=1 peak_decode=5 minimum_link_headroom_mb_s=-24.185673 peak_memory_gb=30.45989
  trial scenario=shuffled_severe partition_id=random_06 partition=8-13-10-11-12-10-6-10 lambda=0.013 safe=False first_violation=network event_count=23 peak_prefill=1 peak_decode=5 minimum_link_headroom_mb_s=-54.459977 peak_memory_gb=30.45365
  trial scenario=shuffled_severe partition_id=random_06 partition=8-13-10-11-12-10-6-10 lambda=0.0135 safe=False first_violation=network event_count=22 peak_prefill=1 peak_decode=5 minimum_link_headroom_mb_s=-54.295766 peak_memory_gb=30.44741
  trial scenario=shuffled_severe partition_id=random_06 partition=8-13-10-11-12-10-6-10 lambda=0.014 safe=False first_violation=network event_count=21 peak_prefill=1 peak_decode=5 minimum_link_headroom_mb_s=-54.141524 peak_memory_gb=30.43493
  trial scenario=shuffled_severe partition_id=random_06 partition=8-13-10-11-12-10-6-10 lambda=0.0145 safe=False first_violation=network event_count=21 peak_prefill=1 peak_decode=5 minimum_link_headroom_mb_s=-54.141524 peak_memory_gb=30.43493
  trial scenario=shuffled_severe partition_id=random_06 partition=8-13-10-11-12-10-6-10 lambda=0.015 safe=False first_violation=network event_count=21 peak_prefill=1 peak_decode=5 minimum_link_headroom_mb_s=-54.141524 peak_memory_gb=30.43493
  trial scenario=shuffled_severe partition_id=random_06 partition=8-13-10-11-12-10-6-10 lambda=0.0155 safe=False first_violation=network event_count=21 peak_prefill=1 peak_decode=5 minimum_link_headroom_mb_s=-54.141524 peak_memory_gb=30.43493
  trial scenario=shuffled_severe partition_id=random_06 partition=8-13-10-11-12-10-6-10 lambda=0.016 safe=False first_violation=network event_count=21 peak_prefill=1 peak_decode=5 minimum_link_headroom_mb_s=-54.141524 peak_memory_gb=30.43493
  trial scenario=shuffled_severe partition_id=random_06 partition=8-13-10-11-12-10-6-10 lambda=0.0165 safe=False first_violation=network event_count=21 peak_prefill=1 peak_decode=5 minimum_link_headroom_mb_s=-54.141524 peak_memory_gb=30.43493
  trial scenario=shuffled_severe partition_id=random_06 partition=8-13-10-11-12-10-6-10 lambda=0.017 safe=False first_violation=network event_count=20 peak_prefill=1 peak_decode=5 minimum_link_headroom_mb_s=-53.977521 peak_memory_gb=30.43493
  trial scenario=shuffled_severe partition_id=random_06 partition=8-13-10-11-12-10-6-10 lambda=0.0175 safe=False first_violation=network event_count=19 peak_prefill=1 peak_decode=5 minimum_link_headroom_mb_s=-53.806857 peak_memory_gb=30.43493
  trial scenario=shuffled_severe partition_id=random_06 partition=8-13-10-11-12-10-6-10 lambda=0.018 safe=False first_violation=network event_count=19 peak_prefill=1 peak_decode=5 minimum_link_headroom_mb_s=-53.806857 peak_memory_gb=30.43493
  trial scenario=shuffled_severe partition_id=random_06 partition=8-13-10-11-12-10-6-10 lambda=0.0185 safe=False first_violation=network event_count=19 peak_prefill=1 peak_decode=5 minimum_link_headroom_mb_s=-53.806857 peak_memory_gb=30.42869
  trial scenario=shuffled_severe partition_id=random_06 partition=8-13-10-11-12-10-6-10 lambda=0.019 safe=False first_violation=network event_count=19 peak_prefill=1 peak_decode=5 minimum_link_headroom_mb_s=-53.806857 peak_memory_gb=30.42869
  trial scenario=shuffled_severe partition_id=random_06 partition=8-13-10-11-12-10-6-10 lambda=0.0195 safe=False first_violation=network event_count=19 peak_prefill=1 peak_decode=5 minimum_link_headroom_mb_s=-53.806857 peak_memory_gb=30.42869
  trial scenario=shuffled_severe partition_id=random_06 partition=8-13-10-11-12-10-6-10 lambda=0.02 safe=False first_violation=network event_count=19 peak_prefill=1 peak_decode=5 minimum_link_headroom_mb_s=-53.806857 peak_memory_gb=30.42869
  trial scenario=shuffled_severe partition_id=random_06 partition=8-13-10-11-12-10-6-10 lambda=0.0205 safe=False first_violation=network event_count=18 peak_prefill=1 peak_decode=5 minimum_link_headroom_mb_s=-53.652805 peak_memory_gb=30.42245
  trial scenario=shuffled_severe partition_id=random_06 partition=8-13-10-11-12-10-6-10 lambda=0.021 safe=False first_violation=network event_count=18 peak_prefill=1 peak_decode=5 minimum_link_headroom_mb_s=-53.652805 peak_memory_gb=30.42245
  trial scenario=shuffled_severe partition_id=random_06 partition=8-13-10-11-12-10-6-10 lambda=0.0215 safe=False first_violation=network event_count=18 peak_prefill=1 peak_decode=5 minimum_link_headroom_mb_s=-53.652805 peak_memory_gb=30.42245
  trial scenario=shuffled_severe partition_id=random_06 partition=8-13-10-11-12-10-6-10 lambda=0.022 safe=False first_violation=network event_count=18 peak_prefill=1 peak_decode=5 minimum_link_headroom_mb_s=-53.652805 peak_memory_gb=30.42245
  random_06          partition=[8, 13, 10, 11, 12, 10, 6, 10] safe=0.0065 unsafe=0.007 violation=network monotonic=True
  trial scenario=shuffled_severe partition_id=random_07 partition=10-9-9-9-15-13-8-7 lambda=0.006 safe=True first_violation=None event_count=204 peak_prefill=1 peak_decode=5 minimum_link_headroom_mb_s=123.815044 peak_memory_gb=34.5411
  trial scenario=shuffled_severe partition_id=random_07 partition=10-9-9-9-15-13-8-7 lambda=0.0065 safe=False first_violation=network event_count=162 peak_prefill=1 peak_decode=5 minimum_link_headroom_mb_s=-188.957077 peak_memory_gb=35.10405
  trial scenario=shuffled_severe partition_id=random_07 partition=10-9-9-9-15-13-8-7 lambda=0.007 safe=False first_violation=network event_count=160 peak_prefill=1 peak_decode=5 minimum_link_headroom_mb_s=-188.520194 peak_memory_gb=35.09685
  trial scenario=shuffled_severe partition_id=random_07 partition=10-9-9-9-15-13-8-7 lambda=0.0075 safe=False first_violation=network event_count=111 peak_prefill=1 peak_decode=5 minimum_link_headroom_mb_s=-155.048805 peak_memory_gb=33.71175
  trial scenario=shuffled_severe partition_id=random_07 partition=10-9-9-9-15-13-8-7 lambda=0.008 safe=False first_violation=network event_count=109 peak_prefill=1 peak_decode=5 minimum_link_headroom_mb_s=-154.627898 peak_memory_gb=33.71175
  trial scenario=shuffled_severe partition_id=random_07 partition=10-9-9-9-15-13-8-7 lambda=0.0085 safe=False first_violation=network event_count=97 peak_prefill=1 peak_decode=5 minimum_link_headroom_mb_s=-162.111094 peak_memory_gb=33.69015
  trial scenario=shuffled_severe partition_id=random_07 partition=10-9-9-9-15-13-8-7 lambda=0.009 safe=False first_violation=network event_count=69 peak_prefill=1 peak_decode=5 minimum_link_headroom_mb_s=-140.378323 peak_memory_gb=33.51735
  trial scenario=shuffled_severe partition_id=random_07 partition=10-9-9-9-15-13-8-7 lambda=0.0095 safe=False first_violation=network event_count=69 peak_prefill=1 peak_decode=5 minimum_link_headroom_mb_s=-140.378323 peak_memory_gb=34.23015
  trial scenario=shuffled_severe partition_id=random_07 partition=10-9-9-9-15-13-8-7 lambda=0.01 safe=False first_violation=network event_count=68 peak_prefill=1 peak_decode=5 minimum_link_headroom_mb_s=-140.185659 peak_memory_gb=34.23015
  trial scenario=shuffled_severe partition_id=random_07 partition=10-9-9-9-15-13-8-7 lambda=0.0105 safe=False first_violation=network event_count=66 peak_prefill=1 peak_decode=5 minimum_link_headroom_mb_s=-139.775629 peak_memory_gb=34.22295
  trial scenario=shuffled_severe partition_id=random_07 partition=10-9-9-9-15-13-8-7 lambda=0.011 safe=False first_violation=network event_count=66 peak_prefill=1 peak_decode=5 minimum_link_headroom_mb_s=-139.775629 peak_memory_gb=34.22295
  trial scenario=shuffled_severe partition_id=random_07 partition=10-9-9-9-15-13-8-7 lambda=0.0115 safe=False first_violation=network event_count=66 peak_prefill=1 peak_decode=5 minimum_link_headroom_mb_s=-139.775629 peak_memory_gb=34.22295
  trial scenario=shuffled_severe partition_id=random_07 partition=10-9-9-9-15-13-8-7 lambda=0.012 safe=False first_violation=network event_count=57 peak_prefill=1 peak_decode=5 minimum_link_headroom_mb_s=-159.480424 peak_memory_gb=34.22295
  trial scenario=shuffled_severe partition_id=random_07 partition=10-9-9-9-15-13-8-7 lambda=0.0125 safe=False first_violation=network event_count=23 peak_prefill=1 peak_decode=5 minimum_link_headroom_mb_s=-177.981796 peak_memory_gb=34.21575
  trial scenario=shuffled_severe partition_id=random_07 partition=10-9-9-9-15-13-8-7 lambda=0.013 safe=False first_violation=network event_count=21 peak_prefill=1 peak_decode=5 minimum_link_headroom_mb_s=-177.582672 peak_memory_gb=34.19415
  trial scenario=shuffled_severe partition_id=random_07 partition=10-9-9-9-15-13-8-7 lambda=0.0135 safe=False first_violation=network event_count=21 peak_prefill=1 peak_decode=5 minimum_link_headroom_mb_s=-177.582672 peak_memory_gb=34.19415
  trial scenario=shuffled_severe partition_id=random_07 partition=10-9-9-9-15-13-8-7 lambda=0.014 safe=False first_violation=network event_count=21 peak_prefill=1 peak_decode=5 minimum_link_headroom_mb_s=-177.582672 peak_memory_gb=34.19415
  trial scenario=shuffled_severe partition_id=random_07 partition=10-9-9-9-15-13-8-7 lambda=0.0145 safe=False first_violation=network event_count=21 peak_prefill=1 peak_decode=5 minimum_link_headroom_mb_s=-177.582672 peak_memory_gb=34.19415
  trial scenario=shuffled_severe partition_id=random_07 partition=10-9-9-9-15-13-8-7 lambda=0.015 safe=False first_violation=network event_count=21 peak_prefill=1 peak_decode=5 minimum_link_headroom_mb_s=-177.582672 peak_memory_gb=34.19415
  trial scenario=shuffled_severe partition_id=random_07 partition=10-9-9-9-15-13-8-7 lambda=0.0155 safe=False first_violation=network event_count=21 peak_prefill=1 peak_decode=5 minimum_link_headroom_mb_s=-177.582672 peak_memory_gb=34.19415
  trial scenario=shuffled_severe partition_id=random_07 partition=10-9-9-9-15-13-8-7 lambda=0.016 safe=False first_violation=network event_count=20 peak_prefill=1 peak_decode=5 minimum_link_headroom_mb_s=-177.376241 peak_memory_gb=34.19415
  trial scenario=shuffled_severe partition_id=random_07 partition=10-9-9-9-15-13-8-7 lambda=0.0165 safe=False first_violation=network event_count=20 peak_prefill=1 peak_decode=5 minimum_link_headroom_mb_s=-177.376241 peak_memory_gb=34.19415
  trial scenario=shuffled_severe partition_id=random_07 partition=10-9-9-9-15-13-8-7 lambda=0.017 safe=False first_violation=network event_count=19 peak_prefill=1 peak_decode=5 minimum_link_headroom_mb_s=-177.16012 peak_memory_gb=34.19415
  trial scenario=shuffled_severe partition_id=random_07 partition=10-9-9-9-15-13-8-7 lambda=0.0175 safe=False first_violation=network event_count=19 peak_prefill=1 peak_decode=5 minimum_link_headroom_mb_s=-177.16012 peak_memory_gb=34.18695
  trial scenario=shuffled_severe partition_id=random_07 partition=10-9-9-9-15-13-8-7 lambda=0.018 safe=False first_violation=network event_count=19 peak_prefill=1 peak_decode=5 minimum_link_headroom_mb_s=-177.16012 peak_memory_gb=34.18695
  trial scenario=shuffled_severe partition_id=random_07 partition=10-9-9-9-15-13-8-7 lambda=0.0185 safe=False first_violation=network event_count=19 peak_prefill=1 peak_decode=5 minimum_link_headroom_mb_s=-177.16012 peak_memory_gb=34.18695
  trial scenario=shuffled_severe partition_id=random_07 partition=10-9-9-9-15-13-8-7 lambda=0.019 safe=False first_violation=network event_count=19 peak_prefill=1 peak_decode=5 minimum_link_headroom_mb_s=-177.16012 peak_memory_gb=34.18695
  trial scenario=shuffled_severe partition_id=random_07 partition=10-9-9-9-15-13-8-7 lambda=0.0195 safe=False first_violation=network event_count=18 peak_prefill=1 peak_decode=5 minimum_link_headroom_mb_s=-176.968 peak_memory_gb=34.17975
  trial scenario=shuffled_severe partition_id=random_07 partition=10-9-9-9-15-13-8-7 lambda=0.02 safe=False first_violation=network event_count=18 peak_prefill=1 peak_decode=5 minimum_link_headroom_mb_s=-176.968 peak_memory_gb=34.17975
  trial scenario=shuffled_severe partition_id=random_07 partition=10-9-9-9-15-13-8-7 lambda=0.0205 safe=False first_violation=network event_count=18 peak_prefill=1 peak_decode=5 minimum_link_headroom_mb_s=-176.968 peak_memory_gb=34.17975
  trial scenario=shuffled_severe partition_id=random_07 partition=10-9-9-9-15-13-8-7 lambda=0.021 safe=False first_violation=network event_count=18 peak_prefill=1 peak_decode=5 minimum_link_headroom_mb_s=-176.968 peak_memory_gb=34.17975
  trial scenario=shuffled_severe partition_id=random_07 partition=10-9-9-9-15-13-8-7 lambda=0.0215 safe=False first_violation=network event_count=17 peak_prefill=1 peak_decode=5 minimum_link_headroom_mb_s=-176.761872 peak_memory_gb=34.17975
  trial scenario=shuffled_severe partition_id=random_07 partition=10-9-9-9-15-13-8-7 lambda=0.022 safe=False first_violation=network event_count=17 peak_prefill=1 peak_decode=5 minimum_link_headroom_mb_s=-176.761872 peak_memory_gb=34.17975
  random_07          partition=[10, 9, 9, 9, 15, 13, 8, 7] safe=0.006 unsafe=0.0065 violation=network monotonic=True
  trial scenario=shuffled_severe partition_id=random_08 partition=12-10-8-15-9-10-5-11 lambda=0.006 safe=True first_violation=None event_count=204 peak_prefill=1 peak_decode=5 minimum_link_headroom_mb_s=218.214521 peak_memory_gb=34.5483
  trial scenario=shuffled_severe partition_id=random_08 partition=12-10-8-15-9-10-5-11 lambda=0.0065 safe=True first_violation=None event_count=204 peak_prefill=1 peak_decode=5 minimum_link_headroom_mb_s=218.666488 peak_memory_gb=34.97445
  trial scenario=shuffled_severe partition_id=random_08 partition=12-10-8-15-9-10-5-11 lambda=0.007 safe=False first_violation=network event_count=162 peak_prefill=1 peak_decode=5 minimum_link_headroom_mb_s=-64.061803 peak_memory_gb=35.10405
  trial scenario=shuffled_severe partition_id=random_08 partition=12-10-8-15-9-10-5-11 lambda=0.0075 safe=False first_violation=network event_count=160 peak_prefill=1 peak_decode=5 minimum_link_headroom_mb_s=-63.716773 peak_memory_gb=35.09685
  trial scenario=shuffled_severe partition_id=random_08 partition=12-10-8-15-9-10-5-11 lambda=0.008 safe=False first_violation=network event_count=110 peak_prefill=1 peak_decode=5 minimum_link_headroom_mb_s=-36.853533 peak_memory_gb=33.71175
  trial scenario=shuffled_severe partition_id=random_08 partition=12-10-8-15-9-10-5-11 lambda=0.0085 safe=False first_violation=network event_count=108 peak_prefill=1 peak_decode=5 minimum_link_headroom_mb_s=-36.518465 peak_memory_gb=33.71175
  trial scenario=shuffled_severe partition_id=random_08 partition=12-10-8-15-9-10-5-11 lambda=0.009 safe=False first_violation=network event_count=70 peak_prefill=1 peak_decode=5 minimum_link_headroom_mb_s=-25.62529 peak_memory_gb=33.52455
  trial scenario=shuffled_severe partition_id=random_08 partition=12-10-8-15-9-10-5-11 lambda=0.0095 safe=False first_violation=network event_count=69 peak_prefill=1 peak_decode=5 minimum_link_headroom_mb_s=-25.453443 peak_memory_gb=33.51735
  trial scenario=shuffled_severe partition_id=random_08 partition=12-10-8-15-9-10-5-11 lambda=0.01 safe=False first_violation=network event_count=69 peak_prefill=1 peak_decode=5 minimum_link_headroom_mb_s=-25.453443 peak_memory_gb=34.23015
  trial scenario=shuffled_severe partition_id=random_08 partition=12-10-8-15-9-10-5-11 lambda=0.0105 safe=False first_violation=network event_count=68 peak_prefill=1 peak_decode=5 minimum_link_headroom_mb_s=-25.298764 peak_memory_gb=34.23015
  trial scenario=shuffled_severe partition_id=random_08 partition=12-10-8-15-9-10-5-11 lambda=0.011 safe=False first_violation=network event_count=66 peak_prefill=1 peak_decode=5 minimum_link_headroom_mb_s=-24.972271 peak_memory_gb=34.22295
  trial scenario=shuffled_severe partition_id=random_08 partition=12-10-8-15-9-10-5-11 lambda=0.0115 safe=False first_violation=network event_count=66 peak_prefill=1 peak_decode=5 minimum_link_headroom_mb_s=-24.972271 peak_memory_gb=34.22295
  trial scenario=shuffled_severe partition_id=random_08 partition=12-10-8-15-9-10-5-11 lambda=0.012 safe=False first_violation=network event_count=66 peak_prefill=1 peak_decode=5 minimum_link_headroom_mb_s=-24.972271 peak_memory_gb=34.22295
  trial scenario=shuffled_severe partition_id=random_08 partition=12-10-8-15-9-10-5-11 lambda=0.0125 safe=False first_violation=network event_count=66 peak_prefill=1 peak_decode=5 minimum_link_headroom_mb_s=-24.972271 peak_memory_gb=34.22295
  trial scenario=shuffled_severe partition_id=random_08 partition=12-10-8-15-9-10-5-11 lambda=0.013 safe=False first_violation=network event_count=23 peak_prefill=1 peak_decode=5 minimum_link_headroom_mb_s=-55.297511 peak_memory_gb=34.21575
  trial scenario=shuffled_severe partition_id=random_08 partition=12-10-8-15-9-10-5-11 lambda=0.0135 safe=False first_violation=network event_count=21 peak_prefill=1 peak_decode=5 minimum_link_headroom_mb_s=-54.978539 peak_memory_gb=34.20855
  trial scenario=shuffled_severe partition_id=random_08 partition=12-10-8-15-9-10-5-11 lambda=0.014 safe=False first_violation=network event_count=21 peak_prefill=1 peak_decode=5 minimum_link_headroom_mb_s=-54.978539 peak_memory_gb=34.19415
  trial scenario=shuffled_severe partition_id=random_08 partition=12-10-8-15-9-10-5-11 lambda=0.0145 safe=False first_violation=network event_count=21 peak_prefill=1 peak_decode=5 minimum_link_headroom_mb_s=-54.978539 peak_memory_gb=34.19415
  trial scenario=shuffled_severe partition_id=random_08 partition=12-10-8-15-9-10-5-11 lambda=0.015 safe=False first_violation=network event_count=21 peak_prefill=1 peak_decode=5 minimum_link_headroom_mb_s=-54.978539 peak_memory_gb=34.19415
  trial scenario=shuffled_severe partition_id=random_08 partition=12-10-8-15-9-10-5-11 lambda=0.0155 safe=False first_violation=network event_count=21 peak_prefill=1 peak_decode=5 minimum_link_headroom_mb_s=-54.978539 peak_memory_gb=34.19415
  trial scenario=shuffled_severe partition_id=random_08 partition=12-10-8-15-9-10-5-11 lambda=0.016 safe=False first_violation=network event_count=21 peak_prefill=1 peak_decode=5 minimum_link_headroom_mb_s=-54.978539 peak_memory_gb=34.19415
  trial scenario=shuffled_severe partition_id=random_08 partition=12-10-8-15-9-10-5-11 lambda=0.0165 safe=False first_violation=network event_count=21 peak_prefill=1 peak_decode=5 minimum_link_headroom_mb_s=-54.978539 peak_memory_gb=34.19415
  trial scenario=shuffled_severe partition_id=random_08 partition=12-10-8-15-9-10-5-11 lambda=0.017 safe=False first_violation=network event_count=20 peak_prefill=1 peak_decode=5 minimum_link_headroom_mb_s=-54.814264 peak_memory_gb=34.19415
  trial scenario=shuffled_severe partition_id=random_08 partition=12-10-8-15-9-10-5-11 lambda=0.0175 safe=False first_violation=network event_count=19 peak_prefill=1 peak_decode=5 minimum_link_headroom_mb_s=-54.643308 peak_memory_gb=34.19415
  trial scenario=shuffled_severe partition_id=random_08 partition=12-10-8-15-9-10-5-11 lambda=0.018 safe=False first_violation=network event_count=19 peak_prefill=1 peak_decode=5 minimum_link_headroom_mb_s=-54.643308 peak_memory_gb=34.19415
  trial scenario=shuffled_severe partition_id=random_08 partition=12-10-8-15-9-10-5-11 lambda=0.0185 safe=False first_violation=network event_count=19 peak_prefill=1 peak_decode=5 minimum_link_headroom_mb_s=-54.643308 peak_memory_gb=34.18695
  trial scenario=shuffled_severe partition_id=random_08 partition=12-10-8-15-9-10-5-11 lambda=0.019 safe=False first_violation=network event_count=19 peak_prefill=1 peak_decode=5 minimum_link_headroom_mb_s=-54.643308 peak_memory_gb=34.18695
  trial scenario=shuffled_severe partition_id=random_08 partition=12-10-8-15-9-10-5-11 lambda=0.0195 safe=False first_violation=network event_count=19 peak_prefill=1 peak_decode=5 minimum_link_headroom_mb_s=-54.643308 peak_memory_gb=34.18695
  trial scenario=shuffled_severe partition_id=random_08 partition=12-10-8-15-9-10-5-11 lambda=0.02 safe=False first_violation=network event_count=19 peak_prefill=1 peak_decode=5 minimum_link_headroom_mb_s=-54.643308 peak_memory_gb=34.18695
  trial scenario=shuffled_severe partition_id=random_08 partition=12-10-8-15-9-10-5-11 lambda=0.0205 safe=False first_violation=network event_count=18 peak_prefill=1 peak_decode=5 minimum_link_headroom_mb_s=-54.489011 peak_memory_gb=34.17975
  trial scenario=shuffled_severe partition_id=random_08 partition=12-10-8-15-9-10-5-11 lambda=0.021 safe=False first_violation=network event_count=18 peak_prefill=1 peak_decode=5 minimum_link_headroom_mb_s=-54.489011 peak_memory_gb=34.17975
  trial scenario=shuffled_severe partition_id=random_08 partition=12-10-8-15-9-10-5-11 lambda=0.0215 safe=False first_violation=network event_count=18 peak_prefill=1 peak_decode=5 minimum_link_headroom_mb_s=-54.489011 peak_memory_gb=34.17975
  trial scenario=shuffled_severe partition_id=random_08 partition=12-10-8-15-9-10-5-11 lambda=0.022 safe=False first_violation=network event_count=18 peak_prefill=1 peak_decode=5 minimum_link_headroom_mb_s=-54.489011 peak_memory_gb=34.17975
  random_08          partition=[12, 10, 8, 15, 9, 10, 5, 11] safe=0.0065 unsafe=0.007 violation=network monotonic=True
  trial scenario=shuffled_severe partition_id=random_09 partition=10-9-9-11-12-11-9-9 lambda=0.006 safe=True first_violation=None event_count=204 peak_prefill=1 peak_decode=5 minimum_link_headroom_mb_s=167.542063 peak_memory_gb=28.83288
  trial scenario=shuffled_severe partition_id=random_09 partition=10-9-9-11-12-11-9-9 lambda=0.0065 safe=False first_violation=network event_count=162 peak_prefill=1 peak_decode=5 minimum_link_headroom_mb_s=-131.106803 peak_memory_gb=29.28324
  trial scenario=shuffled_severe partition_id=random_09 partition=10-9-9-11-12-11-9-9 lambda=0.007 safe=False first_violation=network event_count=161 peak_prefill=1 peak_decode=5 minimum_link_headroom_mb_s=-130.918638 peak_memory_gb=29.27748
  trial scenario=shuffled_severe partition_id=random_09 partition=10-9-9-11-12-11-9-9 lambda=0.0075 safe=False first_violation=network event_count=159 peak_prefill=1 peak_decode=5 minimum_link_headroom_mb_s=-130.509534 peak_memory_gb=29.27172
  trial scenario=shuffled_severe partition_id=random_09 partition=10-9-9-11-12-11-9-9 lambda=0.008 safe=False first_violation=network event_count=110 peak_prefill=1 peak_decode=5 minimum_link_headroom_mb_s=-100.288654 peak_memory_gb=28.1694
  trial scenario=shuffled_severe partition_id=random_09 partition=10-9-9-11-12-11-9-9 lambda=0.0085 safe=False first_violation=network event_count=99 peak_prefill=1 peak_decode=5 minimum_link_headroom_mb_s=-107.186722 peak_memory_gb=28.16364
  trial scenario=shuffled_severe partition_id=random_09 partition=10-9-9-11-12-11-9-9 lambda=0.009 safe=False first_violation=network event_count=70 peak_prefill=1 peak_decode=5 minimum_link_headroom_mb_s=-87.47397 peak_memory_gb=28.01388
  trial scenario=shuffled_severe partition_id=random_09 partition=10-9-9-11-12-11-9-9 lambda=0.0095 safe=False first_violation=network event_count=69 peak_prefill=1 peak_decode=5 minimum_link_headroom_mb_s=-87.278308 peak_memory_gb=28.01388
  trial scenario=shuffled_severe partition_id=random_09 partition=10-9-9-11-12-11-9-9 lambda=0.01 safe=False first_violation=network event_count=68 peak_prefill=1 peak_decode=5 minimum_link_headroom_mb_s=-87.103668 peak_memory_gb=28.58412
  trial scenario=shuffled_severe partition_id=random_09 partition=10-9-9-11-12-11-9-9 lambda=0.0105 safe=False first_violation=network event_count=66 peak_prefill=1 peak_decode=5 minimum_link_headroom_mb_s=-86.733408 peak_memory_gb=28.58412
  trial scenario=shuffled_severe partition_id=random_09 partition=10-9-9-11-12-11-9-9 lambda=0.011 safe=False first_violation=network event_count=66 peak_prefill=1 peak_decode=5 minimum_link_headroom_mb_s=-86.733408 peak_memory_gb=28.57836
  trial scenario=shuffled_severe partition_id=random_09 partition=10-9-9-11-12-11-9-9 lambda=0.0115 safe=False first_violation=network event_count=66 peak_prefill=1 peak_decode=5 minimum_link_headroom_mb_s=-86.733408 peak_memory_gb=28.57836
  trial scenario=shuffled_severe partition_id=random_09 partition=10-9-9-11-12-11-9-9 lambda=0.012 safe=False first_violation=network event_count=66 peak_prefill=1 peak_decode=5 minimum_link_headroom_mb_s=-86.733408 peak_memory_gb=28.57836
  trial scenario=shuffled_severe partition_id=random_09 partition=10-9-9-11-12-11-9-9 lambda=0.0125 safe=False first_violation=network event_count=57 peak_prefill=1 peak_decode=5 minimum_link_headroom_mb_s=-104.448127 peak_memory_gb=28.57836
  trial scenario=shuffled_severe partition_id=random_09 partition=10-9-9-11-12-11-9-9 lambda=0.013 safe=False first_violation=network event_count=23 peak_prefill=1 peak_decode=5 minimum_link_headroom_mb_s=-121.187833 peak_memory_gb=28.5726
  trial scenario=shuffled_severe partition_id=random_09 partition=10-9-9-11-12-11-9-9 lambda=0.0135 safe=False first_violation=network event_count=21 peak_prefill=1 peak_decode=5 minimum_link_headroom_mb_s=-120.82681 peak_memory_gb=28.55532
  trial scenario=shuffled_severe partition_id=random_09 partition=10-9-9-11-12-11-9-9 lambda=0.014 safe=False first_violation=network event_count=21 peak_prefill=1 peak_decode=5 minimum_link_headroom_mb_s=-120.82681 peak_memory_gb=28.55532
  trial scenario=shuffled_severe partition_id=random_09 partition=10-9-9-11-12-11-9-9 lambda=0.0145 safe=False first_violation=network event_count=21 peak_prefill=1 peak_decode=5 minimum_link_headroom_mb_s=-120.82681 peak_memory_gb=28.55532
  trial scenario=shuffled_severe partition_id=random_09 partition=10-9-9-11-12-11-9-9 lambda=0.015 safe=False first_violation=network event_count=21 peak_prefill=1 peak_decode=5 minimum_link_headroom_mb_s=-120.82681 peak_memory_gb=28.55532
  trial scenario=shuffled_severe partition_id=random_09 partition=10-9-9-11-12-11-9-9 lambda=0.0155 safe=False first_violation=network event_count=21 peak_prefill=1 peak_decode=5 minimum_link_headroom_mb_s=-120.82681 peak_memory_gb=28.55532
  trial scenario=shuffled_severe partition_id=random_09 partition=10-9-9-11-12-11-9-9 lambda=0.016 safe=False first_violation=network event_count=21 peak_prefill=1 peak_decode=5 minimum_link_headroom_mb_s=-120.82681 peak_memory_gb=28.55532
  trial scenario=shuffled_severe partition_id=random_09 partition=10-9-9-11-12-11-9-9 lambda=0.0165 safe=False first_violation=network event_count=20 peak_prefill=1 peak_decode=5 minimum_link_headroom_mb_s=-120.640452 peak_memory_gb=28.55532
  trial scenario=shuffled_severe partition_id=random_09 partition=10-9-9-11-12-11-9-9 lambda=0.017 safe=False first_violation=network event_count=19 peak_prefill=1 peak_decode=5 minimum_link_headroom_mb_s=-120.445888 peak_memory_gb=28.55532
  trial scenario=shuffled_severe partition_id=random_09 partition=10-9-9-11-12-11-9-9 lambda=0.0175 safe=False first_violation=network event_count=19 peak_prefill=1 peak_decode=5 minimum_link_headroom_mb_s=-120.445888 peak_memory_gb=28.55532
  trial scenario=shuffled_severe partition_id=random_09 partition=10-9-9-11-12-11-9-9 lambda=0.018 safe=False first_violation=network event_count=19 peak_prefill=1 peak_decode=5 minimum_link_headroom_mb_s=-120.445888 peak_memory_gb=28.54956
  trial scenario=shuffled_severe partition_id=random_09 partition=10-9-9-11-12-11-9-9 lambda=0.0185 safe=False first_violation=network event_count=19 peak_prefill=1 peak_decode=5 minimum_link_headroom_mb_s=-120.445888 peak_memory_gb=28.54956
  trial scenario=shuffled_severe partition_id=random_09 partition=10-9-9-11-12-11-9-9 lambda=0.019 safe=False first_violation=network event_count=19 peak_prefill=1 peak_decode=5 minimum_link_headroom_mb_s=-120.445888 peak_memory_gb=28.54956
  trial scenario=shuffled_severe partition_id=random_09 partition=10-9-9-11-12-11-9-9 lambda=0.0195 safe=False first_violation=network event_count=19 peak_prefill=1 peak_decode=5 minimum_link_headroom_mb_s=-120.445888 peak_memory_gb=28.54956
  trial scenario=shuffled_severe partition_id=random_09 partition=10-9-9-11-12-11-9-9 lambda=0.02 safe=False first_violation=network event_count=18 peak_prefill=1 peak_decode=5 minimum_link_headroom_mb_s=-120.271712 peak_memory_gb=28.5438
  trial scenario=shuffled_severe partition_id=random_09 partition=10-9-9-11-12-11-9-9 lambda=0.0205 safe=False first_violation=network event_count=18 peak_prefill=1 peak_decode=5 minimum_link_headroom_mb_s=-120.271712 peak_memory_gb=28.5438
  trial scenario=shuffled_severe partition_id=random_09 partition=10-9-9-11-12-11-9-9 lambda=0.021 safe=False first_violation=network event_count=18 peak_prefill=1 peak_decode=5 minimum_link_headroom_mb_s=-120.271712 peak_memory_gb=28.5438
  trial scenario=shuffled_severe partition_id=random_09 partition=10-9-9-11-12-11-9-9 lambda=0.0215 safe=False first_violation=network event_count=18 peak_prefill=1 peak_decode=5 minimum_link_headroom_mb_s=-120.271712 peak_memory_gb=28.5438
  trial scenario=shuffled_severe partition_id=random_09 partition=10-9-9-11-12-11-9-9 lambda=0.022 safe=False first_violation=network event_count=17 peak_prefill=1 peak_decode=5 minimum_link_headroom_mb_s=-120.08561 peak_memory_gb=28.5438
  random_09          partition=[10, 9, 9, 11, 12, 11, 9, 9] safe=0.006 unsafe=0.0065 violation=network monotonic=True
  trial scenario=shuffled_severe partition_id=random_10 partition=14-10-5-10-7-14-10-10 lambda=0.006 safe=True first_violation=None event_count=204 peak_prefill=1 peak_decode=5 minimum_link_headroom_mb_s=202.646269 peak_memory_gb=32.63836
  trial scenario=shuffled_severe partition_id=random_10 partition=14-10-5-10-7-14-10-10 lambda=0.0065 safe=False first_violation=network event_count=163 peak_prefill=1 peak_decode=5 minimum_link_headroom_mb_s=-84.94081 peak_memory_gb=32.9353
  trial scenario=shuffled_severe partition_id=random_10 partition=14-10-5-10-7-14-10-10 lambda=0.007 safe=False first_violation=network event_count=162 peak_prefill=1 peak_decode=5 minimum_link_headroom_mb_s=-84.78007 peak_memory_gb=33.15706
  trial scenario=shuffled_severe partition_id=random_10 partition=14-10-5-10-7-14-10-10 lambda=0.0075 safe=False first_violation=network event_count=160 peak_prefill=1 peak_decode=5 minimum_link_headroom_mb_s=-84.42054 peak_memory_gb=33.15706
  trial scenario=shuffled_severe partition_id=random_10 partition=14-10-5-10-7-14-10-10 lambda=0.008 safe=False first_violation=network event_count=110 peak_prefill=1 peak_decode=5 minimum_link_headroom_mb_s=-56.478688 peak_memory_gb=31.8643
  trial scenario=shuffled_severe partition_id=random_10 partition=14-10-5-10-7-14-10-10 lambda=0.0085 safe=False first_violation=network event_count=108 peak_prefill=1 peak_decode=5 minimum_link_headroom_mb_s=-56.129775 peak_memory_gb=31.8643
  trial scenario=shuffled_severe partition_id=random_10 partition=14-10-5-10-7-14-10-10 lambda=0.009 safe=False first_violation=network event_count=70 peak_prefill=1 peak_decode=5 minimum_link_headroom_mb_s=-44.770388 peak_memory_gb=31.68958
  trial scenario=shuffled_severe partition_id=random_10 partition=14-10-5-10-7-14-10-10 lambda=0.0095 safe=False first_violation=network event_count=69 peak_prefill=1 peak_decode=5 minimum_link_headroom_mb_s=-44.591343 peak_memory_gb=31.68286
  trial scenario=shuffled_severe partition_id=random_10 partition=14-10-5-10-7-14-10-10 lambda=0.01 safe=False first_violation=network event_count=68 peak_prefill=1 peak_decode=5 minimum_link_headroom_mb_s=-44.430602 peak_memory_gb=32.34814
  trial scenario=shuffled_severe partition_id=random_10 partition=14-10-5-10-7-14-10-10 lambda=0.0105 safe=False first_violation=network event_count=68 peak_prefill=1 peak_decode=5 minimum_link_headroom_mb_s=-44.430602 peak_memory_gb=32.34814
  trial scenario=shuffled_severe partition_id=random_10 partition=14-10-5-10-7-14-10-10 lambda=0.011 safe=False first_violation=network event_count=66 peak_prefill=1 peak_decode=5 minimum_link_headroom_mb_s=-44.090852 peak_memory_gb=32.34142
  trial scenario=shuffled_severe partition_id=random_10 partition=14-10-5-10-7-14-10-10 lambda=0.0115 safe=False first_violation=network event_count=66 peak_prefill=1 peak_decode=5 minimum_link_headroom_mb_s=-44.090852 peak_memory_gb=32.34142
  trial scenario=shuffled_severe partition_id=random_10 partition=14-10-5-10-7-14-10-10 lambda=0.012 safe=False first_violation=network event_count=66 peak_prefill=1 peak_decode=5 minimum_link_headroom_mb_s=-44.090852 peak_memory_gb=32.34142
  trial scenario=shuffled_severe partition_id=random_10 partition=14-10-5-10-7-14-10-10 lambda=0.0125 safe=False first_violation=network event_count=57 peak_prefill=1 peak_decode=5 minimum_link_headroom_mb_s=-60.283192 peak_memory_gb=32.34142
  trial scenario=shuffled_severe partition_id=random_10 partition=14-10-5-10-7-14-10-10 lambda=0.013 safe=False first_violation=network event_count=23 peak_prefill=1 peak_decode=5 minimum_link_headroom_mb_s=-75.666895 peak_memory_gb=32.34142
  trial scenario=shuffled_severe partition_id=random_10 partition=14-10-5-10-7-14-10-10 lambda=0.0135 safe=False first_violation=network event_count=21 peak_prefill=1 peak_decode=5 minimum_link_headroom_mb_s=-75.335172 peak_memory_gb=32.31454
  trial scenario=shuffled_severe partition_id=random_10 partition=14-10-5-10-7-14-10-10 lambda=0.014 safe=False first_violation=network event_count=21 peak_prefill=1 peak_decode=5 minimum_link_headroom_mb_s=-75.335172 peak_memory_gb=32.31454
  trial scenario=shuffled_severe partition_id=random_10 partition=14-10-5-10-7-14-10-10 lambda=0.0145 safe=False first_violation=network event_count=21 peak_prefill=1 peak_decode=5 minimum_link_headroom_mb_s=-75.335172 peak_memory_gb=32.31454
  trial scenario=shuffled_severe partition_id=random_10 partition=14-10-5-10-7-14-10-10 lambda=0.015 safe=False first_violation=network event_count=21 peak_prefill=1 peak_decode=5 minimum_link_headroom_mb_s=-75.335172 peak_memory_gb=32.31454
  trial scenario=shuffled_severe partition_id=random_10 partition=14-10-5-10-7-14-10-10 lambda=0.0155 safe=False first_violation=network event_count=21 peak_prefill=1 peak_decode=5 minimum_link_headroom_mb_s=-75.335172 peak_memory_gb=32.31454
  trial scenario=shuffled_severe partition_id=random_10 partition=14-10-5-10-7-14-10-10 lambda=0.016 safe=False first_violation=network event_count=21 peak_prefill=1 peak_decode=5 minimum_link_headroom_mb_s=-75.335172 peak_memory_gb=32.31454
  trial scenario=shuffled_severe partition_id=random_10 partition=14-10-5-10-7-14-10-10 lambda=0.0165 safe=False first_violation=network event_count=21 peak_prefill=1 peak_decode=5 minimum_link_headroom_mb_s=-75.335172 peak_memory_gb=32.31454
  trial scenario=shuffled_severe partition_id=random_10 partition=14-10-5-10-7-14-10-10 lambda=0.017 safe=False first_violation=network event_count=20 peak_prefill=1 peak_decode=5 minimum_link_headroom_mb_s=-75.164208 peak_memory_gb=32.31454
  trial scenario=shuffled_severe partition_id=random_10 partition=14-10-5-10-7-14-10-10 lambda=0.0175 safe=False first_violation=network event_count=19 peak_prefill=1 peak_decode=5 minimum_link_headroom_mb_s=-74.986115 peak_memory_gb=32.31454
  trial scenario=shuffled_severe partition_id=random_10 partition=14-10-5-10-7-14-10-10 lambda=0.018 safe=False first_violation=network event_count=19 peak_prefill=1 peak_decode=5 minimum_link_headroom_mb_s=-74.986115 peak_memory_gb=32.31454
  trial scenario=shuffled_severe partition_id=random_10 partition=14-10-5-10-7-14-10-10 lambda=0.0185 safe=False first_violation=network event_count=19 peak_prefill=1 peak_decode=5 minimum_link_headroom_mb_s=-74.986115 peak_memory_gb=32.30782
  trial scenario=shuffled_severe partition_id=random_10 partition=14-10-5-10-7-14-10-10 lambda=0.019 safe=False first_violation=network event_count=19 peak_prefill=1 peak_decode=5 minimum_link_headroom_mb_s=-74.986115 peak_memory_gb=32.30782
  trial scenario=shuffled_severe partition_id=random_10 partition=14-10-5-10-7-14-10-10 lambda=0.0195 safe=False first_violation=network event_count=19 peak_prefill=1 peak_decode=5 minimum_link_headroom_mb_s=-74.986115 peak_memory_gb=32.30782
  trial scenario=shuffled_severe partition_id=random_10 partition=14-10-5-10-7-14-10-10 lambda=0.02 safe=False first_violation=network event_count=19 peak_prefill=1 peak_decode=5 minimum_link_headroom_mb_s=-74.986115 peak_memory_gb=32.3011
  trial scenario=shuffled_severe partition_id=random_10 partition=14-10-5-10-7-14-10-10 lambda=0.0205 safe=False first_violation=network event_count=18 peak_prefill=1 peak_decode=5 minimum_link_headroom_mb_s=-74.825781 peak_memory_gb=32.3011
  trial scenario=shuffled_severe partition_id=random_10 partition=14-10-5-10-7-14-10-10 lambda=0.021 safe=False first_violation=network event_count=18 peak_prefill=1 peak_decode=5 minimum_link_headroom_mb_s=-74.825781 peak_memory_gb=32.3011
  trial scenario=shuffled_severe partition_id=random_10 partition=14-10-5-10-7-14-10-10 lambda=0.0215 safe=False first_violation=network event_count=18 peak_prefill=1 peak_decode=5 minimum_link_headroom_mb_s=-74.825781 peak_memory_gb=32.3011
  trial scenario=shuffled_severe partition_id=random_10 partition=14-10-5-10-7-14-10-10 lambda=0.022 safe=False first_violation=network event_count=18 peak_prefill=1 peak_decode=5 minimum_link_headroom_mb_s=-74.825781 peak_memory_gb=32.3011
  random_10          partition=[14, 10, 5, 10, 7, 14, 10, 10] safe=0.006 unsafe=0.0065 violation=network monotonic=True
  trial scenario=shuffled_severe partition_id=random_11 partition=10-8-11-11-9-14-8-9 lambda=0.006 safe=True first_violation=None event_count=204 peak_prefill=1 peak_decode=5 minimum_link_headroom_mb_s=191.625178 peak_memory_gb=32.63836
  trial scenario=shuffled_severe partition_id=random_11 partition=10-8-11-11-9-14-8-9 lambda=0.0065 safe=False first_violation=network event_count=163 peak_prefill=1 peak_decode=5 minimum_link_headroom_mb_s=-99.478492 peak_memory_gb=32.92858
  trial scenario=shuffled_severe partition_id=random_11 partition=10-8-11-11-9-14-8-9 lambda=0.007 safe=False first_violation=network event_count=162 peak_prefill=1 peak_decode=5 minimum_link_headroom_mb_s=-99.313443 peak_memory_gb=33.15706
  trial scenario=shuffled_severe partition_id=random_11 partition=10-8-11-11-9-14-8-9 lambda=0.0075 safe=False first_violation=network event_count=159 peak_prefill=1 peak_decode=5 minimum_link_headroom_mb_s=-98.751595 peak_memory_gb=33.15706
  trial scenario=shuffled_severe partition_id=random_11 partition=10-8-11-11-9-14-8-9 lambda=0.008 safe=False first_violation=network event_count=110 peak_prefill=1 peak_decode=5 minimum_link_headroom_mb_s=-70.233294 peak_memory_gb=31.8643
  trial scenario=shuffled_severe partition_id=random_11 partition=10-8-11-11-9-14-8-9 lambda=0.0085 safe=False first_violation=network event_count=108 peak_prefill=1 peak_decode=5 minimum_link_headroom_mb_s=-69.874511 peak_memory_gb=31.8643
  trial scenario=shuffled_severe partition_id=random_11 partition=10-8-11-11-9-14-8-9 lambda=0.009 safe=False first_violation=network event_count=70 peak_prefill=1 peak_decode=5 minimum_link_headroom_mb_s=-58.182807 peak_memory_gb=31.68958
  trial scenario=shuffled_severe partition_id=random_11 partition=10-8-11-11-9-14-8-9 lambda=0.0095 safe=False first_violation=network event_count=69 peak_prefill=1 peak_decode=5 minimum_link_headroom_mb_s=-57.998626 peak_memory_gb=31.68286
  trial scenario=shuffled_severe partition_id=random_11 partition=10-8-11-11-9-14-8-9 lambda=0.01 safe=False first_violation=network event_count=68 peak_prefill=1 peak_decode=5 minimum_link_headroom_mb_s=-57.833577 peak_memory_gb=32.34814
  trial scenario=shuffled_severe partition_id=random_11 partition=10-8-11-11-9-14-8-9 lambda=0.0105 safe=False first_violation=network event_count=68 peak_prefill=1 peak_decode=5 minimum_link_headroom_mb_s=-57.833577 peak_memory_gb=32.34814
  trial scenario=shuffled_severe partition_id=random_11 partition=10-8-11-11-9-14-8-9 lambda=0.011 safe=False first_violation=network event_count=66 peak_prefill=1 peak_decode=5 minimum_link_headroom_mb_s=-57.484384 peak_memory_gb=32.34142
  trial scenario=shuffled_severe partition_id=random_11 partition=10-8-11-11-9-14-8-9 lambda=0.0115 safe=False first_violation=network event_count=66 peak_prefill=1 peak_decode=5 minimum_link_headroom_mb_s=-57.484384 peak_memory_gb=32.34142
  trial scenario=shuffled_severe partition_id=random_11 partition=10-8-11-11-9-14-8-9 lambda=0.012 safe=False first_violation=network event_count=66 peak_prefill=1 peak_decode=5 minimum_link_headroom_mb_s=-57.484384 peak_memory_gb=32.34142
  trial scenario=shuffled_severe partition_id=random_11 partition=10-8-11-11-9-14-8-9 lambda=0.0125 safe=False first_violation=network event_count=58 peak_prefill=1 peak_decode=5 minimum_link_headroom_mb_s=-74.33092 peak_memory_gb=32.34142
  trial scenario=shuffled_severe partition_id=random_11 partition=10-8-11-11-9-14-8-9 lambda=0.013 safe=False first_violation=network event_count=23 peak_prefill=1 peak_decode=5 minimum_link_headroom_mb_s=-89.951304 peak_memory_gb=32.3347
  trial scenario=shuffled_severe partition_id=random_11 partition=10-8-11-11-9-14-8-9 lambda=0.0135 safe=False first_violation=network event_count=21 peak_prefill=1 peak_decode=5 minimum_link_headroom_mb_s=-89.610506 peak_memory_gb=32.31454
  trial scenario=shuffled_severe partition_id=random_11 partition=10-8-11-11-9-14-8-9 lambda=0.014 safe=False first_violation=network event_count=21 peak_prefill=1 peak_decode=5 minimum_link_headroom_mb_s=-89.610506 peak_memory_gb=32.31454
  trial scenario=shuffled_severe partition_id=random_11 partition=10-8-11-11-9-14-8-9 lambda=0.0145 safe=False first_violation=network event_count=21 peak_prefill=1 peak_decode=5 minimum_link_headroom_mb_s=-89.610506 peak_memory_gb=32.31454
  trial scenario=shuffled_severe partition_id=random_11 partition=10-8-11-11-9-14-8-9 lambda=0.015 safe=False first_violation=network event_count=21 peak_prefill=1 peak_decode=5 minimum_link_headroom_mb_s=-89.610506 peak_memory_gb=32.31454
  trial scenario=shuffled_severe partition_id=random_11 partition=10-8-11-11-9-14-8-9 lambda=0.0155 safe=False first_violation=network event_count=21 peak_prefill=1 peak_decode=5 minimum_link_headroom_mb_s=-89.610506 peak_memory_gb=32.31454
  trial scenario=shuffled_severe partition_id=random_11 partition=10-8-11-11-9-14-8-9 lambda=0.016 safe=False first_violation=network event_count=21 peak_prefill=1 peak_decode=5 minimum_link_headroom_mb_s=-89.610506 peak_memory_gb=32.31454
  trial scenario=shuffled_severe partition_id=random_11 partition=10-8-11-11-9-14-8-9 lambda=0.0165 safe=False first_violation=network event_count=20 peak_prefill=1 peak_decode=5 minimum_link_headroom_mb_s=-89.434778 peak_memory_gb=32.31454
  trial scenario=shuffled_severe partition_id=random_11 partition=10-8-11-11-9-14-8-9 lambda=0.017 safe=False first_violation=network event_count=20 peak_prefill=1 peak_decode=5 minimum_link_headroom_mb_s=-89.434778 peak_memory_gb=32.31454
  trial scenario=shuffled_severe partition_id=random_11 partition=10-8-11-11-9-14-8-9 lambda=0.0175 safe=False first_violation=network event_count=19 peak_prefill=1 peak_decode=5 minimum_link_headroom_mb_s=-89.251594 peak_memory_gb=32.31454
  trial scenario=shuffled_severe partition_id=random_11 partition=10-8-11-11-9-14-8-9 lambda=0.018 safe=False first_violation=network event_count=19 peak_prefill=1 peak_decode=5 minimum_link_headroom_mb_s=-89.251594 peak_memory_gb=32.30782
  trial scenario=shuffled_severe partition_id=random_11 partition=10-8-11-11-9-14-8-9 lambda=0.0185 safe=False first_violation=network event_count=19 peak_prefill=1 peak_decode=5 minimum_link_headroom_mb_s=-89.251594 peak_memory_gb=32.30782
  trial scenario=shuffled_severe partition_id=random_11 partition=10-8-11-11-9-14-8-9 lambda=0.019 safe=False first_violation=network event_count=19 peak_prefill=1 peak_decode=5 minimum_link_headroom_mb_s=-89.251594 peak_memory_gb=32.30782
  trial scenario=shuffled_severe partition_id=random_11 partition=10-8-11-11-9-14-8-9 lambda=0.0195 safe=False first_violation=network event_count=19 peak_prefill=1 peak_decode=5 minimum_link_headroom_mb_s=-89.251594 peak_memory_gb=32.30782
  trial scenario=shuffled_severe partition_id=random_11 partition=10-8-11-11-9-14-8-9 lambda=0.02 safe=False first_violation=network event_count=18 peak_prefill=1 peak_decode=5 minimum_link_headroom_mb_s=-89.086968 peak_memory_gb=32.3011
  trial scenario=shuffled_severe partition_id=random_11 partition=10-8-11-11-9-14-8-9 lambda=0.0205 safe=False first_violation=network event_count=18 peak_prefill=1 peak_decode=5 minimum_link_headroom_mb_s=-89.086968 peak_memory_gb=32.3011
  trial scenario=shuffled_severe partition_id=random_11 partition=10-8-11-11-9-14-8-9 lambda=0.021 safe=False first_violation=network event_count=18 peak_prefill=1 peak_decode=5 minimum_link_headroom_mb_s=-89.086968 peak_memory_gb=32.3011
  trial scenario=shuffled_severe partition_id=random_11 partition=10-8-11-11-9-14-8-9 lambda=0.0215 safe=False first_violation=network event_count=18 peak_prefill=1 peak_decode=5 minimum_link_headroom_mb_s=-89.086968 peak_memory_gb=32.3011
  trial scenario=shuffled_severe partition_id=random_11 partition=10-8-11-11-9-14-8-9 lambda=0.022 safe=False first_violation=network event_count=17 peak_prefill=1 peak_decode=5 minimum_link_headroom_mb_s=-88.911473 peak_memory_gb=32.3011
  random_11          partition=[10, 8, 11, 11, 9, 14, 8, 9] safe=0.006 unsafe=0.0065 violation=network monotonic=True
  trial scenario=shuffled_severe partition_id=random_12 partition=13-11-9-12-8-10-8-9 lambda=0.006 safe=True first_violation=None event_count=204 peak_prefill=1 peak_decode=5 minimum_link_headroom_mb_s=185.548286 peak_memory_gb=30.73562
  trial scenario=shuffled_severe partition_id=random_12 partition=13-11-9-12-8-10-8-9 lambda=0.0065 safe=False first_violation=network event_count=163 peak_prefill=1 peak_decode=5 minimum_link_headroom_mb_s=-107.498742 peak_memory_gb=31.22351
  trial scenario=shuffled_severe partition_id=random_12 partition=13-11-9-12-8-10-8-9 lambda=0.007 safe=False first_violation=network event_count=162 peak_prefill=1 peak_decode=5 minimum_link_headroom_mb_s=-107.331295 peak_memory_gb=31.21727
  trial scenario=shuffled_severe partition_id=random_12 partition=13-11-9-12-8-10-8-9 lambda=0.0075 safe=False first_violation=network event_count=159 peak_prefill=1 peak_decode=5 minimum_link_headroom_mb_s=-106.760616 peak_memory_gb=31.21727
  trial scenario=shuffled_severe partition_id=random_12 partition=13-11-9-12-8-10-8-9 lambda=0.008 safe=False first_violation=network event_count=110 peak_prefill=1 peak_decode=5 minimum_link_headroom_mb_s=-77.817291 peak_memory_gb=30.01685
  trial scenario=shuffled_severe partition_id=random_12 partition=13-11-9-12-8-10-8-9 lambda=0.0085 safe=False first_violation=network event_count=99 peak_prefill=1 peak_decode=5 minimum_link_headroom_mb_s=-84.420507 peak_memory_gb=30.01061
  trial scenario=shuffled_severe partition_id=random_12 partition=13-11-9-12-8-10-8-9 lambda=0.009 safe=False first_violation=network event_count=70 peak_prefill=1 peak_decode=5 minimum_link_headroom_mb_s=-65.576105 peak_memory_gb=29.85461
  trial scenario=shuffled_severe partition_id=random_12 partition=13-11-9-12-8-10-8-9 lambda=0.0095 safe=False first_violation=network event_count=69 peak_prefill=1 peak_decode=5 minimum_link_headroom_mb_s=-65.389061 peak_memory_gb=29.84837
  trial scenario=shuffled_severe partition_id=random_12 partition=13-11-9-12-8-10-8-9 lambda=0.01 safe=False first_violation=network event_count=68 peak_prefill=1 peak_decode=5 minimum_link_headroom_mb_s=-65.221614 peak_memory_gb=30.46613
  trial scenario=shuffled_severe partition_id=random_12 partition=13-11-9-12-8-10-8-9 lambda=0.0105 safe=False first_violation=network event_count=67 peak_prefill=1 peak_decode=5 minimum_link_headroom_mb_s=-65.053949 peak_memory_gb=30.46613
  trial scenario=shuffled_severe partition_id=random_12 partition=13-11-9-12-8-10-8-9 lambda=0.011 safe=False first_violation=network event_count=66 peak_prefill=1 peak_decode=5 minimum_link_headroom_mb_s=-64.867161 peak_memory_gb=30.45989
  trial scenario=shuffled_severe partition_id=random_12 partition=13-11-9-12-8-10-8-9 lambda=0.0115 safe=False first_violation=network event_count=66 peak_prefill=1 peak_decode=5 minimum_link_headroom_mb_s=-64.867161 peak_memory_gb=30.45989
  trial scenario=shuffled_severe partition_id=random_12 partition=13-11-9-12-8-10-8-9 lambda=0.012 safe=False first_violation=network event_count=66 peak_prefill=1 peak_decode=5 minimum_link_headroom_mb_s=-64.867161 peak_memory_gb=30.45989
  trial scenario=shuffled_severe partition_id=random_12 partition=13-11-9-12-8-10-8-9 lambda=0.0125 safe=False first_violation=network event_count=58 peak_prefill=1 peak_decode=5 minimum_link_headroom_mb_s=-81.978928 peak_memory_gb=30.45989
  trial scenario=shuffled_severe partition_id=random_12 partition=13-11-9-12-8-10-8-9 lambda=0.013 safe=False first_violation=network event_count=23 peak_prefill=1 peak_decode=5 minimum_link_headroom_mb_s=-97.830311 peak_memory_gb=30.45989
  trial scenario=shuffled_severe partition_id=random_12 partition=13-11-9-12-8-10-8-9 lambda=0.0135 safe=False first_violation=network event_count=21 peak_prefill=1 peak_decode=5 minimum_link_headroom_mb_s=-97.48446 peak_memory_gb=30.43493
  trial scenario=shuffled_severe partition_id=random_12 partition=13-11-9-12-8-10-8-9 lambda=0.014 safe=False first_violation=network event_count=21 peak_prefill=1 peak_decode=5 minimum_link_headroom_mb_s=-97.48446 peak_memory_gb=30.43493
  trial scenario=shuffled_severe partition_id=random_12 partition=13-11-9-12-8-10-8-9 lambda=0.0145 safe=False first_violation=network event_count=21 peak_prefill=1 peak_decode=5 minimum_link_headroom_mb_s=-97.48446 peak_memory_gb=30.43493
  trial scenario=shuffled_severe partition_id=random_12 partition=13-11-9-12-8-10-8-9 lambda=0.015 safe=False first_violation=network event_count=21 peak_prefill=1 peak_decode=5 minimum_link_headroom_mb_s=-97.48446 peak_memory_gb=30.43493
  trial scenario=shuffled_severe partition_id=random_12 partition=13-11-9-12-8-10-8-9 lambda=0.0155 safe=False first_violation=network event_count=21 peak_prefill=1 peak_decode=5 minimum_link_headroom_mb_s=-97.48446 peak_memory_gb=30.43493
  trial scenario=shuffled_severe partition_id=random_12 partition=13-11-9-12-8-10-8-9 lambda=0.016 safe=False first_violation=network event_count=21 peak_prefill=1 peak_decode=5 minimum_link_headroom_mb_s=-97.48446 peak_memory_gb=30.43493
  trial scenario=shuffled_severe partition_id=random_12 partition=13-11-9-12-8-10-8-9 lambda=0.0165 safe=False first_violation=network event_count=20 peak_prefill=1 peak_decode=5 minimum_link_headroom_mb_s=-97.306078 peak_memory_gb=30.43493
  trial scenario=shuffled_severe partition_id=random_12 partition=13-11-9-12-8-10-8-9 lambda=0.017 safe=False first_violation=network event_count=20 peak_prefill=1 peak_decode=5 minimum_link_headroom_mb_s=-97.306078 peak_memory_gb=30.43493
  trial scenario=shuffled_severe partition_id=random_12 partition=13-11-9-12-8-10-8-9 lambda=0.0175 safe=False first_violation=network event_count=19 peak_prefill=1 peak_decode=5 minimum_link_headroom_mb_s=-97.120056 peak_memory_gb=30.43493
  trial scenario=shuffled_severe partition_id=random_12 partition=13-11-9-12-8-10-8-9 lambda=0.018 safe=False first_violation=network event_count=19 peak_prefill=1 peak_decode=5 minimum_link_headroom_mb_s=-97.120056 peak_memory_gb=30.42869
  trial scenario=shuffled_severe partition_id=random_12 partition=13-11-9-12-8-10-8-9 lambda=0.0185 safe=False first_violation=network event_count=19 peak_prefill=1 peak_decode=5 minimum_link_headroom_mb_s=-97.120056 peak_memory_gb=30.42869
  trial scenario=shuffled_severe partition_id=random_12 partition=13-11-9-12-8-10-8-9 lambda=0.019 safe=False first_violation=network event_count=19 peak_prefill=1 peak_decode=5 minimum_link_headroom_mb_s=-97.120056 peak_memory_gb=30.42869
  trial scenario=shuffled_severe partition_id=random_12 partition=13-11-9-12-8-10-8-9 lambda=0.0195 safe=False first_violation=network event_count=19 peak_prefill=1 peak_decode=5 minimum_link_headroom_mb_s=-97.120056 peak_memory_gb=30.42869
  trial scenario=shuffled_severe partition_id=random_12 partition=13-11-9-12-8-10-8-9 lambda=0.02 safe=False first_violation=network event_count=18 peak_prefill=1 peak_decode=5 minimum_link_headroom_mb_s=-96.953042 peak_memory_gb=30.42245
  trial scenario=shuffled_severe partition_id=random_12 partition=13-11-9-12-8-10-8-9 lambda=0.0205 safe=False first_violation=network event_count=18 peak_prefill=1 peak_decode=5 minimum_link_headroom_mb_s=-96.953042 peak_memory_gb=30.42245
  trial scenario=shuffled_severe partition_id=random_12 partition=13-11-9-12-8-10-8-9 lambda=0.021 safe=False first_violation=network event_count=18 peak_prefill=1 peak_decode=5 minimum_link_headroom_mb_s=-96.953042 peak_memory_gb=30.42245
  trial scenario=shuffled_severe partition_id=random_12 partition=13-11-9-12-8-10-8-9 lambda=0.0215 safe=False first_violation=network event_count=18 peak_prefill=1 peak_decode=5 minimum_link_headroom_mb_s=-96.953042 peak_memory_gb=30.42245
  trial scenario=shuffled_severe partition_id=random_12 partition=13-11-9-12-8-10-8-9 lambda=0.022 safe=False first_violation=network event_count=17 peak_prefill=1 peak_decode=5 minimum_link_headroom_mb_s=-96.774899 peak_memory_gb=30.42245
  random_12          partition=[13, 11, 9, 12, 8, 10, 8, 9] safe=0.006 unsafe=0.0065 violation=network monotonic=True
  trial scenario=shuffled_severe partition_id=random_13 partition=14-11-13-11-8-8-6-9 lambda=0.006 safe=True first_violation=None event_count=204 peak_prefill=1 peak_decode=5 minimum_link_headroom_mb_s=143.193137 peak_memory_gb=32.63836
  trial scenario=shuffled_severe partition_id=random_13 partition=14-11-13-11-8-8-6-9 lambda=0.0065 safe=False first_violation=network event_count=162 peak_prefill=1 peak_decode=5 minimum_link_headroom_mb_s=-163.300354 peak_memory_gb=33.16378
  trial scenario=shuffled_severe partition_id=random_13 partition=14-11-13-11-8-8-6-9 lambda=0.007 safe=False first_violation=network event_count=160 peak_prefill=1 peak_decode=5 minimum_link_headroom_mb_s=-162.883211 peak_memory_gb=33.15706
  trial scenario=shuffled_severe partition_id=random_13 partition=14-11-13-11-8-8-6-9 lambda=0.0075 safe=False first_violation=network event_count=111 peak_prefill=1 peak_decode=5 minimum_link_headroom_mb_s=-130.859207 peak_memory_gb=31.87102
  trial scenario=shuffled_severe partition_id=random_13 partition=14-11-13-11-8-8-6-9 lambda=0.008 safe=False first_violation=network event_count=110 peak_prefill=1 peak_decode=5 minimum_link_headroom_mb_s=-130.674372 peak_memory_gb=31.8643
  trial scenario=shuffled_severe partition_id=random_13 partition=14-11-13-11-8-8-6-9 lambda=0.0085 safe=False first_violation=network event_count=98 peak_prefill=1 peak_decode=5 minimum_link_headroom_mb_s=-137.79734 peak_memory_gb=31.85086
  trial scenario=shuffled_severe partition_id=random_13 partition=14-11-13-11-8-8-6-9 lambda=0.009 safe=False first_violation=network event_count=69 peak_prefill=1 peak_decode=5 minimum_link_headroom_mb_s=-116.856412 peak_memory_gb=31.68286
  trial scenario=shuffled_severe partition_id=random_13 partition=14-11-13-11-8-8-6-9 lambda=0.0095 safe=False first_violation=network event_count=69 peak_prefill=1 peak_decode=5 minimum_link_headroom_mb_s=-116.856412 peak_memory_gb=32.34814
  trial scenario=shuffled_severe partition_id=random_13 partition=14-11-13-11-8-8-6-9 lambda=0.01 safe=False first_violation=network event_count=68 peak_prefill=1 peak_decode=5 minimum_link_headroom_mb_s=-116.671832 peak_memory_gb=32.34814
  trial scenario=shuffled_severe partition_id=random_13 partition=14-11-13-11-8-8-6-9 lambda=0.0105 safe=False first_violation=network event_count=66 peak_prefill=1 peak_decode=5 minimum_link_headroom_mb_s=-116.279668 peak_memory_gb=32.34142
  trial scenario=shuffled_severe partition_id=random_13 partition=14-11-13-11-8-8-6-9 lambda=0.011 safe=False first_violation=network event_count=66 peak_prefill=1 peak_decode=5 minimum_link_headroom_mb_s=-116.279668 peak_memory_gb=32.34142
  trial scenario=shuffled_severe partition_id=random_13 partition=14-11-13-11-8-8-6-9 lambda=0.0115 safe=False first_violation=network event_count=66 peak_prefill=1 peak_decode=5 minimum_link_headroom_mb_s=-116.279668 peak_memory_gb=32.34142
  trial scenario=shuffled_severe partition_id=random_13 partition=14-11-13-11-8-8-6-9 lambda=0.012 safe=False first_violation=network event_count=66 peak_prefill=1 peak_decode=5 minimum_link_headroom_mb_s=-116.279668 peak_memory_gb=32.34142
  trial scenario=shuffled_severe partition_id=random_13 partition=14-11-13-11-8-8-6-9 lambda=0.0125 safe=False first_violation=network event_count=57 peak_prefill=1 peak_decode=5 minimum_link_headroom_mb_s=-135.089668 peak_memory_gb=32.34142
  trial scenario=shuffled_severe partition_id=random_13 partition=14-11-13-11-8-8-6-9 lambda=0.013 safe=False first_violation=network event_count=21 peak_prefill=1 peak_decode=5 minimum_link_headroom_mb_s=-152.418413 peak_memory_gb=32.32126
  trial scenario=shuffled_severe partition_id=random_13 partition=14-11-13-11-8-8-6-9 lambda=0.0135 safe=False first_violation=network event_count=21 peak_prefill=1 peak_decode=5 minimum_link_headroom_mb_s=-152.418413 peak_memory_gb=32.31454
  trial scenario=shuffled_severe partition_id=random_13 partition=14-11-13-11-8-8-6-9 lambda=0.014 safe=False first_violation=network event_count=21 peak_prefill=1 peak_decode=5 minimum_link_headroom_mb_s=-152.418413 peak_memory_gb=32.31454
  trial scenario=shuffled_severe partition_id=random_13 partition=14-11-13-11-8-8-6-9 lambda=0.0145 safe=False first_violation=network event_count=21 peak_prefill=1 peak_decode=5 minimum_link_headroom_mb_s=-152.418413 peak_memory_gb=32.31454
  trial scenario=shuffled_severe partition_id=random_13 partition=14-11-13-11-8-8-6-9 lambda=0.015 safe=False first_violation=network event_count=21 peak_prefill=1 peak_decode=5 minimum_link_headroom_mb_s=-152.418413 peak_memory_gb=32.31454
  trial scenario=shuffled_severe partition_id=random_13 partition=14-11-13-11-8-8-6-9 lambda=0.0155 safe=False first_violation=network event_count=21 peak_prefill=1 peak_decode=5 minimum_link_headroom_mb_s=-152.418413 peak_memory_gb=32.31454
  trial scenario=shuffled_severe partition_id=random_13 partition=14-11-13-11-8-8-6-9 lambda=0.016 safe=False first_violation=network event_count=21 peak_prefill=1 peak_decode=5 minimum_link_headroom_mb_s=-152.418413 peak_memory_gb=32.31454
  trial scenario=shuffled_severe partition_id=random_13 partition=14-11-13-11-8-8-6-9 lambda=0.0165 safe=False first_violation=network event_count=20 peak_prefill=1 peak_decode=5 minimum_link_headroom_mb_s=-152.221001 peak_memory_gb=32.31454
  trial scenario=shuffled_severe partition_id=random_13 partition=14-11-13-11-8-8-6-9 lambda=0.017 safe=False first_violation=network event_count=19 peak_prefill=1 peak_decode=5 minimum_link_headroom_mb_s=-152.014577 peak_memory_gb=32.31454
  trial scenario=shuffled_severe partition_id=random_13 partition=14-11-13-11-8-8-6-9 lambda=0.0175 safe=False first_violation=network event_count=19 peak_prefill=1 peak_decode=5 minimum_link_headroom_mb_s=-152.014577 peak_memory_gb=32.31454
  trial scenario=shuffled_severe partition_id=random_13 partition=14-11-13-11-8-8-6-9 lambda=0.018 safe=False first_violation=network event_count=19 peak_prefill=1 peak_decode=5 minimum_link_headroom_mb_s=-152.014577 peak_memory_gb=32.30782
  trial scenario=shuffled_severe partition_id=random_13 partition=14-11-13-11-8-8-6-9 lambda=0.0185 safe=False first_violation=network event_count=19 peak_prefill=1 peak_decode=5 minimum_link_headroom_mb_s=-152.014577 peak_memory_gb=32.30782
  trial scenario=shuffled_severe partition_id=random_13 partition=14-11-13-11-8-8-6-9 lambda=0.019 safe=False first_violation=network event_count=19 peak_prefill=1 peak_decode=5 minimum_link_headroom_mb_s=-152.014577 peak_memory_gb=32.30782
  trial scenario=shuffled_severe partition_id=random_13 partition=14-11-13-11-8-8-6-9 lambda=0.0195 safe=False first_violation=network event_count=18 peak_prefill=1 peak_decode=5 minimum_link_headroom_mb_s=-151.830504 peak_memory_gb=32.3011
  trial scenario=shuffled_severe partition_id=random_13 partition=14-11-13-11-8-8-6-9 lambda=0.02 safe=False first_violation=network event_count=18 peak_prefill=1 peak_decode=5 minimum_link_headroom_mb_s=-151.830504 peak_memory_gb=32.3011
  trial scenario=shuffled_severe partition_id=random_13 partition=14-11-13-11-8-8-6-9 lambda=0.0205 safe=False first_violation=network event_count=18 peak_prefill=1 peak_decode=5 minimum_link_headroom_mb_s=-151.830504 peak_memory_gb=32.3011
  trial scenario=shuffled_severe partition_id=random_13 partition=14-11-13-11-8-8-6-9 lambda=0.021 safe=False first_violation=network event_count=18 peak_prefill=1 peak_decode=5 minimum_link_headroom_mb_s=-151.830504 peak_memory_gb=32.3011
  trial scenario=shuffled_severe partition_id=random_13 partition=14-11-13-11-8-8-6-9 lambda=0.0215 safe=False first_violation=network event_count=17 peak_prefill=1 peak_decode=5 minimum_link_headroom_mb_s=-151.633373 peak_memory_gb=32.3011
  trial scenario=shuffled_severe partition_id=random_13 partition=14-11-13-11-8-8-6-9 lambda=0.022 safe=False first_violation=network event_count=17 peak_prefill=1 peak_decode=5 minimum_link_headroom_mb_s=-151.633373 peak_memory_gb=32.3011
  random_13          partition=[14, 11, 13, 11, 8, 8, 6, 9] safe=0.006 unsafe=0.0065 violation=network monotonic=True
  trial scenario=shuffled_severe partition_id=random_14 partition=12-10-11-9-10-11-10-7 lambda=0.006 safe=True first_violation=None event_count=204 peak_prefill=1 peak_decode=5 minimum_link_headroom_mb_s=132.623609 peak_memory_gb=28.83288
  trial scenario=shuffled_severe partition_id=random_14 partition=12-10-11-9-10-11-10-7 lambda=0.0065 safe=False first_violation=network event_count=162 peak_prefill=1 peak_decode=5 minimum_link_headroom_mb_s=-177.290576 peak_memory_gb=29.28324
  trial scenario=shuffled_severe partition_id=random_14 partition=12-10-11-9-10-11-10-7 lambda=0.007 safe=False first_violation=network event_count=160 peak_prefill=1 peak_decode=5 minimum_link_headroom_mb_s=-176.862725 peak_memory_gb=29.27748
  trial scenario=shuffled_severe partition_id=random_14 partition=12-10-11-9-10-11-10-7 lambda=0.0075 safe=False first_violation=network event_count=111 peak_prefill=1 peak_decode=5 minimum_link_headroom_mb_s=-144.053195 peak_memory_gb=28.1694
  trial scenario=shuffled_severe partition_id=random_14 partition=12-10-11-9-10-11-10-7 lambda=0.008 safe=False first_violation=network event_count=109 peak_prefill=1 peak_decode=5 minimum_link_headroom_mb_s=-143.640819 peak_memory_gb=28.1694
  trial scenario=shuffled_severe partition_id=random_14 partition=12-10-11-9-10-11-10-7 lambda=0.0085 safe=False first_violation=network event_count=97 peak_prefill=1 peak_decode=5 minimum_link_headroom_mb_s=-150.973666 peak_memory_gb=28.15788
  trial scenario=shuffled_severe partition_id=random_14 partition=12-10-11-9-10-11-10-7 lambda=0.009 safe=False first_violation=network event_count=69 peak_prefill=1 peak_decode=5 minimum_link_headroom_mb_s=-129.688092 peak_memory_gb=28.01388
  trial scenario=shuffled_severe partition_id=random_14 partition=12-10-11-9-10-11-10-7 lambda=0.0095 safe=False first_violation=network event_count=69 peak_prefill=1 peak_decode=5 minimum_link_headroom_mb_s=-129.688092 peak_memory_gb=28.58412
  trial scenario=shuffled_severe partition_id=random_14 partition=12-10-11-9-10-11-10-7 lambda=0.01 safe=False first_violation=network event_count=68 peak_prefill=1 peak_decode=5 minimum_link_headroom_mb_s=-129.499122 peak_memory_gb=28.58412
  trial scenario=shuffled_severe partition_id=random_14 partition=12-10-11-9-10-11-10-7 lambda=0.0105 safe=False first_violation=network event_count=66 peak_prefill=1 peak_decode=5 minimum_link_headroom_mb_s=-129.097261 peak_memory_gb=28.57836
  trial scenario=shuffled_severe partition_id=random_14 partition=12-10-11-9-10-11-10-7 lambda=0.011 safe=False first_violation=network event_count=66 peak_prefill=1 peak_decode=5 minimum_link_headroom_mb_s=-129.097261 peak_memory_gb=28.57836
  trial scenario=shuffled_severe partition_id=random_14 partition=12-10-11-9-10-11-10-7 lambda=0.0115 safe=False first_violation=network event_count=66 peak_prefill=1 peak_decode=5 minimum_link_headroom_mb_s=-129.097261 peak_memory_gb=28.57836
  trial scenario=shuffled_severe partition_id=random_14 partition=12-10-11-9-10-11-10-7 lambda=0.012 safe=False first_violation=network event_count=58 peak_prefill=1 peak_decode=5 minimum_link_headroom_mb_s=-148.604769 peak_memory_gb=28.57836
  trial scenario=shuffled_severe partition_id=random_14 partition=12-10-11-9-10-11-10-7 lambda=0.0125 safe=False first_violation=network event_count=23 peak_prefill=1 peak_decode=5 minimum_link_headroom_mb_s=-166.532811 peak_memory_gb=28.57836
  trial scenario=shuffled_severe partition_id=random_14 partition=12-10-11-9-10-11-10-7 lambda=0.013 safe=False first_violation=network event_count=21 peak_prefill=1 peak_decode=5 minimum_link_headroom_mb_s=-166.141505 peak_memory_gb=28.55532
  trial scenario=shuffled_severe partition_id=random_14 partition=12-10-11-9-10-11-10-7 lambda=0.0135 safe=False first_violation=network event_count=21 peak_prefill=1 peak_decode=5 minimum_link_headroom_mb_s=-166.141505 peak_memory_gb=28.55532
  trial scenario=shuffled_severe partition_id=random_14 partition=12-10-11-9-10-11-10-7 lambda=0.014 safe=False first_violation=network event_count=21 peak_prefill=1 peak_decode=5 minimum_link_headroom_mb_s=-166.141505 peak_memory_gb=28.55532
  trial scenario=shuffled_severe partition_id=random_14 partition=12-10-11-9-10-11-10-7 lambda=0.0145 safe=False first_violation=network event_count=21 peak_prefill=1 peak_decode=5 minimum_link_headroom_mb_s=-166.141505 peak_memory_gb=28.55532
  trial scenario=shuffled_severe partition_id=random_14 partition=12-10-11-9-10-11-10-7 lambda=0.015 safe=False first_violation=network event_count=21 peak_prefill=1 peak_decode=5 minimum_link_headroom_mb_s=-166.141505 peak_memory_gb=28.55532
  trial scenario=shuffled_severe partition_id=random_14 partition=12-10-11-9-10-11-10-7 lambda=0.0155 safe=False first_violation=network event_count=21 peak_prefill=1 peak_decode=5 minimum_link_headroom_mb_s=-166.141505 peak_memory_gb=28.55532
  trial scenario=shuffled_severe partition_id=random_14 partition=12-10-11-9-10-11-10-7 lambda=0.016 safe=False first_violation=network event_count=20 peak_prefill=1 peak_decode=5 minimum_link_headroom_mb_s=-165.939198 peak_memory_gb=28.55532
  trial scenario=shuffled_severe partition_id=random_14 partition=12-10-11-9-10-11-10-7 lambda=0.0165 safe=False first_violation=network event_count=20 peak_prefill=1 peak_decode=5 minimum_link_headroom_mb_s=-165.939198 peak_memory_gb=28.55532
  trial scenario=shuffled_severe partition_id=random_14 partition=12-10-11-9-10-11-10-7 lambda=0.017 safe=False first_violation=network event_count=19 peak_prefill=1 peak_decode=5 minimum_link_headroom_mb_s=-165.727513 peak_memory_gb=28.55532
  trial scenario=shuffled_severe partition_id=random_14 partition=12-10-11-9-10-11-10-7 lambda=0.0175 safe=False first_violation=network event_count=19 peak_prefill=1 peak_decode=5 minimum_link_headroom_mb_s=-165.727513 peak_memory_gb=28.54956
  trial scenario=shuffled_severe partition_id=random_14 partition=12-10-11-9-10-11-10-7 lambda=0.018 safe=False first_violation=network event_count=19 peak_prefill=1 peak_decode=5 minimum_link_headroom_mb_s=-165.727513 peak_memory_gb=28.54956
  trial scenario=shuffled_severe partition_id=random_14 partition=12-10-11-9-10-11-10-7 lambda=0.0185 safe=False first_violation=network event_count=19 peak_prefill=1 peak_decode=5 minimum_link_headroom_mb_s=-165.727513 peak_memory_gb=28.54956
  trial scenario=shuffled_severe partition_id=random_14 partition=12-10-11-9-10-11-10-7 lambda=0.019 safe=False first_violation=network event_count=19 peak_prefill=1 peak_decode=5 minimum_link_headroom_mb_s=-165.727513 peak_memory_gb=28.54956
  trial scenario=shuffled_severe partition_id=random_14 partition=12-10-11-9-10-11-10-7 lambda=0.0195 safe=False first_violation=network event_count=18 peak_prefill=1 peak_decode=5 minimum_link_headroom_mb_s=-165.53907 peak_memory_gb=28.5438
  trial scenario=shuffled_severe partition_id=random_14 partition=12-10-11-9-10-11-10-7 lambda=0.02 safe=False first_violation=network event_count=18 peak_prefill=1 peak_decode=5 minimum_link_headroom_mb_s=-165.53907 peak_memory_gb=28.5438
  trial scenario=shuffled_severe partition_id=random_14 partition=12-10-11-9-10-11-10-7 lambda=0.0205 safe=False first_violation=network event_count=18 peak_prefill=1 peak_decode=5 minimum_link_headroom_mb_s=-165.53907 peak_memory_gb=28.5438
  trial scenario=shuffled_severe partition_id=random_14 partition=12-10-11-9-10-11-10-7 lambda=0.021 safe=False first_violation=network event_count=18 peak_prefill=1 peak_decode=5 minimum_link_headroom_mb_s=-165.53907 peak_memory_gb=28.5438
  trial scenario=shuffled_severe partition_id=random_14 partition=12-10-11-9-10-11-10-7 lambda=0.0215 safe=False first_violation=network event_count=17 peak_prefill=1 peak_decode=5 minimum_link_headroom_mb_s=-165.337055 peak_memory_gb=28.5438
  trial scenario=shuffled_severe partition_id=random_14 partition=12-10-11-9-10-11-10-7 lambda=0.022 safe=False first_violation=network event_count=17 peak_prefill=1 peak_decode=5 minimum_link_headroom_mb_s=-165.337055 peak_memory_gb=28.5438
  random_14          partition=[12, 10, 11, 9, 10, 11, 10, 7] safe=0.006 unsafe=0.0065 violation=network monotonic=True
  trial scenario=shuffled_severe partition_id=random_15 partition=12-6-11-11-9-9-10-12 lambda=0.006 safe=True first_violation=None event_count=204 peak_prefill=1 peak_decode=5 minimum_link_headroom_mb_s=149.617739 peak_memory_gb=28.83288
  trial scenario=shuffled_severe partition_id=random_15 partition=12-6-11-11-9-9-10-12 lambda=0.0065 safe=False first_violation=network event_count=162 peak_prefill=1 peak_decode=5 minimum_link_headroom_mb_s=-154.801085 peak_memory_gb=29.28324
  trial scenario=shuffled_severe partition_id=random_15 partition=12-6-11-11-9-9-10-12 lambda=0.007 safe=False first_violation=network event_count=160 peak_prefill=1 peak_decode=5 minimum_link_headroom_mb_s=-154.390382 peak_memory_gb=29.27748
  trial scenario=shuffled_severe partition_id=random_15 partition=12-6-11-11-9-9-10-12 lambda=0.0075 safe=False first_violation=network event_count=158 peak_prefill=1 peak_decode=5 minimum_link_headroom_mb_s=-153.98059 peak_memory_gb=29.27172
  trial scenario=shuffled_severe partition_id=random_15 partition=12-6-11-11-9-9-10-12 lambda=0.008 safe=False first_violation=network event_count=110 peak_prefill=1 peak_decode=5 minimum_link_headroom_mb_s=-122.657062 peak_memory_gb=28.1694
  trial scenario=shuffled_severe partition_id=random_15 partition=12-6-11-11-9-9-10-12 lambda=0.0085 safe=False first_violation=network event_count=98 peak_prefill=1 peak_decode=5 minimum_link_headroom_mb_s=-129.673517 peak_memory_gb=28.15788
  trial scenario=shuffled_severe partition_id=random_15 partition=12-6-11-11-9-9-10-12 lambda=0.009 safe=False first_violation=network event_count=69 peak_prefill=1 peak_decode=5 minimum_link_headroom_mb_s=-109.054482 peak_memory_gb=28.01388
  trial scenario=shuffled_severe partition_id=random_15 partition=12-6-11-11-9-9-10-12 lambda=0.0095 safe=False first_violation=network event_count=69 peak_prefill=1 peak_decode=5 minimum_link_headroom_mb_s=-109.054482 peak_memory_gb=28.58412
  trial scenario=shuffled_severe partition_id=random_15 partition=12-6-11-11-9-9-10-12 lambda=0.01 safe=False first_violation=network event_count=68 peak_prefill=1 peak_decode=5 minimum_link_headroom_mb_s=-108.872548 peak_memory_gb=28.58412
  trial scenario=shuffled_severe partition_id=random_15 partition=12-6-11-11-9-9-10-12 lambda=0.0105 safe=False first_violation=network event_count=66 peak_prefill=1 peak_decode=5 minimum_link_headroom_mb_s=-108.486223 peak_memory_gb=28.57836
  trial scenario=shuffled_severe partition_id=random_15 partition=12-6-11-11-9-9-10-12 lambda=0.011 safe=False first_violation=network event_count=66 peak_prefill=1 peak_decode=5 minimum_link_headroom_mb_s=-108.486223 peak_memory_gb=28.57836
  trial scenario=shuffled_severe partition_id=random_15 partition=12-6-11-11-9-9-10-12 lambda=0.0115 safe=False first_violation=network event_count=66 peak_prefill=1 peak_decode=5 minimum_link_headroom_mb_s=-108.486223 peak_memory_gb=28.57836
  trial scenario=shuffled_severe partition_id=random_15 partition=12-6-11-11-9-9-10-12 lambda=0.012 safe=False first_violation=network event_count=66 peak_prefill=1 peak_decode=5 minimum_link_headroom_mb_s=-108.486223 peak_memory_gb=28.57836
  trial scenario=shuffled_severe partition_id=random_15 partition=12-6-11-11-9-9-10-12 lambda=0.0125 safe=False first_violation=network event_count=23 peak_prefill=1 peak_decode=5 minimum_link_headroom_mb_s=-144.456214 peak_memory_gb=28.57836
  trial scenario=shuffled_severe partition_id=random_15 partition=12-6-11-11-9-9-10-12 lambda=0.013 safe=False first_violation=network event_count=22 peak_prefill=1 peak_decode=5 minimum_link_headroom_mb_s=-144.261474 peak_memory_gb=28.56684
  trial scenario=shuffled_severe partition_id=random_15 partition=12-6-11-11-9-9-10-12 lambda=0.0135 safe=False first_violation=network event_count=21 peak_prefill=1 peak_decode=5 minimum_link_headroom_mb_s=-144.079788 peak_memory_gb=28.55532
  trial scenario=shuffled_severe partition_id=random_15 partition=12-6-11-11-9-9-10-12 lambda=0.014 safe=False first_violation=network event_count=21 peak_prefill=1 peak_decode=5 minimum_link_headroom_mb_s=-144.079788 peak_memory_gb=28.55532
  trial scenario=shuffled_severe partition_id=random_15 partition=12-6-11-11-9-9-10-12 lambda=0.0145 safe=False first_violation=network event_count=21 peak_prefill=1 peak_decode=5 minimum_link_headroom_mb_s=-144.079788 peak_memory_gb=28.55532
  trial scenario=shuffled_severe partition_id=random_15 partition=12-6-11-11-9-9-10-12 lambda=0.015 safe=False first_violation=network event_count=21 peak_prefill=1 peak_decode=5 minimum_link_headroom_mb_s=-144.079788 peak_memory_gb=28.55532
  trial scenario=shuffled_severe partition_id=random_15 partition=12-6-11-11-9-9-10-12 lambda=0.0155 safe=False first_violation=network event_count=21 peak_prefill=1 peak_decode=5 minimum_link_headroom_mb_s=-144.079788 peak_memory_gb=28.55532
  trial scenario=shuffled_severe partition_id=random_15 partition=12-6-11-11-9-9-10-12 lambda=0.016 safe=False first_violation=network event_count=21 peak_prefill=1 peak_decode=5 minimum_link_headroom_mb_s=-144.079788 peak_memory_gb=28.55532
  trial scenario=shuffled_severe partition_id=random_15 partition=12-6-11-11-9-9-10-12 lambda=0.0165 safe=False first_violation=network event_count=20 peak_prefill=1 peak_decode=5 minimum_link_headroom_mb_s=-143.885323 peak_memory_gb=28.55532
  trial scenario=shuffled_severe partition_id=random_15 partition=12-6-11-11-9-9-10-12 lambda=0.017 safe=False first_violation=network event_count=19 peak_prefill=1 peak_decode=5 minimum_link_headroom_mb_s=-143.682063 peak_memory_gb=28.55532
  trial scenario=shuffled_severe partition_id=random_15 partition=12-6-11-11-9-9-10-12 lambda=0.0175 safe=False first_violation=network event_count=19 peak_prefill=1 peak_decode=5 minimum_link_headroom_mb_s=-143.682063 peak_memory_gb=28.55532
  trial scenario=shuffled_severe partition_id=random_15 partition=12-6-11-11-9-9-10-12 lambda=0.018 safe=False first_violation=network event_count=19 peak_prefill=1 peak_decode=5 minimum_link_headroom_mb_s=-143.682063 peak_memory_gb=28.54956
  trial scenario=shuffled_severe partition_id=random_15 partition=12-6-11-11-9-9-10-12 lambda=0.0185 safe=False first_violation=network event_count=19 peak_prefill=1 peak_decode=5 minimum_link_headroom_mb_s=-143.682063 peak_memory_gb=28.54956
  trial scenario=shuffled_severe partition_id=random_15 partition=12-6-11-11-9-9-10-12 lambda=0.019 safe=False first_violation=network event_count=19 peak_prefill=1 peak_decode=5 minimum_link_headroom_mb_s=-143.682063 peak_memory_gb=28.54956
  trial scenario=shuffled_severe partition_id=random_15 partition=12-6-11-11-9-9-10-12 lambda=0.0195 safe=False first_violation=network event_count=18 peak_prefill=1 peak_decode=5 minimum_link_headroom_mb_s=-143.500625 peak_memory_gb=28.5438
  trial scenario=shuffled_severe partition_id=random_15 partition=12-6-11-11-9-9-10-12 lambda=0.02 safe=False first_violation=network event_count=18 peak_prefill=1 peak_decode=5 minimum_link_headroom_mb_s=-143.500625 peak_memory_gb=28.5438
  trial scenario=shuffled_severe partition_id=random_15 partition=12-6-11-11-9-9-10-12 lambda=0.0205 safe=False first_violation=network event_count=18 peak_prefill=1 peak_decode=5 minimum_link_headroom_mb_s=-143.500625 peak_memory_gb=28.5438
  trial scenario=shuffled_severe partition_id=random_15 partition=12-6-11-11-9-9-10-12 lambda=0.021 safe=False first_violation=network event_count=18 peak_prefill=1 peak_decode=5 minimum_link_headroom_mb_s=-143.500625 peak_memory_gb=28.5438
  trial scenario=shuffled_severe partition_id=random_15 partition=12-6-11-11-9-9-10-12 lambda=0.0215 safe=False first_violation=network event_count=17 peak_prefill=1 peak_decode=5 minimum_link_headroom_mb_s=-143.306433 peak_memory_gb=28.5438
  trial scenario=shuffled_severe partition_id=random_15 partition=12-6-11-11-9-9-10-12 lambda=0.022 safe=False first_violation=network event_count=17 peak_prefill=1 peak_decode=5 minimum_link_headroom_mb_s=-143.306433 peak_memory_gb=28.5438
  random_15          partition=[12, 6, 11, 11, 9, 9, 10, 12] safe=0.006 unsafe=0.0065 violation=network monotonic=True
  trial scenario=shuffled_severe partition_id=random_16 partition=7-10-12-13-10-10-8-10 lambda=0.006 safe=True first_violation=None event_count=204 peak_prefill=1 peak_decode=5 minimum_link_headroom_mb_s=225.799833 peak_memory_gb=30.74186
  trial scenario=shuffled_severe partition_id=random_16 partition=7-10-12-13-10-10-8-10 lambda=0.0065 safe=True first_violation=None event_count=204 peak_prefill=1 peak_decode=5 minimum_link_headroom_mb_s=226.237743 peak_memory_gb=31.11119
  trial scenario=shuffled_severe partition_id=random_16 partition=7-10-12-13-10-10-8-10 lambda=0.007 safe=False first_violation=network event_count=162 peak_prefill=1 peak_decode=5 minimum_link_headroom_mb_s=-54.078847 peak_memory_gb=31.22351
  trial scenario=shuffled_severe partition_id=random_16 partition=7-10-12-13-10-10-8-10 lambda=0.0075 safe=False first_violation=network event_count=160 peak_prefill=1 peak_decode=5 minimum_link_headroom_mb_s=-53.740699 peak_memory_gb=31.21727
  trial scenario=shuffled_severe partition_id=random_16 partition=7-10-12-13-10-10-8-10 lambda=0.008 safe=False first_violation=network event_count=111 peak_prefill=1 peak_decode=5 minimum_link_headroom_mb_s=-27.542093 peak_memory_gb=30.01685
  trial scenario=shuffled_severe partition_id=random_16 partition=7-10-12-13-10-10-8-10 lambda=0.0085 safe=False first_violation=network event_count=109 peak_prefill=1 peak_decode=5 minimum_link_headroom_mb_s=-27.21472 peak_memory_gb=30.01685
  trial scenario=shuffled_severe partition_id=random_16 partition=7-10-12-13-10-10-8-10 lambda=0.009 safe=False first_violation=network event_count=97 peak_prefill=1 peak_decode=5 minimum_link_headroom_mb_s=-33.051313 peak_memory_gb=29.99813
  trial scenario=shuffled_severe partition_id=random_16 partition=7-10-12-13-10-10-8-10 lambda=0.0095 safe=False first_violation=network event_count=69 peak_prefill=1 peak_decode=5 minimum_link_headroom_mb_s=-16.221496 peak_memory_gb=29.84837
  trial scenario=shuffled_severe partition_id=random_16 partition=7-10-12-13-10-10-8-10 lambda=0.01 safe=False first_violation=network event_count=69 peak_prefill=1 peak_decode=5 minimum_link_headroom_mb_s=-16.221496 peak_memory_gb=30.46613
  trial scenario=shuffled_severe partition_id=random_16 partition=7-10-12-13-10-10-8-10 lambda=0.0105 safe=False first_violation=network event_count=68 peak_prefill=1 peak_decode=5 minimum_link_headroom_mb_s=-16.069703 peak_memory_gb=30.46613
  trial scenario=shuffled_severe partition_id=random_16 partition=7-10-12-13-10-10-8-10 lambda=0.011 safe=False first_violation=network event_count=66 peak_prefill=1 peak_decode=5 minimum_link_headroom_mb_s=-15.749512 peak_memory_gb=30.45989
  trial scenario=shuffled_severe partition_id=random_16 partition=7-10-12-13-10-10-8-10 lambda=0.0115 safe=False first_violation=network event_count=66 peak_prefill=1 peak_decode=5 minimum_link_headroom_mb_s=-15.749512 peak_memory_gb=30.45989
  trial scenario=shuffled_severe partition_id=random_16 partition=7-10-12-13-10-10-8-10 lambda=0.012 safe=False first_violation=network event_count=66 peak_prefill=1 peak_decode=5 minimum_link_headroom_mb_s=-15.749512 peak_memory_gb=30.45989
  trial scenario=shuffled_severe partition_id=random_16 partition=7-10-12-13-10-10-8-10 lambda=0.0125 safe=False first_violation=network event_count=66 peak_prefill=1 peak_decode=5 minimum_link_headroom_mb_s=-15.749512 peak_memory_gb=30.45989
  trial scenario=shuffled_severe partition_id=random_16 partition=7-10-12-13-10-10-8-10 lambda=0.013 safe=False first_violation=network event_count=23 peak_prefill=1 peak_decode=5 minimum_link_headroom_mb_s=-45.480135 peak_memory_gb=30.45989
  trial scenario=shuffled_severe partition_id=random_16 partition=7-10-12-13-10-10-8-10 lambda=0.0135 safe=False first_violation=network event_count=22 peak_prefill=1 peak_decode=5 minimum_link_headroom_mb_s=-45.318837 peak_memory_gb=30.45365
  trial scenario=shuffled_severe partition_id=random_16 partition=7-10-12-13-10-10-8-10 lambda=0.014 safe=False first_violation=network event_count=21 peak_prefill=1 peak_decode=5 minimum_link_headroom_mb_s=-45.167228 peak_memory_gb=30.43493
  trial scenario=shuffled_severe partition_id=random_16 partition=7-10-12-13-10-10-8-10 lambda=0.0145 safe=False first_violation=network event_count=21 peak_prefill=1 peak_decode=5 minimum_link_headroom_mb_s=-45.167228 peak_memory_gb=30.43493
  trial scenario=shuffled_severe partition_id=random_16 partition=7-10-12-13-10-10-8-10 lambda=0.015 safe=False first_violation=network event_count=21 peak_prefill=1 peak_decode=5 minimum_link_headroom_mb_s=-45.167228 peak_memory_gb=30.43493
  trial scenario=shuffled_severe partition_id=random_16 partition=7-10-12-13-10-10-8-10 lambda=0.0155 safe=False first_violation=network event_count=21 peak_prefill=1 peak_decode=5 minimum_link_headroom_mb_s=-45.167228 peak_memory_gb=30.43493
  trial scenario=shuffled_severe partition_id=random_16 partition=7-10-12-13-10-10-8-10 lambda=0.016 safe=False first_violation=network event_count=21 peak_prefill=1 peak_decode=5 minimum_link_headroom_mb_s=-45.167228 peak_memory_gb=30.43493
  trial scenario=shuffled_severe partition_id=random_16 partition=7-10-12-13-10-10-8-10 lambda=0.0165 safe=False first_violation=network event_count=21 peak_prefill=1 peak_decode=5 minimum_link_headroom_mb_s=-45.167228 peak_memory_gb=30.43493
  trial scenario=shuffled_severe partition_id=random_16 partition=7-10-12-13-10-10-8-10 lambda=0.017 safe=False first_violation=network event_count=20 peak_prefill=1 peak_decode=5 minimum_link_headroom_mb_s=-45.006133 peak_memory_gb=30.43493
  trial scenario=shuffled_severe partition_id=random_16 partition=7-10-12-13-10-10-8-10 lambda=0.0175 safe=False first_violation=network event_count=19 peak_prefill=1 peak_decode=5 minimum_link_headroom_mb_s=-44.838567 peak_memory_gb=30.43493
  trial scenario=shuffled_severe partition_id=random_16 partition=7-10-12-13-10-10-8-10 lambda=0.018 safe=False first_violation=network event_count=19 peak_prefill=1 peak_decode=5 minimum_link_headroom_mb_s=-44.838567 peak_memory_gb=30.43493
  trial scenario=shuffled_severe partition_id=random_16 partition=7-10-12-13-10-10-8-10 lambda=0.0185 safe=False first_violation=network event_count=19 peak_prefill=1 peak_decode=5 minimum_link_headroom_mb_s=-44.838567 peak_memory_gb=30.42869
  trial scenario=shuffled_severe partition_id=random_16 partition=7-10-12-13-10-10-8-10 lambda=0.019 safe=False first_violation=network event_count=19 peak_prefill=1 peak_decode=5 minimum_link_headroom_mb_s=-44.838567 peak_memory_gb=30.42869
  trial scenario=shuffled_severe partition_id=random_16 partition=7-10-12-13-10-10-8-10 lambda=0.0195 safe=False first_violation=network event_count=19 peak_prefill=1 peak_decode=5 minimum_link_headroom_mb_s=-44.838567 peak_memory_gb=30.42869
  trial scenario=shuffled_severe partition_id=random_16 partition=7-10-12-13-10-10-8-10 lambda=0.02 safe=False first_violation=network event_count=19 peak_prefill=1 peak_decode=5 minimum_link_headroom_mb_s=-44.838567 peak_memory_gb=30.42869
  trial scenario=shuffled_severe partition_id=random_16 partition=7-10-12-13-10-10-8-10 lambda=0.0205 safe=False first_violation=network event_count=18 peak_prefill=1 peak_decode=5 minimum_link_headroom_mb_s=-44.687143 peak_memory_gb=30.42245
  trial scenario=shuffled_severe partition_id=random_16 partition=7-10-12-13-10-10-8-10 lambda=0.021 safe=False first_violation=network event_count=18 peak_prefill=1 peak_decode=5 minimum_link_headroom_mb_s=-44.687143 peak_memory_gb=30.42245
  trial scenario=shuffled_severe partition_id=random_16 partition=7-10-12-13-10-10-8-10 lambda=0.0215 safe=False first_violation=network event_count=18 peak_prefill=1 peak_decode=5 minimum_link_headroom_mb_s=-44.687143 peak_memory_gb=30.42245
  trial scenario=shuffled_severe partition_id=random_16 partition=7-10-12-13-10-10-8-10 lambda=0.022 safe=False first_violation=network event_count=18 peak_prefill=1 peak_decode=5 minimum_link_headroom_mb_s=-44.687143 peak_memory_gb=30.42245
  random_16          partition=[7, 10, 12, 13, 10, 10, 8, 10] safe=0.0065 unsafe=0.007 violation=network monotonic=True
  trial scenario=shuffled_severe partition_id=random_17 partition=7-15-8-10-10-10-8-12 lambda=0.006 safe=True first_violation=None event_count=204 peak_prefill=1 peak_decode=5 minimum_link_headroom_mb_s=268.952371 peak_memory_gb=34.5483
  trial scenario=shuffled_severe partition_id=random_17 partition=7-15-8-10-10-10-8-12 lambda=0.0065 safe=True first_violation=None event_count=204 peak_prefill=1 peak_decode=5 minimum_link_headroom_mb_s=269.089377 peak_memory_gb=34.5411
  trial scenario=shuffled_severe partition_id=random_17 partition=7-15-8-10-10-10-8-12 lambda=0.007 safe=True first_violation=None event_count=204 peak_prefill=1 peak_decode=6 minimum_link_headroom_mb_s=2.623629 peak_memory_gb=35.50005
  trial scenario=shuffled_severe partition_id=random_17 partition=7-15-8-10-10-10-8-12 lambda=0.0075 safe=True first_violation=None event_count=204 peak_prefill=1 peak_decode=6 minimum_link_headroom_mb_s=2.76839 peak_memory_gb=35.49285
  trial scenario=shuffled_severe partition_id=random_17 partition=7-15-8-10-10-10-8-12 lambda=0.008 safe=True first_violation=None event_count=204 peak_prefill=1 peak_decode=6 minimum_link_headroom_mb_s=3.079169 peak_memory_gb=35.47845
  trial scenario=shuffled_severe partition_id=random_17 partition=7-15-8-10-10-10-8-12 lambda=0.0085 safe=True first_violation=None event_count=204 peak_prefill=1 peak_decode=6 minimum_link_headroom_mb_s=2.820815 peak_memory_gb=35.49285
  trial scenario=shuffled_severe partition_id=random_17 partition=7-15-8-10-10-10-8-12 lambda=0.009 safe=False first_violation=network event_count=146 peak_prefill=1 peak_decode=6 minimum_link_headroom_mb_s=-6.381057 peak_memory_gb=35.07525
  trial scenario=shuffled_severe partition_id=random_17 partition=7-15-8-10-10-10-8-12 lambda=0.0095 safe=False first_violation=network event_count=116 peak_prefill=1 peak_decode=6 minimum_link_headroom_mb_s=-245.241027 peak_memory_gb=34.10775
  trial scenario=shuffled_severe partition_id=random_17 partition=7-15-8-10-10-10-8-12 lambda=0.01 safe=False first_violation=network event_count=105 peak_prefill=1 peak_decode=6 minimum_link_headroom_mb_s=-255.010057 peak_memory_gb=34.09335
  trial scenario=shuffled_severe partition_id=random_17 partition=7-15-8-10-10-10-8-12 lambda=0.0105 safe=False first_violation=network event_count=103 peak_prefill=1 peak_decode=6 minimum_link_headroom_mb_s=-254.702244 peak_memory_gb=34.23015
  trial scenario=shuffled_severe partition_id=random_17 partition=7-15-8-10-10-10-8-12 lambda=0.011 safe=False first_violation=network event_count=101 peak_prefill=1 peak_decode=6 minimum_link_headroom_mb_s=-254.398888 peak_memory_gb=34.23015
  trial scenario=shuffled_severe partition_id=random_17 partition=7-15-8-10-10-10-8-12 lambda=0.0115 safe=False first_violation=network event_count=74 peak_prefill=1 peak_decode=6 minimum_link_headroom_mb_s=-248.450532 peak_memory_gb=34.22295
  trial scenario=shuffled_severe partition_id=random_17 partition=7-15-8-10-10-10-8-12 lambda=0.012 safe=False first_violation=network event_count=74 peak_prefill=1 peak_decode=6 minimum_link_headroom_mb_s=-248.450532 peak_memory_gb=34.22295
  trial scenario=shuffled_severe partition_id=random_17 partition=7-15-8-10-10-10-8-12 lambda=0.0125 safe=False first_violation=network event_count=73 peak_prefill=1 peak_decode=6 minimum_link_headroom_mb_s=-248.286851 peak_memory_gb=34.22295
  trial scenario=shuffled_severe partition_id=random_17 partition=7-15-8-10-10-10-8-12 lambda=0.013 safe=False first_violation=network event_count=73 peak_prefill=1 peak_decode=6 minimum_link_headroom_mb_s=-248.286851 peak_memory_gb=34.22295
  trial scenario=shuffled_severe partition_id=random_17 partition=7-15-8-10-10-10-8-12 lambda=0.0135 safe=False first_violation=network event_count=70 peak_prefill=1 peak_decode=6 minimum_link_headroom_mb_s=-247.839798 peak_memory_gb=34.35255
  trial scenario=shuffled_severe partition_id=random_17 partition=7-15-8-10-10-10-8-12 lambda=0.014 safe=False first_violation=network event_count=68 peak_prefill=1 peak_decode=6 minimum_link_headroom_mb_s=-247.553019 peak_memory_gb=34.34535
  trial scenario=shuffled_severe partition_id=random_17 partition=7-15-8-10-10-10-8-12 lambda=0.0145 safe=False first_violation=network event_count=68 peak_prefill=1 peak_decode=6 minimum_link_headroom_mb_s=-247.553019 peak_memory_gb=34.34535
  trial scenario=shuffled_severe partition_id=random_17 partition=7-15-8-10-10-10-8-12 lambda=0.015 safe=False first_violation=network event_count=68 peak_prefill=1 peak_decode=6 minimum_link_headroom_mb_s=-247.553019 peak_memory_gb=34.34535
  trial scenario=shuffled_severe partition_id=random_17 partition=7-15-8-10-10-10-8-12 lambda=0.0155 safe=False first_violation=network event_count=60 peak_prefill=1 peak_decode=6 minimum_link_headroom_mb_s=-248.179194 peak_memory_gb=34.34535
  trial scenario=shuffled_severe partition_id=random_17 partition=7-15-8-10-10-10-8-12 lambda=0.016 safe=False first_violation=network event_count=60 peak_prefill=1 peak_decode=6 minimum_link_headroom_mb_s=-248.179194 peak_memory_gb=34.34535
  trial scenario=shuffled_severe partition_id=random_17 partition=7-15-8-10-10-10-8-12 lambda=0.0165 safe=False first_violation=network event_count=59 peak_prefill=1 peak_decode=6 minimum_link_headroom_mb_s=-248.021366 peak_memory_gb=34.34535
  trial scenario=shuffled_severe partition_id=random_17 partition=7-15-8-10-10-10-8-12 lambda=0.017 safe=False first_violation=network event_count=26 peak_prefill=1 peak_decode=6 minimum_link_headroom_mb_s=-259.475208 peak_memory_gb=34.33815
  trial scenario=shuffled_severe partition_id=random_17 partition=7-15-8-10-10-10-8-12 lambda=0.0175 safe=False first_violation=network event_count=26 peak_prefill=1 peak_decode=6 minimum_link_headroom_mb_s=-259.475208 peak_memory_gb=34.33095
  trial scenario=shuffled_severe partition_id=random_17 partition=7-15-8-10-10-10-8-12 lambda=0.018 safe=False first_violation=network event_count=26 peak_prefill=1 peak_decode=6 minimum_link_headroom_mb_s=-259.475208 peak_memory_gb=34.33095
  trial scenario=shuffled_severe partition_id=random_17 partition=7-15-8-10-10-10-8-12 lambda=0.0185 safe=False first_violation=network event_count=25 peak_prefill=1 peak_decode=6 minimum_link_headroom_mb_s=-259.332072 peak_memory_gb=34.32375
  trial scenario=shuffled_severe partition_id=random_17 partition=7-15-8-10-10-10-8-12 lambda=0.019 safe=False first_violation=network event_count=25 peak_prefill=1 peak_decode=6 minimum_link_headroom_mb_s=-259.332072 peak_memory_gb=34.32375
  trial scenario=shuffled_severe partition_id=random_17 partition=7-15-8-10-10-10-8-12 lambda=0.0195 safe=False first_violation=network event_count=25 peak_prefill=1 peak_decode=6 minimum_link_headroom_mb_s=-259.332072 peak_memory_gb=34.32375
  trial scenario=shuffled_severe partition_id=random_17 partition=7-15-8-10-10-10-8-12 lambda=0.02 safe=False first_violation=network event_count=24 peak_prefill=1 peak_decode=6 minimum_link_headroom_mb_s=-259.180675 peak_memory_gb=34.32375
  trial scenario=shuffled_severe partition_id=random_17 partition=7-15-8-10-10-10-8-12 lambda=0.0205 safe=False first_violation=network event_count=24 peak_prefill=1 peak_decode=6 minimum_link_headroom_mb_s=-259.180675 peak_memory_gb=34.32375
  trial scenario=shuffled_severe partition_id=random_17 partition=7-15-8-10-10-10-8-12 lambda=0.021 safe=False first_violation=network event_count=23 peak_prefill=1 peak_decode=6 minimum_link_headroom_mb_s=-259.02891 peak_memory_gb=34.31655
  trial scenario=shuffled_severe partition_id=random_17 partition=7-15-8-10-10-10-8-12 lambda=0.0215 safe=False first_violation=network event_count=23 peak_prefill=1 peak_decode=6 minimum_link_headroom_mb_s=-259.02891 peak_memory_gb=34.31655
  trial scenario=shuffled_severe partition_id=random_17 partition=7-15-8-10-10-10-8-12 lambda=0.022 safe=False first_violation=network event_count=23 peak_prefill=1 peak_decode=6 minimum_link_headroom_mb_s=-259.02891 peak_memory_gb=34.31655
  random_17          partition=[7, 15, 8, 10, 10, 10, 8, 12] safe=0.0085 unsafe=0.009 violation=network monotonic=True
summary scenario=shuffled_severe min=0.006 max=0.0085 absolute_gap=0.0025 relative_gap_pct=41.667 significant=True
conclusion={"answer": "yes", "criterion": {"absolute_gap_at_least": 0.001, "relative_gap_pct_at_least": 10.0}, "heterogeneous_scenarios_significant": 3, "heterogeneous_scenarios_tested": 4, "question": "Does continuous layer partition materially affect sampled SLA-safe capacity under compute heterogeneity?"}
