scenario,partition_id,partition,lambda,safe,first_violation,event_count,peak_prefill,peak_decode,minimum_link_headroom_mb_s,peak_memory_gb
homogeneous_control,uniform,10-10-10-10-10-10-10-10,0.006,True,,204,1,4,584.631518,24.773
homogeneous_control,uniform,10-10-10-10-10-10-10-10,0.0065,True,,204,1,5,358.41104,25.0322
homogeneous_control,uniform,10-10-10-10-10-10-10-10,0.007,True,,204,1,5,358.516848,25.0274
homogeneous_control,uniform,10-10-10-10-10-10-10-10,0.0075,True,,204,1,6,119.685981,25.6667
homogeneous_control,uniform,10-10-10-10-10-10-10-10,0.008,True,,204,1,6,119.797075,25.6619
homogeneous_control,uniform,10-10-10-10-10-10-10-10,0.0085,True,,204,1,6,120.032956,25.6523
homogeneous_control,uniform,10-10-10-10-10-10-10-10,0.009,True,,204,1,6,119.830963,25.6619
homogeneous_control,uniform,10-10-10-10-10-10-10-10,0.0095,False,network,166,1,6,-134.718641,25.6571
homogeneous_control,uniform,10-10-10-10-10-10-10-10,0.01,False,network,116,1,6,-104.795979,24.7385
homogeneous_control,uniform,10-10-10-10-10-10-10-10,0.0105,False,network,116,1,6,-104.795979,24.7289
homogeneous_control,uniform,10-10-10-10-10-10-10-10,0.011,False,network,104,1,6,-112.032912,24.8201
homogeneous_control,uniform,10-10-10-10-10-10-10-10,0.0115,False,network,102,1,6,-111.79799,24.8201
homogeneous_control,uniform,10-10-10-10-10-10-10-10,0.012,False,network,101,1,6,-111.677362,24.8201
homogeneous_control,uniform,10-10-10-10-10-10-10-10,0.0125,False,network,74,1,6,-107.115817,24.8153
homogeneous_control,uniform,10-10-10-10-10-10-10-10,0.013,False,network,74,1,6,-107.115817,24.8153
homogeneous_control,uniform,10-10-10-10-10-10-10-10,0.0135,False,network,73,1,6,-106.992345,24.8153
homogeneous_control,uniform,10-10-10-10-10-10-10-10,0.014,False,network,73,1,6,-106.992345,24.8153
homogeneous_control,uniform,10-10-10-10-10-10-10-10,0.0145,False,network,71,1,6,-106.760412,24.9017
homogeneous_control,uniform,10-10-10-10-10-10-10-10,0.015,False,network,68,1,6,-106.429294,24.8969
homogeneous_control,uniform,10-10-10-10-10-10-10-10,0.0155,False,network,68,1,6,-106.429294,24.8969
homogeneous_control,uniform,10-10-10-10-10-10-10-10,0.016,False,network,68,1,6,-106.429294,24.8969
homogeneous_control,uniform,10-10-10-10-10-10-10-10,0.0165,False,network,60,1,6,-107.014876,24.8969
homogeneous_control,uniform,10-10-10-10-10-10-10-10,0.017,False,network,60,1,6,-107.014876,24.8969
homogeneous_control,uniform,10-10-10-10-10-10-10-10,0.0175,False,network,59,1,6,-106.895125,24.8969
homogeneous_control,uniform,10-10-10-10-10-10-10-10,0.018,False,network,26,1,6,-115.647505,24.8921
homogeneous_control,uniform,10-10-10-10-10-10-10-10,0.0185,False,network,26,1,6,-115.647505,24.8921
homogeneous_control,uniform,10-10-10-10-10-10-10-10,0.019,False,network,26,1,6,-115.647505,24.8873
homogeneous_control,uniform,10-10-10-10-10-10-10-10,0.0195,False,network,26,1,6,-115.647505,24.8825
homogeneous_control,uniform,10-10-10-10-10-10-10-10,0.02,False,network,25,1,6,-115.537242,24.8825
homogeneous_control,uniform,10-10-10-10-10-10-10-10,0.0205,False,network,25,1,6,-115.537242,24.8825
homogeneous_control,uniform,10-10-10-10-10-10-10-10,0.021,False,network,25,1,6,-115.537242,24.8825
homogeneous_control,uniform,10-10-10-10-10-10-10-10,0.0215,False,network,24,1,6,-115.421618,24.8825
homogeneous_control,uniform,10-10-10-10-10-10-10-10,0.022,False,network,24,1,6,-115.421618,24.8825
homogeneous_control,random_00,8-12-8-9-10-9-13-11,0.006,True,,204,1,4,584.631518,30.4049
homogeneous_control,random_00,8-12-8-9-10-9-13-11,0.0065,True,,204,1,5,358.41104,30.74186
homogeneous_control,random_00,8-12-8-9-10-9-13-11,0.007,True,,204,1,5,358.516848,30.73562
homogeneous_control,random_00,8-12-8-9-10-9-13-11,0.0075,True,,204,1,6,119.685981,31.56671
homogeneous_control,random_00,8-12-8-9-10-9-13-11,0.008,True,,204,1,6,119.797075,31.56047
homogeneous_control,random_00,8-12-8-9-10-9-13-11,0.0085,True,,204,1,6,120.032956,31.54799
homogeneous_control,random_00,8-12-8-9-10-9-13-11,0.009,True,,204,1,6,119.830963,31.56047
homogeneous_control,random_00,8-12-8-9-10-9-13-11,0.0095,False,network,166,1,6,-134.718641,31.55423
homogeneous_control,random_00,8-12-8-9-10-9-13-11,0.01,False,network,116,1,6,-104.795979,30.36005
homogeneous_control,random_00,8-12-8-9-10-9-13-11,0.0105,False,network,116,1,6,-104.795979,30.34757
homogeneous_control,random_00,8-12-8-9-10-9-13-11,0.011,False,network,104,1,6,-112.032912,30.46613
homogeneous_control,random_00,8-12-8-9-10-9-13-11,0.0115,False,network,102,1,6,-111.79799,30.46613
homogeneous_control,random_00,8-12-8-9-10-9-13-11,0.012,False,network,101,1,6,-111.677362,30.46613
homogeneous_control,random_00,8-12-8-9-10-9-13-11,0.0125,False,network,74,1,6,-107.115817,30.45989
homogeneous_control,random_00,8-12-8-9-10-9-13-11,0.013,False,network,74,1,6,-107.115817,30.45989
homogeneous_control,random_00,8-12-8-9-10-9-13-11,0.0135,False,network,73,1,6,-106.992345,30.45989
homogeneous_control,random_00,8-12-8-9-10-9-13-11,0.014,False,network,73,1,6,-106.992345,30.45989
homogeneous_control,random_00,8-12-8-9-10-9-13-11,0.0145,False,network,71,1,6,-106.760412,30.57221
homogeneous_control,random_00,8-12-8-9-10-9-13-11,0.015,False,network,68,1,6,-106.429294,30.56597
homogeneous_control,random_00,8-12-8-9-10-9-13-11,0.0155,False,network,68,1,6,-106.429294,30.56597
homogeneous_control,random_00,8-12-8-9-10-9-13-11,0.016,False,network,68,1,6,-106.429294,30.56597
homogeneous_control,random_00,8-12-8-9-10-9-13-11,0.0165,False,network,60,1,6,-107.014876,30.56597
homogeneous_control,random_00,8-12-8-9-10-9-13-11,0.017,False,network,60,1,6,-107.014876,30.56597
homogeneous_control,random_00,8-12-8-9-10-9-13-11,0.0175,False,network,59,1,6,-106.895125,30.56597
homogeneous_control,random_00,8-12-8-9-10-9-13-11,0.018,False,network,26,1,6,-115.647505,30.55973
homogeneous_control,random_00,8-12-8-9-10-9-13-11,0.0185,False,network,26,1,6,-115.647505,30.55973
homogeneous_control,random_00,8-12-8-9-10-9-13-11,0.019,False,network,26,1,6,-115.647505,30.55349
homogeneous_control,random_00,8-12-8-9-10-9-13-11,0.0195,False,network,26,1,6,-115.647505,30.54725
homogeneous_control,random_00,8-12-8-9-10-9-13-11,0.02,False,network,25,1,6,-115.537242,30.54725
homogeneous_control,random_00,8-12-8-9-10-9-13-11,0.0205,False,network,25,1,6,-115.537242,30.54725
homogeneous_control,random_00,8-12-8-9-10-9-13-11,0.021,False,network,25,1,6,-115.537242,30.54725
homogeneous_control,random_00,8-12-8-9-10-9-13-11,0.0215,False,network,24,1,6,-115.421618,30.54725
homogeneous_control,random_00,8-12-8-9-10-9-13-11,0.022,False,network,24,1,6,-115.421618,30.54725
homogeneous_control,random_01,9-14-9-8-9-10-12-9,0.006,True,,204,1,4,584.631518,32.2822
homogeneous_control,random_01,9-14-9-8-9-10-12-9,0.0065,True,,204,1,5,358.41104,32.64508
homogeneous_control,random_01,9-14-9-8-9-10-12-9,0.007,True,,204,1,5,358.516848,32.63836
homogeneous_control,random_01,9-14-9-8-9-10-12-9,0.0075,True,,204,1,6,119.685981,33.53338
homogeneous_control,random_01,9-14-9-8-9-10-12-9,0.008,True,,204,1,6,119.797075,33.52666
homogeneous_control,random_01,9-14-9-8-9-10-12-9,0.0085,True,,204,1,6,120.032956,33.51322
homogeneous_control,random_01,9-14-9-8-9-10-12-9,0.009,True,,204,1,6,119.830963,33.52666
homogeneous_control,random_01,9-14-9-8-9-10-12-9,0.0095,False,network,166,1,6,-134.718641,33.51994
homogeneous_control,random_01,9-14-9-8-9-10-12-9,0.01,False,network,116,1,6,-104.795979,32.2339
homogeneous_control,random_01,9-14-9-8-9-10-12-9,0.0105,False,network,116,1,6,-104.795979,32.22046
homogeneous_control,random_01,9-14-9-8-9-10-12-9,0.011,False,network,104,1,6,-112.032912,32.34814
homogeneous_control,random_01,9-14-9-8-9-10-12-9,0.0115,False,network,102,1,6,-111.79799,32.34814
homogeneous_control,random_01,9-14-9-8-9-10-12-9,0.012,False,network,101,1,6,-111.677362,32.34814
homogeneous_control,random_01,9-14-9-8-9-10-12-9,0.0125,False,network,74,1,6,-107.115817,32.34142
homogeneous_control,random_01,9-14-9-8-9-10-12-9,0.013,False,network,74,1,6,-107.115817,32.34142
homogeneous_control,random_01,9-14-9-8-9-10-12-9,0.0135,False,network,73,1,6,-106.992345,32.34142
homogeneous_control,random_01,9-14-9-8-9-10-12-9,0.014,False,network,73,1,6,-106.992345,32.34142
homogeneous_control,random_01,9-14-9-8-9-10-12-9,0.0145,False,network,71,1,6,-106.760412,32.46238
homogeneous_control,random_01,9-14-9-8-9-10-12-9,0.015,False,network,68,1,6,-106.429294,32.45566
homogeneous_control,random_01,9-14-9-8-9-10-12-9,0.0155,False,network,68,1,6,-106.429294,32.45566
homogeneous_control,random_01,9-14-9-8-9-10-12-9,0.016,False,network,68,1,6,-106.429294,32.45566
homogeneous_control,random_01,9-14-9-8-9-10-12-9,0.0165,False,network,60,1,6,-107.014876,32.45566
homogeneous_control,random_01,9-14-9-8-9-10-12-9,0.017,False,network,60,1,6,-107.014876,32.45566
homogeneous_control,random_01,9-14-9-8-9-10-12-9,0.0175,False,network,59,1,6,-106.895125,32.45566
homogeneous_control,random_01,9-14-9-8-9-10-12-9,0.018,False,network,26,1,6,-115.647505,32.44894
homogeneous_control,random_01,9-14-9-8-9-10-12-9,0.0185,False,network,26,1,6,-115.647505,32.44894
homogeneous_control,random_01,9-14-9-8-9-10-12-9,0.019,False,network,26,1,6,-115.647505,32.44222
homogeneous_control,random_01,9-14-9-8-9-10-12-9,0.0195,False,network,26,1,6,-115.647505,32.4355
homogeneous_control,random_01,9-14-9-8-9-10-12-9,0.02,False,network,25,1,6,-115.537242,32.4355
homogeneous_control,random_01,9-14-9-8-9-10-12-9,0.0205,False,network,25,1,6,-115.537242,32.4355
homogeneous_control,random_01,9-14-9-8-9-10-12-9,0.021,False,network,25,1,6,-115.537242,32.4355
homogeneous_control,random_01,9-14-9-8-9-10-12-9,0.0215,False,network,24,1,6,-115.421618,32.4355
homogeneous_control,random_01,9-14-9-8-9-10-12-9,0.022,False,network,24,1,6,-115.421618,32.4355
homogeneous_control,random_02,10-8-13-7-14-13-9-6,0.006,True,,204,1,4,584.631518,32.2822
homogeneous_control,random_02,10-8-13-7-14-13-9-6,0.0065,True,,204,1,5,358.41104,32.64508
homogeneous_control,random_02,10-8-13-7-14-13-9-6,0.007,True,,204,1,5,358.516848,32.63836
homogeneous_control,random_02,10-8-13-7-14-13-9-6,0.0075,True,,204,1,6,119.685981,33.53338
homogeneous_control,random_02,10-8-13-7-14-13-9-6,0.008,True,,204,1,6,119.797075,33.52666
homogeneous_control,random_02,10-8-13-7-14-13-9-6,0.0085,True,,204,1,6,120.032956,33.51322
homogeneous_control,random_02,10-8-13-7-14-13-9-6,0.009,True,,204,1,6,119.830963,33.52666
homogeneous_control,random_02,10-8-13-7-14-13-9-6,0.0095,False,network,166,1,6,-134.718641,33.51994
homogeneous_control,random_02,10-8-13-7-14-13-9-6,0.01,False,network,116,1,6,-104.795979,32.2339
homogeneous_control,random_02,10-8-13-7-14-13-9-6,0.0105,False,network,116,1,6,-104.795979,32.22046
homogeneous_control,random_02,10-8-13-7-14-13-9-6,0.011,False,network,104,1,6,-112.032912,32.34814
homogeneous_control,random_02,10-8-13-7-14-13-9-6,0.0115,False,network,102,1,6,-111.79799,32.34814
homogeneous_control,random_02,10-8-13-7-14-13-9-6,0.012,False,network,101,1,6,-111.677362,32.34814
homogeneous_control,random_02,10-8-13-7-14-13-9-6,0.0125,False,network,74,1,6,-107.115817,32.34142
homogeneous_control,random_02,10-8-13-7-14-13-9-6,0.013,False,network,74,1,6,-107.115817,32.34142
homogeneous_control,random_02,10-8-13-7-14-13-9-6,0.0135,False,network,73,1,6,-106.992345,32.34142
homogeneous_control,random_02,10-8-13-7-14-13-9-6,0.014,False,network,73,1,6,-106.992345,32.34142
homogeneous_control,random_02,10-8-13-7-14-13-9-6,0.0145,False,network,71,1,6,-106.760412,32.46238
homogeneous_control,random_02,10-8-13-7-14-13-9-6,0.015,False,network,68,1,6,-106.429294,32.45566
homogeneous_control,random_02,10-8-13-7-14-13-9-6,0.0155,False,network,68,1,6,-106.429294,32.45566
homogeneous_control,random_02,10-8-13-7-14-13-9-6,0.016,False,network,68,1,6,-106.429294,32.45566
homogeneous_control,random_02,10-8-13-7-14-13-9-6,0.0165,False,network,60,1,6,-107.014876,32.45566
homogeneous_control,random_02,10-8-13-7-14-13-9-6,0.017,False,network,60,1,6,-107.014876,32.45566
homogeneous_control,random_02,10-8-13-7-14-13-9-6,0.0175,False,network,59,1,6,-106.895125,32.45566
homogeneous_control,random_02,10-8-13-7-14-13-9-6,0.018,False,network,26,1,6,-115.647505,32.44894
homogeneous_control,random_02,10-8-13-7-14-13-9-6,0.0185,False,network,26,1,6,-115.647505,32.44894
homogeneous_control,random_02,10-8-13-7-14-13-9-6,0.019,False,network,26,1,6,-115.647505,32.44222
homogeneous_control,random_02,10-8-13-7-14-13-9-6,0.0195,False,network,26,1,6,-115.647505,32.4355
homogeneous_control,random_02,10-8-13-7-14-13-9-6,0.02,False,network,25,1,6,-115.537242,32.4355
homogeneous_control,random_02,10-8-13-7-14-13-9-6,0.0205,False,network,25,1,6,-115.537242,32.4355
homogeneous_control,random_02,10-8-13-7-14-13-9-6,0.021,False,network,25,1,6,-115.537242,32.4355
homogeneous_control,random_02,10-8-13-7-14-13-9-6,0.0215,False,network,24,1,6,-115.421618,32.4355
homogeneous_control,random_02,10-8-13-7-14-13-9-6,0.022,False,network,24,1,6,-115.421618,32.4355
homogeneous_control,random_03,12-12-11-7-8-10-11-9,0.006,True,,204,1,4,584.631518,28.5276
homogeneous_control,random_03,12-12-11-7-8-10-11-9,0.0065,True,,204,1,5,358.41104,28.83864
homogeneous_control,random_03,12-12-11-7-8-10-11-9,0.007,True,,204,1,5,358.516848,28.83288
homogeneous_control,random_03,12-12-11-7-8-10-11-9,0.0075,True,,204,1,6,119.685981,29.60004
homogeneous_control,random_03,12-12-11-7-8-10-11-9,0.008,True,,204,1,6,119.797075,29.59428
homogeneous_control,random_03,12-12-11-7-8-10-11-9,0.0085,True,,204,1,6,120.032956,29.58276
homogeneous_control,random_03,12-12-11-7-8-10-11-9,0.009,True,,204,1,6,119.830963,29.59428
homogeneous_control,random_03,12-12-11-7-8-10-11-9,0.0095,False,network,166,1,6,-134.718641,29.58852
homogeneous_control,random_03,12-12-11-7-8-10-11-9,0.01,False,network,116,1,6,-104.795979,28.4862
homogeneous_control,random_03,12-12-11-7-8-10-11-9,0.0105,False,network,116,1,6,-104.795979,28.47468
homogeneous_control,random_03,12-12-11-7-8-10-11-9,0.011,False,network,104,1,6,-112.032912,28.58412
homogeneous_control,random_03,12-12-11-7-8-10-11-9,0.0115,False,network,102,1,6,-111.79799,28.58412
homogeneous_control,random_03,12-12-11-7-8-10-11-9,0.012,False,network,101,1,6,-111.677362,28.58412
homogeneous_control,random_03,12-12-11-7-8-10-11-9,0.0125,False,network,74,1,6,-107.115817,28.57836
homogeneous_control,random_03,12-12-11-7-8-10-11-9,0.013,False,network,74,1,6,-107.115817,28.57836
homogeneous_control,random_03,12-12-11-7-8-10-11-9,0.0135,False,network,73,1,6,-106.992345,28.57836
homogeneous_control,random_03,12-12-11-7-8-10-11-9,0.014,False,network,73,1,6,-106.992345,28.57836
homogeneous_control,random_03,12-12-11-7-8-10-11-9,0.0145,False,network,71,1,6,-106.760412,28.68204
homogeneous_control,random_03,12-12-11-7-8-10-11-9,0.015,False,network,68,1,6,-106.429294,28.67628
homogeneous_control,random_03,12-12-11-7-8-10-11-9,0.0155,False,network,68,1,6,-106.429294,28.67628
homogeneous_control,random_03,12-12-11-7-8-10-11-9,0.016,False,network,68,1,6,-106.429294,28.67628
homogeneous_control,random_03,12-12-11-7-8-10-11-9,0.0165,False,network,60,1,6,-107.014876,28.67628
homogeneous_control,random_03,12-12-11-7-8-10-11-9,0.017,False,network,60,1,6,-107.014876,28.67628
homogeneous_control,random_03,12-12-11-7-8-10-11-9,0.0175,False,network,59,1,6,-106.895125,28.67628
homogeneous_control,random_03,12-12-11-7-8-10-11-9,0.018,False,network,26,1,6,-115.647505,28.67052
homogeneous_control,random_03,12-12-11-7-8-10-11-9,0.0185,False,network,26,1,6,-115.647505,28.67052
homogeneous_control,random_03,12-12-11-7-8-10-11-9,0.019,False,network,26,1,6,-115.647505,28.66476
homogeneous_control,random_03,12-12-11-7-8-10-11-9,0.0195,False,network,26,1,6,-115.647505,28.659
homogeneous_control,random_03,12-12-11-7-8-10-11-9,0.02,False,network,25,1,6,-115.537242,28.659
homogeneous_control,random_03,12-12-11-7-8-10-11-9,0.0205,False,network,25,1,6,-115.537242,28.659
homogeneous_control,random_03,12-12-11-7-8-10-11-9,0.021,False,network,25,1,6,-115.537242,28.659
homogeneous_control,random_03,12-12-11-7-8-10-11-9,0.0215,False,network,24,1,6,-115.421618,28.659
homogeneous_control,random_03,12-12-11-7-8-10-11-9,0.022,False,network,24,1,6,-115.421618,28.659
homogeneous_control,random_04,10-9-12-7-14-6-11-11,0.006,True,,204,1,4,584.631518,32.2822
homogeneous_control,random_04,10-9-12-7-14-6-11-11,0.0065,True,,204,1,5,358.41104,32.64508
homogeneous_control,random_04,10-9-12-7-14-6-11-11,0.007,True,,204,1,5,358.516848,32.63836
homogeneous_control,random_04,10-9-12-7-14-6-11-11,0.0075,True,,204,1,6,119.685981,33.53338
homogeneous_control,random_04,10-9-12-7-14-6-11-11,0.008,True,,204,1,6,119.797075,33.52666
homogeneous_control,random_04,10-9-12-7-14-6-11-11,0.0085,True,,204,1,6,120.032956,33.51322
homogeneous_control,random_04,10-9-12-7-14-6-11-11,0.009,True,,204,1,6,119.830963,33.52666
homogeneous_control,random_04,10-9-12-7-14-6-11-11,0.0095,False,network,166,1,6,-134.718641,33.51994
homogeneous_control,random_04,10-9-12-7-14-6-11-11,0.01,False,network,116,1,6,-104.795979,32.2339
homogeneous_control,random_04,10-9-12-7-14-6-11-11,0.0105,False,network,116,1,6,-104.795979,32.22046
homogeneous_control,random_04,10-9-12-7-14-6-11-11,0.011,False,network,104,1,6,-112.032912,32.34814
homogeneous_control,random_04,10-9-12-7-14-6-11-11,0.0115,False,network,102,1,6,-111.79799,32.34814
homogeneous_control,random_04,10-9-12-7-14-6-11-11,0.012,False,network,101,1,6,-111.677362,32.34814
homogeneous_control,random_04,10-9-12-7-14-6-11-11,0.0125,False,network,74,1,6,-107.115817,32.34142
homogeneous_control,random_04,10-9-12-7-14-6-11-11,0.013,False,network,74,1,6,-107.115817,32.34142
homogeneous_control,random_04,10-9-12-7-14-6-11-11,0.0135,False,network,73,1,6,-106.992345,32.34142
homogeneous_control,random_04,10-9-12-7-14-6-11-11,0.014,False,network,73,1,6,-106.992345,32.34142
homogeneous_control,random_04,10-9-12-7-14-6-11-11,0.0145,False,network,71,1,6,-106.760412,32.46238
homogeneous_control,random_04,10-9-12-7-14-6-11-11,0.015,False,network,68,1,6,-106.429294,32.45566
homogeneous_control,random_04,10-9-12-7-14-6-11-11,0.0155,False,network,68,1,6,-106.429294,32.45566
homogeneous_control,random_04,10-9-12-7-14-6-11-11,0.016,False,network,68,1,6,-106.429294,32.45566
homogeneous_control,random_04,10-9-12-7-14-6-11-11,0.0165,False,network,60,1,6,-107.014876,32.45566
homogeneous_control,random_04,10-9-12-7-14-6-11-11,0.017,False,network,60,1,6,-107.014876,32.45566
homogeneous_control,random_04,10-9-12-7-14-6-11-11,0.0175,False,network,59,1,6,-106.895125,32.45566
homogeneous_control,random_04,10-9-12-7-14-6-11-11,0.018,False,network,26,1,6,-115.647505,32.44894
homogeneous_control,random_04,10-9-12-7-14-6-11-11,0.0185,False,network,26,1,6,-115.647505,32.44894
homogeneous_control,random_04,10-9-12-7-14-6-11-11,0.019,False,network,26,1,6,-115.647505,32.44222
homogeneous_control,random_04,10-9-12-7-14-6-11-11,0.0195,False,network,26,1,6,-115.647505,32.4355
homogeneous_control,random_04,10-9-12-7-14-6-11-11,0.02,False,network,25,1,6,-115.537242,32.4355
homogeneous_control,random_04,10-9-12-7-14-6-11-11,0.0205,False,network,25,1,6,-115.537242,32.4355
homogeneous_control,random_04,10-9-12-7-14-6-11-11,0.021,False,network,25,1,6,-115.537242,32.4355
homogeneous_control,random_04,10-9-12-7-14-6-11-11,0.0215,False,network,24,1,6,-115.421618,32.4355
homogeneous_control,random_04,10-9-12-7-14-6-11-11,0.022,False,network,24,1,6,-115.421618,32.4355
homogeneous_control,random_05,10-5-14-10-7-10-12-12,0.006,True,,204,1,4,584.631518,32.2822
homogeneous_control,random_05,10-5-14-10-7-10-12-12,0.0065,True,,204,1,5,358.41104,32.64508
homogeneous_control,random_05,10-5-14-10-7-10-12-12,0.007,True,,204,1,5,358.516848,32.63836
homogeneous_control,random_05,10-5-14-10-7-10-12-12,0.0075,True,,204,1,6,119.685981,33.53338
homogeneous_control,random_05,10-5-14-10-7-10-12-12,0.008,True,,204,1,6,119.797075,33.52666
homogeneous_control,random_05,10-5-14-10-7-10-12-12,0.0085,True,,204,1,6,120.032956,33.51322
homogeneous_control,random_05,10-5-14-10-7-10-12-12,0.009,True,,204,1,6,119.830963,33.52666
homogeneous_control,random_05,10-5-14-10-7-10-12-12,0.0095,False,network,166,1,6,-134.718641,33.51994
homogeneous_control,random_05,10-5-14-10-7-10-12-12,0.01,False,network,116,1,6,-104.795979,32.2339
homogeneous_control,random_05,10-5-14-10-7-10-12-12,0.0105,False,network,116,1,6,-104.795979,32.22046
homogeneous_control,random_05,10-5-14-10-7-10-12-12,0.011,False,network,104,1,6,-112.032912,32.34814
homogeneous_control,random_05,10-5-14-10-7-10-12-12,0.0115,False,network,102,1,6,-111.79799,32.34814
homogeneous_control,random_05,10-5-14-10-7-10-12-12,0.012,False,network,101,1,6,-111.677362,32.34814
homogeneous_control,random_05,10-5-14-10-7-10-12-12,0.0125,False,network,74,1,6,-107.115817,32.34142
homogeneous_control,random_05,10-5-14-10-7-10-12-12,0.013,False,network,74,1,6,-107.115817,32.34142
homogeneous_control,random_05,10-5-14-10-7-10-12-12,0.0135,False,network,73,1,6,-106.992345,32.34142
homogeneous_control,random_05,10-5-14-10-7-10-12-12,0.014,False,network,73,1,6,-106.992345,32.34142
homogeneous_control,random_05,10-5-14-10-7-10-12-12,0.0145,False,network,71,1,6,-106.760412,32.46238
homogeneous_control,random_05,10-5-14-10-7-10-12-12,0.015,False,network,68,1,6,-106.429294,32.45566
homogeneous_control,random_05,10-5-14-10-7-10-12-12,0.0155,False,network,68,1,6,-106.429294,32.45566
homogeneous_control,random_05,10-5-14-10-7-10-12-12,0.016,False,network,68,1,6,-106.429294,32.45566
homogeneous_control,random_05,10-5-14-10-7-10-12-12,0.0165,False,network,60,1,6,-107.014876,32.45566
homogeneous_control,random_05,10-5-14-10-7-10-12-12,0.017,False,network,60,1,6,-107.014876,32.45566
homogeneous_control,random_05,10-5-14-10-7-10-12-12,0.0175,False,network,59,1,6,-106.895125,32.45566
homogeneous_control,random_05,10-5-14-10-7-10-12-12,0.018,False,network,26,1,6,-115.647505,32.44894
homogeneous_control,random_05,10-5-14-10-7-10-12-12,0.0185,False,network,26,1,6,-115.647505,32.44894
homogeneous_control,random_05,10-5-14-10-7-10-12-12,0.019,False,network,26,1,6,-115.647505,32.44222
homogeneous_control,random_05,10-5-14-10-7-10-12-12,0.0195,False,network,26,1,6,-115.647505,32.4355
homogeneous_control,random_05,10-5-14-10-7-10-12-12,0.02,False,network,25,1,6,-115.537242,32.4355
homogeneous_control,random_05,10-5-14-10-7-10-12-12,0.0205,False,network,25,1,6,-115.537242,32.4355
homogeneous_control,random_05,10-5-14-10-7-10-12-12,0.021,False,network,25,1,6,-115.537242,32.4355
homogeneous_control,random_05,10-5-14-10-7-10-12-12,0.0215,False,network,24,1,6,-115.421618,32.4355
homogeneous_control,random_05,10-5-14-10-7-10-12-12,0.022,False,network,24,1,6,-115.421618,32.4355
homogeneous_control,random_06,8-13-10-11-12-10-6-10,0.006,True,,204,1,4,584.631518,30.4049
homogeneous_control,random_06,8-13-10-11-12-10-6-10,0.0065,True,,204,1,5,358.41104,30.74186
homogeneous_control,random_06,8-13-10-11-12-10-6-10,0.007,True,,204,1,5,358.516848,30.73562
homogeneous_control,random_06,8-13-10-11-12-10-6-10,0.0075,True,,204,1,6,119.685981,31.56671
homogeneous_control,random_06,8-13-10-11-12-10-6-10,0.008,True,,204,1,6,119.797075,31.56047
homogeneous_control,random_06,8-13-10-11-12-10-6-10,0.0085,True,,204,1,6,120.032956,31.54799
homogeneous_control,random_06,8-13-10-11-12-10-6-10,0.009,True,,204,1,6,119.830963,31.56047
homogeneous_control,random_06,8-13-10-11-12-10-6-10,0.0095,False,network,166,1,6,-134.718641,31.55423
homogeneous_control,random_06,8-13-10-11-12-10-6-10,0.01,False,network,116,1,6,-104.795979,30.36005
homogeneous_control,random_06,8-13-10-11-12-10-6-10,0.0105,False,network,116,1,6,-104.795979,30.34757
homogeneous_control,random_06,8-13-10-11-12-10-6-10,0.011,False,network,104,1,6,-112.032912,30.46613
homogeneous_control,random_06,8-13-10-11-12-10-6-10,0.0115,False,network,102,1,6,-111.79799,30.46613
homogeneous_control,random_06,8-13-10-11-12-10-6-10,0.012,False,network,101,1,6,-111.677362,30.46613
homogeneous_control,random_06,8-13-10-11-12-10-6-10,0.0125,False,network,74,1,6,-107.115817,30.45989
homogeneous_control,random_06,8-13-10-11-12-10-6-10,0.013,False,network,74,1,6,-107.115817,30.45989
homogeneous_control,random_06,8-13-10-11-12-10-6-10,0.0135,False,network,73,1,6,-106.992345,30.45989
homogeneous_control,random_06,8-13-10-11-12-10-6-10,0.014,False,network,73,1,6,-106.992345,30.45989
homogeneous_control,random_06,8-13-10-11-12-10-6-10,0.0145,False,network,71,1,6,-106.760412,30.57221
homogeneous_control,random_06,8-13-10-11-12-10-6-10,0.015,False,network,68,1,6,-106.429294,30.56597
homogeneous_control,random_06,8-13-10-11-12-10-6-10,0.0155,False,network,68,1,6,-106.429294,30.56597
homogeneous_control,random_06,8-13-10-11-12-10-6-10,0.016,False,network,68,1,6,-106.429294,30.56597
homogeneous_control,random_06,8-13-10-11-12-10-6-10,0.0165,False,network,60,1,6,-107.014876,30.56597
homogeneous_control,random_06,8-13-10-11-12-10-6-10,0.017,False,network,60,1,6,-107.014876,30.56597
homogeneous_control,random_06,8-13-10-11-12-10-6-10,0.0175,False,network,59,1,6,-106.895125,30.56597
homogeneous_control,random_06,8-13-10-11-12-10-6-10,0.018,False,network,26,1,6,-115.647505,30.55973
homogeneous_control,random_06,8-13-10-11-12-10-6-10,0.0185,False,network,26,1,6,-115.647505,30.55973
homogeneous_control,random_06,8-13-10-11-12-10-6-10,0.019,False,network,26,1,6,-115.647505,30.55349
homogeneous_control,random_06,8-13-10-11-12-10-6-10,0.0195,False,network,26,1,6,-115.647505,30.54725
homogeneous_control,random_06,8-13-10-11-12-10-6-10,0.02,False,network,25,1,6,-115.537242,30.54725
homogeneous_control,random_06,8-13-10-11-12-10-6-10,0.0205,False,network,25,1,6,-115.537242,30.54725
homogeneous_control,random_06,8-13-10-11-12-10-6-10,0.021,False,network,25,1,6,-115.537242,30.54725
homogeneous_control,random_06,8-13-10-11-12-10-6-10,0.0215,False,network,24,1,6,-115.421618,30.54725
homogeneous_control,random_06,8-13-10-11-12-10-6-10,0.022,False,network,24,1,6,-115.421618,30.54725
homogeneous_control,random_07,10-9-9-9-15-13-8-7,0.006,True,,204,1,4,584.631518,34.1595
homogeneous_control,random_07,10-9-9-9-15-13-8-7,0.0065,True,,204,1,5,358.41104,34.5483
homogeneous_control,random_07,10-9-9-9-15-13-8-7,0.007,True,,204,1,5,358.516848,34.5411
homogeneous_control,random_07,10-9-9-9-15-13-8-7,0.0075,True,,204,1,6,119.685981,35.50005
homogeneous_control,random_07,10-9-9-9-15-13-8-7,0.008,True,,204,1,6,119.797075,35.49285
homogeneous_control,random_07,10-9-9-9-15-13-8-7,0.0085,True,,204,1,6,120.032956,35.47845
homogeneous_control,random_07,10-9-9-9-15-13-8-7,0.009,True,,204,1,6,119.830963,35.49285
homogeneous_control,random_07,10-9-9-9-15-13-8-7,0.0095,False,network,166,1,6,-134.718641,35.48565
homogeneous_control,random_07,10-9-9-9-15-13-8-7,0.01,False,network,116,1,6,-104.795979,34.10775
homogeneous_control,random_07,10-9-9-9-15-13-8-7,0.0105,False,network,116,1,6,-104.795979,34.09335
homogeneous_control,random_07,10-9-9-9-15-13-8-7,0.011,False,network,104,1,6,-112.032912,34.23015
homogeneous_control,random_07,10-9-9-9-15-13-8-7,0.0115,False,network,102,1,6,-111.79799,34.23015
homogeneous_control,random_07,10-9-9-9-15-13-8-7,0.012,False,network,101,1,6,-111.677362,34.23015
homogeneous_control,random_07,10-9-9-9-15-13-8-7,0.0125,False,network,74,1,6,-107.115817,34.22295
homogeneous_control,random_07,10-9-9-9-15-13-8-7,0.013,False,network,74,1,6,-107.115817,34.22295
homogeneous_control,random_07,10-9-9-9-15-13-8-7,0.0135,False,network,73,1,6,-106.992345,34.22295
homogeneous_control,random_07,10-9-9-9-15-13-8-7,0.014,False,network,73,1,6,-106.992345,34.22295
homogeneous_control,random_07,10-9-9-9-15-13-8-7,0.0145,False,network,71,1,6,-106.760412,34.35255
homogeneous_control,random_07,10-9-9-9-15-13-8-7,0.015,False,network,68,1,6,-106.429294,34.34535
homogeneous_control,random_07,10-9-9-9-15-13-8-7,0.0155,False,network,68,1,6,-106.429294,34.34535
homogeneous_control,random_07,10-9-9-9-15-13-8-7,0.016,False,network,68,1,6,-106.429294,34.34535
homogeneous_control,random_07,10-9-9-9-15-13-8-7,0.0165,False,network,60,1,6,-107.014876,34.34535
homogeneous_control,random_07,10-9-9-9-15-13-8-7,0.017,False,network,60,1,6,-107.014876,34.34535
homogeneous_control,random_07,10-9-9-9-15-13-8-7,0.0175,False,network,59,1,6,-106.895125,34.34535
homogeneous_control,random_07,10-9-9-9-15-13-8-7,0.018,False,network,26,1,6,-115.647505,34.33815
homogeneous_control,random_07,10-9-9-9-15-13-8-7,0.0185,False,network,26,1,6,-115.647505,34.33815
homogeneous_control,random_07,10-9-9-9-15-13-8-7,0.019,False,network,26,1,6,-115.647505,34.33095
homogeneous_control,random_07,10-9-9-9-15-13-8-7,0.0195,False,network,26,1,6,-115.647505,34.32375
homogeneous_control,random_07,10-9-9-9-15-13-8-7,0.02,False,network,25,1,6,-115.537242,34.32375
homogeneous_control,random_07,10-9-9-9-15-13-8-7,0.0205,False,network,25,1,6,-115.537242,34.32375
homogeneous_control,random_07,10-9-9-9-15-13-8-7,0.021,False,network,25,1,6,-115.537242,34.32375
homogeneous_control,random_07,10-9-9-9-15-13-8-7,0.0215,False,network,24,1,6,-115.421618,34.32375
homogeneous_control,random_07,10-9-9-9-15-13-8-7,0.022,False,network,24,1,6,-115.421618,34.32375
homogeneous_control,random_08,12-10-8-15-9-10-5-11,0.006,True,,204,1,4,584.631518,34.1595
homogeneous_control,random_08,12-10-8-15-9-10-5-11,0.0065,True,,204,1,5,358.41104,34.5483
homogeneous_control,random_08,12-10-8-15-9-10-5-11,0.007,True,,204,1,5,358.516848,34.5411
homogeneous_control,random_08,12-10-8-15-9-10-5-11,0.0075,True,,204,1,6,119.685981,35.50005
homogeneous_control,random_08,12-10-8-15-9-10-5-11,0.008,True,,204,1,6,119.797075,35.49285
homogeneous_control,random_08,12-10-8-15-9-10-5-11,0.0085,True,,204,1,6,120.032956,35.47845
homogeneous_control,random_08,12-10-8-15-9-10-5-11,0.009,True,,204,1,6,119.830963,35.49285
homogeneous_control,random_08,12-10-8-15-9-10-5-11,0.0095,False,network,166,1,6,-134.718641,35.48565
homogeneous_control,random_08,12-10-8-15-9-10-5-11,0.01,False,network,116,1,6,-104.795979,34.10775
homogeneous_control,random_08,12-10-8-15-9-10-5-11,0.0105,False,network,116,1,6,-104.795979,34.09335
homogeneous_control,random_08,12-10-8-15-9-10-5-11,0.011,False,network,104,1,6,-112.032912,34.23015
homogeneous_control,random_08,12-10-8-15-9-10-5-11,0.0115,False,network,102,1,6,-111.79799,34.23015
homogeneous_control,random_08,12-10-8-15-9-10-5-11,0.012,False,network,101,1,6,-111.677362,34.23015
homogeneous_control,random_08,12-10-8-15-9-10-5-11,0.0125,False,network,74,1,6,-107.115817,34.22295
homogeneous_control,random_08,12-10-8-15-9-10-5-11,0.013,False,network,74,1,6,-107.115817,34.22295
homogeneous_control,random_08,12-10-8-15-9-10-5-11,0.0135,False,network,73,1,6,-106.992345,34.22295
homogeneous_control,random_08,12-10-8-15-9-10-5-11,0.014,False,network,73,1,6,-106.992345,34.22295
homogeneous_control,random_08,12-10-8-15-9-10-5-11,0.0145,False,network,71,1,6,-106.760412,34.35255
homogeneous_control,random_08,12-10-8-15-9-10-5-11,0.015,False,network,68,1,6,-106.429294,34.34535
homogeneous_control,random_08,12-10-8-15-9-10-5-11,0.0155,False,network,68,1,6,-106.429294,34.34535
homogeneous_control,random_08,12-10-8-15-9-10-5-11,0.016,False,network,68,1,6,-106.429294,34.34535
homogeneous_control,random_08,12-10-8-15-9-10-5-11,0.0165,False,network,60,1,6,-107.014876,34.34535
homogeneous_control,random_08,12-10-8-15-9-10-5-11,0.017,False,network,60,1,6,-107.014876,34.34535
homogeneous_control,random_08,12-10-8-15-9-10-5-11,0.0175,False,network,59,1,6,-106.895125,34.34535
homogeneous_control,random_08,12-10-8-15-9-10-5-11,0.018,False,network,26,1,6,-115.647505,34.33815
homogeneous_control,random_08,12-10-8-15-9-10-5-11,0.0185,False,network,26,1,6,-115.647505,34.33815
homogeneous_control,random_08,12-10-8-15-9-10-5-11,0.019,False,network,26,1,6,-115.647505,34.33095
homogeneous_control,random_08,12-10-8-15-9-10-5-11,0.0195,False,network,26,1,6,-115.647505,34.32375
homogeneous_control,random_08,12-10-8-15-9-10-5-11,0.02,False,network,25,1,6,-115.537242,34.32375
homogeneous_control,random_08,12-10-8-15-9-10-5-11,0.0205,False,network,25,1,6,-115.537242,34.32375
homogeneous_control,random_08,12-10-8-15-9-10-5-11,0.021,False,network,25,1,6,-115.537242,34.32375
homogeneous_control,random_08,12-10-8-15-9-10-5-11,0.0215,False,network,24,1,6,-115.421618,34.32375
homogeneous_control,random_08,12-10-8-15-9-10-5-11,0.022,False,network,24,1,6,-115.421618,34.32375
homogeneous_control,random_09,10-9-9-11-12-11-9-9,0.006,True,,204,1,4,584.631518,28.5276
homogeneous_control,random_09,10-9-9-11-12-11-9-9,0.0065,True,,204,1,5,358.41104,28.83864
homogeneous_control,random_09,10-9-9-11-12-11-9-9,0.007,True,,204,1,5,358.516848,28.83288
homogeneous_control,random_09,10-9-9-11-12-11-9-9,0.0075,True,,204,1,6,119.685981,29.60004
homogeneous_control,random_09,10-9-9-11-12-11-9-9,0.008,True,,204,1,6,119.797075,29.59428
homogeneous_control,random_09,10-9-9-11-12-11-9-9,0.0085,True,,204,1,6,120.032956,29.58276
homogeneous_control,random_09,10-9-9-11-12-11-9-9,0.009,True,,204,1,6,119.830963,29.59428
homogeneous_control,random_09,10-9-9-11-12-11-9-9,0.0095,False,network,166,1,6,-134.718641,29.58852
homogeneous_control,random_09,10-9-9-11-12-11-9-9,0.01,False,network,116,1,6,-104.795979,28.4862
homogeneous_control,random_09,10-9-9-11-12-11-9-9,0.0105,False,network,116,1,6,-104.795979,28.47468
homogeneous_control,random_09,10-9-9-11-12-11-9-9,0.011,False,network,104,1,6,-112.032912,28.58412
homogeneous_control,random_09,10-9-9-11-12-11-9-9,0.0115,False,network,102,1,6,-111.79799,28.58412
homogeneous_control,random_09,10-9-9-11-12-11-9-9,0.012,False,network,101,1,6,-111.677362,28.58412
homogeneous_control,random_09,10-9-9-11-12-11-9-9,0.0125,False,network,74,1,6,-107.115817,28.57836
homogeneous_control,random_09,10-9-9-11-12-11-9-9,0.013,False,network,74,1,6,-107.115817,28.57836
homogeneous_control,random_09,10-9-9-11-12-11-9-9,0.0135,False,network,73,1,6,-106.992345,28.57836
homogeneous_control,random_09,10-9-9-11-12-11-9-9,0.014,False,network,73,1,6,-106.992345,28.57836
homogeneous_control,random_09,10-9-9-11-12-11-9-9,0.0145,False,network,71,1,6,-106.760412,28.68204
homogeneous_control,random_09,10-9-9-11-12-11-9-9,0.015,False,network,68,1,6,-106.429294,28.67628
homogeneous_control,random_09,10-9-9-11-12-11-9-9,0.0155,False,network,68,1,6,-106.429294,28.67628
homogeneous_control,random_09,10-9-9-11-12-11-9-9,0.016,False,network,68,1,6,-106.429294,28.67628
homogeneous_control,random_09,10-9-9-11-12-11-9-9,0.0165,False,network,60,1,6,-107.014876,28.67628
homogeneous_control,random_09,10-9-9-11-12-11-9-9,0.017,False,network,60,1,6,-107.014876,28.67628
homogeneous_control,random_09,10-9-9-11-12-11-9-9,0.0175,False,network,59,1,6,-106.895125,28.67628
homogeneous_control,random_09,10-9-9-11-12-11-9-9,0.018,False,network,26,1,6,-115.647505,28.67052
homogeneous_control,random_09,10-9-9-11-12-11-9-9,0.0185,False,network,26,1,6,-115.647505,28.67052
homogeneous_control,random_09,10-9-9-11-12-11-9-9,0.019,False,network,26,1,6,-115.647505,28.66476
homogeneous_control,random_09,10-9-9-11-12-11-9-9,0.0195,False,network,26,1,6,-115.647505,28.659
homogeneous_control,random_09,10-9-9-11-12-11-9-9,0.02,False,network,25,1,6,-115.537242,28.659
homogeneous_control,random_09,10-9-9-11-12-11-9-9,0.0205,False,network,25,1,6,-115.537242,28.659
homogeneous_control,random_09,10-9-9-11-12-11-9-9,0.021,False,network,25,1,6,-115.537242,28.659
homogeneous_control,random_09,10-9-9-11-12-11-9-9,0.0215,False,network,24,1,6,-115.421618,28.659
homogeneous_control,random_09,10-9-9-11-12-11-9-9,0.022,False,network,24,1,6,-115.421618,28.659
homogeneous_control,random_10,14-10-5-10-7-14-10-10,0.006,True,,204,1,4,584.631518,32.2822
homogeneous_control,random_10,14-10-5-10-7-14-10-10,0.0065,True,,204,1,5,358.41104,32.64508
homogeneous_control,random_10,14-10-5-10-7-14-10-10,0.007,True,,204,1,5,358.516848,32.63836
homogeneous_control,random_10,14-10-5-10-7-14-10-10,0.0075,True,,204,1,6,119.685981,33.53338
homogeneous_control,random_10,14-10-5-10-7-14-10-10,0.008,True,,204,1,6,119.797075,33.52666
homogeneous_control,random_10,14-10-5-10-7-14-10-10,0.0085,True,,204,1,6,120.032956,33.51322
homogeneous_control,random_10,14-10-5-10-7-14-10-10,0.009,True,,204,1,6,119.830963,33.52666
homogeneous_control,random_10,14-10-5-10-7-14-10-10,0.0095,False,network,166,1,6,-134.718641,33.51994
homogeneous_control,random_10,14-10-5-10-7-14-10-10,0.01,False,network,116,1,6,-104.795979,32.2339
homogeneous_control,random_10,14-10-5-10-7-14-10-10,0.0105,False,network,116,1,6,-104.795979,32.22046
homogeneous_control,random_10,14-10-5-10-7-14-10-10,0.011,False,network,104,1,6,-112.032912,32.34814
homogeneous_control,random_10,14-10-5-10-7-14-10-10,0.0115,False,network,102,1,6,-111.79799,32.34814
homogeneous_control,random_10,14-10-5-10-7-14-10-10,0.012,False,network,101,1,6,-111.677362,32.34814
homogeneous_control,random_10,14-10-5-10-7-14-10-10,0.0125,False,network,74,1,6,-107.115817,32.34142
homogeneous_control,random_10,14-10-5-10-7-14-10-10,0.013,False,network,74,1,6,-107.115817,32.34142
homogeneous_control,random_10,14-10-5-10-7-14-10-10,0.0135,False,network,73,1,6,-106.992345,32.34142
homogeneous_control,random_10,14-10-5-10-7-14-10-10,0.014,False,network,73,1,6,-106.992345,32.34142
homogeneous_control,random_10,14-10-5-10-7-14-10-10,0.0145,False,network,71,1,6,-106.760412,32.46238
homogeneous_control,random_10,14-10-5-10-7-14-10-10,0.015,False,network,68,1,6,-106.429294,32.45566
homogeneous_control,random_10,14-10-5-10-7-14-10-10,0.0155,False,network,68,1,6,-106.429294,32.45566
homogeneous_control,random_10,14-10-5-10-7-14-10-10,0.016,False,network,68,1,6,-106.429294,32.45566
homogeneous_control,random_10,14-10-5-10-7-14-10-10,0.0165,False,network,60,1,6,-107.014876,32.45566
homogeneous_control,random_10,14-10-5-10-7-14-10-10,0.017,False,network,60,1,6,-107.014876,32.45566
homogeneous_control,random_10,14-10-5-10-7-14-10-10,0.0175,False,network,59,1,6,-106.895125,32.45566
homogeneous_control,random_10,14-10-5-10-7-14-10-10,0.018,False,network,26,1,6,-115.647505,32.44894
homogeneous_control,random_10,14-10-5-10-7-14-10-10,0.0185,False,network,26,1,6,-115.647505,32.44894
homogeneous_control,random_10,14-10-5-10-7-14-10-10,0.019,False,network,26,1,6,-115.647505,32.44222
homogeneous_control,random_10,14-10-5-10-7-14-10-10,0.0195,False,network,26,1,6,-115.647505,32.4355
homogeneous_control,random_10,14-10-5-10-7-14-10-10,0.02,False,network,25,1,6,-115.537242,32.4355
homogeneous_control,random_10,14-10-5-10-7-14-10-10,0.0205,False,network,25,1,6,-115.537242,32.4355
homogeneous_control,random_10,14-10-5-10-7-14-10-10,0.021,False,network,25,1,6,-115.537242,32.4355
homogeneous_control,random_10,14-10-5-10-7-14-10-10,0.0215,False,network,24,1,6,-115.421618,32.4355
homogeneous_control,random_10,14-10-5-10-7-14-10-10,0.022,False,network,24,1,6,-115.421618,32.4355
homogeneous_control,random_11,10-8-11-11-9-14-8-9,0.006,True,,204,1,4,584.631518,32.2822
homogeneous_control,random_11,10-8-11-11-9-14-8-9,0.0065,True,,204,1,5,358.41104,32.64508
homogeneous_control,random_11,10-8-11-11-9-14-8-9,0.007,True,,204,1,5,358.516848,32.63836
homogeneous_control,random_11,10-8-11-11-9-14-8-9,0.0075,True,,204,1,6,119.685981,33.53338
homogeneous_control,random_11,10-8-11-11-9-14-8-9,0.008,True,,204,1,6,119.797075,33.52666
homogeneous_control,random_11,10-8-11-11-9-14-8-9,0.0085,True,,204,1,6,120.032956,33.51322
homogeneous_control,random_11,10-8-11-11-9-14-8-9,0.009,True,,204,1,6,119.830963,33.52666
homogeneous_control,random_11,10-8-11-11-9-14-8-9,0.0095,False,network,166,1,6,-134.718641,33.51994
homogeneous_control,random_11,10-8-11-11-9-14-8-9,0.01,False,network,116,1,6,-104.795979,32.2339
homogeneous_control,random_11,10-8-11-11-9-14-8-9,0.0105,False,network,116,1,6,-104.795979,32.22046
homogeneous_control,random_11,10-8-11-11-9-14-8-9,0.011,False,network,104,1,6,-112.032912,32.34814
homogeneous_control,random_11,10-8-11-11-9-14-8-9,0.0115,False,network,102,1,6,-111.79799,32.34814
homogeneous_control,random_11,10-8-11-11-9-14-8-9,0.012,False,network,101,1,6,-111.677362,32.34814
homogeneous_control,random_11,10-8-11-11-9-14-8-9,0.0125,False,network,74,1,6,-107.115817,32.34142
homogeneous_control,random_11,10-8-11-11-9-14-8-9,0.013,False,network,74,1,6,-107.115817,32.34142
homogeneous_control,random_11,10-8-11-11-9-14-8-9,0.0135,False,network,73,1,6,-106.992345,32.34142
homogeneous_control,random_11,10-8-11-11-9-14-8-9,0.014,False,network,73,1,6,-106.992345,32.34142
homogeneous_control,random_11,10-8-11-11-9-14-8-9,0.0145,False,network,71,1,6,-106.760412,32.46238
homogeneous_control,random_11,10-8-11-11-9-14-8-9,0.015,False,network,68,1,6,-106.429294,32.45566
homogeneous_control,random_11,10-8-11-11-9-14-8-9,0.0155,False,network,68,1,6,-106.429294,32.45566
homogeneous_control,random_11,10-8-11-11-9-14-8-9,0.016,False,network,68,1,6,-106.429294,32.45566
homogeneous_control,random_11,10-8-11-11-9-14-8-9,0.0165,False,network,60,1,6,-107.014876,32.45566
homogeneous_control,random_11,10-8-11-11-9-14-8-9,0.017,False,network,60,1,6,-107.014876,32.45566
homogeneous_control,random_11,10-8-11-11-9-14-8-9,0.0175,False,network,59,1,6,-106.895125,32.45566
homogeneous_control,random_11,10-8-11-11-9-14-8-9,0.018,False,network,26,1,6,-115.647505,32.44894
homogeneous_control,random_11,10-8-11-11-9-14-8-9,0.0185,False,network,26,1,6,-115.647505,32.44894
homogeneous_control,random_11,10-8-11-11-9-14-8-9,0.019,False,network,26,1,6,-115.647505,32.44222
homogeneous_control,random_11,10-8-11-11-9-14-8-9,0.0195,False,network,26,1,6,-115.647505,32.4355
homogeneous_control,random_11,10-8-11-11-9-14-8-9,0.02,False,network,25,1,6,-115.537242,32.4355
homogeneous_control,random_11,10-8-11-11-9-14-8-9,0.0205,False,network,25,1,6,-115.537242,32.4355
homogeneous_control,random_11,10-8-11-11-9-14-8-9,0.021,False,network,25,1,6,-115.537242,32.4355
homogeneous_control,random_11,10-8-11-11-9-14-8-9,0.0215,False,network,24,1,6,-115.421618,32.4355
homogeneous_control,random_11,10-8-11-11-9-14-8-9,0.022,False,network,24,1,6,-115.421618,32.4355
homogeneous_control,random_12,13-11-9-12-8-10-8-9,0.006,True,,204,1,4,584.631518,30.4049
homogeneous_control,random_12,13-11-9-12-8-10-8-9,0.0065,True,,204,1,5,358.41104,30.74186
homogeneous_control,random_12,13-11-9-12-8-10-8-9,0.007,True,,204,1,5,358.516848,30.73562
homogeneous_control,random_12,13-11-9-12-8-10-8-9,0.0075,True,,204,1,6,119.685981,31.56671
homogeneous_control,random_12,13-11-9-12-8-10-8-9,0.008,True,,204,1,6,119.797075,31.56047
homogeneous_control,random_12,13-11-9-12-8-10-8-9,0.0085,True,,204,1,6,120.032956,31.54799
homogeneous_control,random_12,13-11-9-12-8-10-8-9,0.009,True,,204,1,6,119.830963,31.56047
homogeneous_control,random_12,13-11-9-12-8-10-8-9,0.0095,False,network,166,1,6,-134.718641,31.55423
homogeneous_control,random_12,13-11-9-12-8-10-8-9,0.01,False,network,116,1,6,-104.795979,30.36005
homogeneous_control,random_12,13-11-9-12-8-10-8-9,0.0105,False,network,116,1,6,-104.795979,30.34757
homogeneous_control,random_12,13-11-9-12-8-10-8-9,0.011,False,network,104,1,6,-112.032912,30.46613
homogeneous_control,random_12,13-11-9-12-8-10-8-9,0.0115,False,network,102,1,6,-111.79799,30.46613
homogeneous_control,random_12,13-11-9-12-8-10-8-9,0.012,False,network,101,1,6,-111.677362,30.46613
homogeneous_control,random_12,13-11-9-12-8-10-8-9,0.0125,False,network,74,1,6,-107.115817,30.45989
homogeneous_control,random_12,13-11-9-12-8-10-8-9,0.013,False,network,74,1,6,-107.115817,30.45989
homogeneous_control,random_12,13-11-9-12-8-10-8-9,0.0135,False,network,73,1,6,-106.992345,30.45989
homogeneous_control,random_12,13-11-9-12-8-10-8-9,0.014,False,network,73,1,6,-106.992345,30.45989
homogeneous_control,random_12,13-11-9-12-8-10-8-9,0.0145,False,network,71,1,6,-106.760412,30.57221
homogeneous_control,random_12,13-11-9-12-8-10-8-9,0.015,False,network,68,1,6,-106.429294,30.56597
homogeneous_control,random_12,13-11-9-12-8-10-8-9,0.0155,False,network,68,1,6,-106.429294,30.56597
homogeneous_control,random_12,13-11-9-12-8-10-8-9,0.016,False,network,68,1,6,-106.429294,30.56597
homogeneous_control,random_12,13-11-9-12-8-10-8-9,0.0165,False,network,60,1,6,-107.014876,30.56597
homogeneous_control,random_12,13-11-9-12-8-10-8-9,0.017,False,network,60,1,6,-107.014876,30.56597
homogeneous_control,random_12,13-11-9-12-8-10-8-9,0.0175,False,network,59,1,6,-106.895125,30.56597
homogeneous_control,random_12,13-11-9-12-8-10-8-9,0.018,False,network,26,1,6,-115.647505,30.55973
homogeneous_control,random_12,13-11-9-12-8-10-8-9,0.0185,False,network,26,1,6,-115.647505,30.55973
homogeneous_control,random_12,13-11-9-12-8-10-8-9,0.019,False,network,26,1,6,-115.647505,30.55349
homogeneous_control,random_12,13-11-9-12-8-10-8-9,0.0195,False,network,26,1,6,-115.647505,30.54725
homogeneous_control,random_12,13-11-9-12-8-10-8-9,0.02,False,network,25,1,6,-115.537242,30.54725
homogeneous_control,random_12,13-11-9-12-8-10-8-9,0.0205,False,network,25,1,6,-115.537242,30.54725
homogeneous_control,random_12,13-11-9-12-8-10-8-9,0.021,False,network,25,1,6,-115.537242,30.54725
homogeneous_control,random_12,13-11-9-12-8-10-8-9,0.0215,False,network,24,1,6,-115.421618,30.54725
homogeneous_control,random_12,13-11-9-12-8-10-8-9,0.022,False,network,24,1,6,-115.421618,30.54725
homogeneous_control,random_13,14-11-13-11-8-8-6-9,0.006,True,,204,1,4,584.631518,32.2822
homogeneous_control,random_13,14-11-13-11-8-8-6-9,0.0065,True,,204,1,5,358.41104,32.64508
homogeneous_control,random_13,14-11-13-11-8-8-6-9,0.007,True,,204,1,5,358.516848,32.63836
homogeneous_control,random_13,14-11-13-11-8-8-6-9,0.0075,True,,204,1,6,119.685981,33.53338
homogeneous_control,random_13,14-11-13-11-8-8-6-9,0.008,True,,204,1,6,119.797075,33.52666
homogeneous_control,random_13,14-11-13-11-8-8-6-9,0.0085,True,,204,1,6,120.032956,33.51322
homogeneous_control,random_13,14-11-13-11-8-8-6-9,0.009,True,,204,1,6,119.830963,33.52666
homogeneous_control,random_13,14-11-13-11-8-8-6-9,0.0095,False,network,166,1,6,-134.718641,33.51994
homogeneous_control,random_13,14-11-13-11-8-8-6-9,0.01,False,network,116,1,6,-104.795979,32.2339
homogeneous_control,random_13,14-11-13-11-8-8-6-9,0.0105,False,network,116,1,6,-104.795979,32.22046
homogeneous_control,random_13,14-11-13-11-8-8-6-9,0.011,False,network,104,1,6,-112.032912,32.34814
homogeneous_control,random_13,14-11-13-11-8-8-6-9,0.0115,False,network,102,1,6,-111.79799,32.34814
homogeneous_control,random_13,14-11-13-11-8-8-6-9,0.012,False,network,101,1,6,-111.677362,32.34814
homogeneous_control,random_13,14-11-13-11-8-8-6-9,0.0125,False,network,74,1,6,-107.115817,32.34142
homogeneous_control,random_13,14-11-13-11-8-8-6-9,0.013,False,network,74,1,6,-107.115817,32.34142
homogeneous_control,random_13,14-11-13-11-8-8-6-9,0.0135,False,network,73,1,6,-106.992345,32.34142
homogeneous_control,random_13,14-11-13-11-8-8-6-9,0.014,False,network,73,1,6,-106.992345,32.34142
homogeneous_control,random_13,14-11-13-11-8-8-6-9,0.0145,False,network,71,1,6,-106.760412,32.46238
homogeneous_control,random_13,14-11-13-11-8-8-6-9,0.015,False,network,68,1,6,-106.429294,32.45566
homogeneous_control,random_13,14-11-13-11-8-8-6-9,0.0155,False,network,68,1,6,-106.429294,32.45566
homogeneous_control,random_13,14-11-13-11-8-8-6-9,0.016,False,network,68,1,6,-106.429294,32.45566
homogeneous_control,random_13,14-11-13-11-8-8-6-9,0.0165,False,network,60,1,6,-107.014876,32.45566
homogeneous_control,random_13,14-11-13-11-8-8-6-9,0.017,False,network,60,1,6,-107.014876,32.45566
homogeneous_control,random_13,14-11-13-11-8-8-6-9,0.0175,False,network,59,1,6,-106.895125,32.45566
homogeneous_control,random_13,14-11-13-11-8-8-6-9,0.018,False,network,26,1,6,-115.647505,32.44894
homogeneous_control,random_13,14-11-13-11-8-8-6-9,0.0185,False,network,26,1,6,-115.647505,32.44894
homogeneous_control,random_13,14-11-13-11-8-8-6-9,0.019,False,network,26,1,6,-115.647505,32.44222
homogeneous_control,random_13,14-11-13-11-8-8-6-9,0.0195,False,network,26,1,6,-115.647505,32.4355
homogeneous_control,random_13,14-11-13-11-8-8-6-9,0.02,False,network,25,1,6,-115.537242,32.4355
homogeneous_control,random_13,14-11-13-11-8-8-6-9,0.0205,False,network,25,1,6,-115.537242,32.4355
homogeneous_control,random_13,14-11-13-11-8-8-6-9,0.021,False,network,25,1,6,-115.537242,32.4355
homogeneous_control,random_13,14-11-13-11-8-8-6-9,0.0215,False,network,24,1,6,-115.421618,32.4355
homogeneous_control,random_13,14-11-13-11-8-8-6-9,0.022,False,network,24,1,6,-115.421618,32.4355
homogeneous_control,random_14,12-10-11-9-10-11-10-7,0.006,True,,204,1,4,584.631518,28.5276
homogeneous_control,random_14,12-10-11-9-10-11-10-7,0.0065,True,,204,1,5,358.41104,28.83864
homogeneous_control,random_14,12-10-11-9-10-11-10-7,0.007,True,,204,1,5,358.516848,28.83288
homogeneous_control,random_14,12-10-11-9-10-11-10-7,0.0075,True,,204,1,6,119.685981,29.60004
homogeneous_control,random_14,12-10-11-9-10-11-10-7,0.008,True,,204,1,6,119.797075,29.59428
homogeneous_control,random_14,12-10-11-9-10-11-10-7,0.0085,True,,204,1,6,120.032956,29.58276
homogeneous_control,random_14,12-10-11-9-10-11-10-7,0.009,True,,204,1,6,119.830963,29.59428
homogeneous_control,random_14,12-10-11-9-10-11-10-7,0.0095,False,network,166,1,6,-134.718641,29.58852
homogeneous_control,random_14,12-10-11-9-10-11-10-7,0.01,False,network,116,1,6,-104.795979,28.4862
homogeneous_control,random_14,12-10-11-9-10-11-10-7,0.0105,False,network,116,1,6,-104.795979,28.47468
homogeneous_control,random_14,12-10-11-9-10-11-10-7,0.011,False,network,104,1,6,-112.032912,28.58412
homogeneous_control,random_14,12-10-11-9-10-11-10-7,0.0115,False,network,102,1,6,-111.79799,28.58412
homogeneous_control,random_14,12-10-11-9-10-11-10-7,0.012,False,network,101,1,6,-111.677362,28.58412
homogeneous_control,random_14,12-10-11-9-10-11-10-7,0.0125,False,network,74,1,6,-107.115817,28.57836
homogeneous_control,random_14,12-10-11-9-10-11-10-7,0.013,False,network,74,1,6,-107.115817,28.57836
homogeneous_control,random_14,12-10-11-9-10-11-10-7,0.0135,False,network,73,1,6,-106.992345,28.57836
homogeneous_control,random_14,12-10-11-9-10-11-10-7,0.014,False,network,73,1,6,-106.992345,28.57836
homogeneous_control,random_14,12-10-11-9-10-11-10-7,0.0145,False,network,71,1,6,-106.760412,28.68204
homogeneous_control,random_14,12-10-11-9-10-11-10-7,0.015,False,network,68,1,6,-106.429294,28.67628
homogeneous_control,random_14,12-10-11-9-10-11-10-7,0.0155,False,network,68,1,6,-106.429294,28.67628
homogeneous_control,random_14,12-10-11-9-10-11-10-7,0.016,False,network,68,1,6,-106.429294,28.67628
homogeneous_control,random_14,12-10-11-9-10-11-10-7,0.0165,False,network,60,1,6,-107.014876,28.67628
homogeneous_control,random_14,12-10-11-9-10-11-10-7,0.017,False,network,60,1,6,-107.014876,28.67628
homogeneous_control,random_14,12-10-11-9-10-11-10-7,0.0175,False,network,59,1,6,-106.895125,28.67628
homogeneous_control,random_14,12-10-11-9-10-11-10-7,0.018,False,network,26,1,6,-115.647505,28.67052
homogeneous_control,random_14,12-10-11-9-10-11-10-7,0.0185,False,network,26,1,6,-115.647505,28.67052
homogeneous_control,random_14,12-10-11-9-10-11-10-7,0.019,False,network,26,1,6,-115.647505,28.66476
homogeneous_control,random_14,12-10-11-9-10-11-10-7,0.0195,False,network,26,1,6,-115.647505,28.659
homogeneous_control,random_14,12-10-11-9-10-11-10-7,0.02,False,network,25,1,6,-115.537242,28.659
homogeneous_control,random_14,12-10-11-9-10-11-10-7,0.0205,False,network,25,1,6,-115.537242,28.659
homogeneous_control,random_14,12-10-11-9-10-11-10-7,0.021,False,network,25,1,6,-115.537242,28.659
homogeneous_control,random_14,12-10-11-9-10-11-10-7,0.0215,False,network,24,1,6,-115.421618,28.659
homogeneous_control,random_14,12-10-11-9-10-11-10-7,0.022,False,network,24,1,6,-115.421618,28.659
homogeneous_control,random_15,12-6-11-11-9-9-10-12,0.006,True,,204,1,4,584.631518,28.5276
homogeneous_control,random_15,12-6-11-11-9-9-10-12,0.0065,True,,204,1,5,358.41104,28.83864
homogeneous_control,random_15,12-6-11-11-9-9-10-12,0.007,True,,204,1,5,358.516848,28.83288
homogeneous_control,random_15,12-6-11-11-9-9-10-12,0.0075,True,,204,1,6,119.685981,29.60004
homogeneous_control,random_15,12-6-11-11-9-9-10-12,0.008,True,,204,1,6,119.797075,29.59428
homogeneous_control,random_15,12-6-11-11-9-9-10-12,0.0085,True,,204,1,6,120.032956,29.58276
homogeneous_control,random_15,12-6-11-11-9-9-10-12,0.009,True,,204,1,6,119.830963,29.59428
homogeneous_control,random_15,12-6-11-11-9-9-10-12,0.0095,False,network,166,1,6,-134.718641,29.58852
homogeneous_control,random_15,12-6-11-11-9-9-10-12,0.01,False,network,116,1,6,-104.795979,28.4862
homogeneous_control,random_15,12-6-11-11-9-9-10-12,0.0105,False,network,116,1,6,-104.795979,28.47468
homogeneous_control,random_15,12-6-11-11-9-9-10-12,0.011,False,network,104,1,6,-112.032912,28.58412
homogeneous_control,random_15,12-6-11-11-9-9-10-12,0.0115,False,network,102,1,6,-111.79799,28.58412
homogeneous_control,random_15,12-6-11-11-9-9-10-12,0.012,False,network,101,1,6,-111.677362,28.58412
homogeneous_control,random_15,12-6-11-11-9-9-10-12,0.0125,False,network,74,1,6,-107.115817,28.57836
homogeneous_control,random_15,12-6-11-11-9-9-10-12,0.013,False,network,74,1,6,-107.115817,28.57836
homogeneous_control,random_15,12-6-11-11-9-9-10-12,0.0135,False,network,73,1,6,-106.992345,28.57836
homogeneous_control,random_15,12-6-11-11-9-9-10-12,0.014,False,network,73,1,6,-106.992345,28.57836
homogeneous_control,random_15,12-6-11-11-9-9-10-12,0.0145,False,network,71,1,6,-106.760412,28.68204
homogeneous_control,random_15,12-6-11-11-9-9-10-12,0.015,False,network,68,1,6,-106.429294,28.67628
homogeneous_control,random_15,12-6-11-11-9-9-10-12,0.0155,False,network,68,1,6,-106.429294,28.67628
homogeneous_control,random_15,12-6-11-11-9-9-10-12,0.016,False,network,68,1,6,-106.429294,28.67628
homogeneous_control,random_15,12-6-11-11-9-9-10-12,0.0165,False,network,60,1,6,-107.014876,28.67628
homogeneous_control,random_15,12-6-11-11-9-9-10-12,0.017,False,network,60,1,6,-107.014876,28.67628
homogeneous_control,random_15,12-6-11-11-9-9-10-12,0.0175,False,network,59,1,6,-106.895125,28.67628
homogeneous_control,random_15,12-6-11-11-9-9-10-12,0.018,False,network,26,1,6,-115.647505,28.67052
homogeneous_control,random_15,12-6-11-11-9-9-10-12,0.0185,False,network,26,1,6,-115.647505,28.67052
homogeneous_control,random_15,12-6-11-11-9-9-10-12,0.019,False,network,26,1,6,-115.647505,28.66476
homogeneous_control,random_15,12-6-11-11-9-9-10-12,0.0195,False,network,26,1,6,-115.647505,28.659
homogeneous_control,random_15,12-6-11-11-9-9-10-12,0.02,False,network,25,1,6,-115.537242,28.659
homogeneous_control,random_15,12-6-11-11-9-9-10-12,0.0205,False,network,25,1,6,-115.537242,28.659
homogeneous_control,random_15,12-6-11-11-9-9-10-12,0.021,False,network,25,1,6,-115.537242,28.659
homogeneous_control,random_15,12-6-11-11-9-9-10-12,0.0215,False,network,24,1,6,-115.421618,28.659
homogeneous_control,random_15,12-6-11-11-9-9-10-12,0.022,False,network,24,1,6,-115.421618,28.659
homogeneous_control,random_16,7-10-12-13-10-10-8-10,0.006,True,,204,1,4,584.631518,30.4049
homogeneous_control,random_16,7-10-12-13-10-10-8-10,0.0065,True,,204,1,5,358.41104,30.74186
homogeneous_control,random_16,7-10-12-13-10-10-8-10,0.007,True,,204,1,5,358.516848,30.73562
homogeneous_control,random_16,7-10-12-13-10-10-8-10,0.0075,True,,204,1,6,119.685981,31.56671
homogeneous_control,random_16,7-10-12-13-10-10-8-10,0.008,True,,204,1,6,119.797075,31.56047
homogeneous_control,random_16,7-10-12-13-10-10-8-10,0.0085,True,,204,1,6,120.032956,31.54799
homogeneous_control,random_16,7-10-12-13-10-10-8-10,0.009,True,,204,1,6,119.830963,31.56047
homogeneous_control,random_16,7-10-12-13-10-10-8-10,0.0095,False,network,166,1,6,-134.718641,31.55423
homogeneous_control,random_16,7-10-12-13-10-10-8-10,0.01,False,network,116,1,6,-104.795979,30.36005
homogeneous_control,random_16,7-10-12-13-10-10-8-10,0.0105,False,network,116,1,6,-104.795979,30.34757
homogeneous_control,random_16,7-10-12-13-10-10-8-10,0.011,False,network,104,1,6,-112.032912,30.46613
homogeneous_control,random_16,7-10-12-13-10-10-8-10,0.0115,False,network,102,1,6,-111.79799,30.46613
homogeneous_control,random_16,7-10-12-13-10-10-8-10,0.012,False,network,101,1,6,-111.677362,30.46613
homogeneous_control,random_16,7-10-12-13-10-10-8-10,0.0125,False,network,74,1,6,-107.115817,30.45989
homogeneous_control,random_16,7-10-12-13-10-10-8-10,0.013,False,network,74,1,6,-107.115817,30.45989
homogeneous_control,random_16,7-10-12-13-10-10-8-10,0.0135,False,network,73,1,6,-106.992345,30.45989
homogeneous_control,random_16,7-10-12-13-10-10-8-10,0.014,False,network,73,1,6,-106.992345,30.45989
homogeneous_control,random_16,7-10-12-13-10-10-8-10,0.0145,False,network,71,1,6,-106.760412,30.57221
homogeneous_control,random_16,7-10-12-13-10-10-8-10,0.015,False,network,68,1,6,-106.429294,30.56597
homogeneous_control,random_16,7-10-12-13-10-10-8-10,0.0155,False,network,68,1,6,-106.429294,30.56597
homogeneous_control,random_16,7-10-12-13-10-10-8-10,0.016,False,network,68,1,6,-106.429294,30.56597
homogeneous_control,random_16,7-10-12-13-10-10-8-10,0.0165,False,network,60,1,6,-107.014876,30.56597
homogeneous_control,random_16,7-10-12-13-10-10-8-10,0.017,False,network,60,1,6,-107.014876,30.56597
homogeneous_control,random_16,7-10-12-13-10-10-8-10,0.0175,False,network,59,1,6,-106.895125,30.56597
homogeneous_control,random_16,7-10-12-13-10-10-8-10,0.018,False,network,26,1,6,-115.647505,30.55973
homogeneous_control,random_16,7-10-12-13-10-10-8-10,0.0185,False,network,26,1,6,-115.647505,30.55973
homogeneous_control,random_16,7-10-12-13-10-10-8-10,0.019,False,network,26,1,6,-115.647505,30.55349
homogeneous_control,random_16,7-10-12-13-10-10-8-10,0.0195,False,network,26,1,6,-115.647505,30.54725
homogeneous_control,random_16,7-10-12-13-10-10-8-10,0.02,False,network,25,1,6,-115.537242,30.54725
homogeneous_control,random_16,7-10-12-13-10-10-8-10,0.0205,False,network,25,1,6,-115.537242,30.54725
homogeneous_control,random_16,7-10-12-13-10-10-8-10,0.021,False,network,25,1,6,-115.537242,30.54725
homogeneous_control,random_16,7-10-12-13-10-10-8-10,0.0215,False,network,24,1,6,-115.421618,30.54725
homogeneous_control,random_16,7-10-12-13-10-10-8-10,0.022,False,network,24,1,6,-115.421618,30.54725
homogeneous_control,random_17,7-15-8-10-10-10-8-12,0.006,True,,204,1,4,584.631518,34.1595
homogeneous_control,random_17,7-15-8-10-10-10-8-12,0.0065,True,,204,1,5,358.41104,34.5483
homogeneous_control,random_17,7-15-8-10-10-10-8-12,0.007,True,,204,1,5,358.516848,34.5411
homogeneous_control,random_17,7-15-8-10-10-10-8-12,0.0075,True,,204,1,6,119.685981,35.50005
homogeneous_control,random_17,7-15-8-10-10-10-8-12,0.008,True,,204,1,6,119.797075,35.49285
homogeneous_control,random_17,7-15-8-10-10-10-8-12,0.0085,True,,204,1,6,120.032956,35.47845
homogeneous_control,random_17,7-15-8-10-10-10-8-12,0.009,True,,204,1,6,119.830963,35.49285
homogeneous_control,random_17,7-15-8-10-10-10-8-12,0.0095,False,network,166,1,6,-134.718641,35.48565
homogeneous_control,random_17,7-15-8-10-10-10-8-12,0.01,False,network,116,1,6,-104.795979,34.10775
homogeneous_control,random_17,7-15-8-10-10-10-8-12,0.0105,False,network,116,1,6,-104.795979,34.09335
homogeneous_control,random_17,7-15-8-10-10-10-8-12,0.011,False,network,104,1,6,-112.032912,34.23015
homogeneous_control,random_17,7-15-8-10-10-10-8-12,0.0115,False,network,102,1,6,-111.79799,34.23015
homogeneous_control,random_17,7-15-8-10-10-10-8-12,0.012,False,network,101,1,6,-111.677362,34.23015
homogeneous_control,random_17,7-15-8-10-10-10-8-12,0.0125,False,network,74,1,6,-107.115817,34.22295
homogeneous_control,random_17,7-15-8-10-10-10-8-12,0.013,False,network,74,1,6,-107.115817,34.22295
homogeneous_control,random_17,7-15-8-10-10-10-8-12,0.0135,False,network,73,1,6,-106.992345,34.22295
homogeneous_control,random_17,7-15-8-10-10-10-8-12,0.014,False,network,73,1,6,-106.992345,34.22295
homogeneous_control,random_17,7-15-8-10-10-10-8-12,0.0145,False,network,71,1,6,-106.760412,34.35255
homogeneous_control,random_17,7-15-8-10-10-10-8-12,0.015,False,network,68,1,6,-106.429294,34.34535
homogeneous_control,random_17,7-15-8-10-10-10-8-12,0.0155,False,network,68,1,6,-106.429294,34.34535
homogeneous_control,random_17,7-15-8-10-10-10-8-12,0.016,False,network,68,1,6,-106.429294,34.34535
homogeneous_control,random_17,7-15-8-10-10-10-8-12,0.0165,False,network,60,1,6,-107.014876,34.34535
homogeneous_control,random_17,7-15-8-10-10-10-8-12,0.017,False,network,60,1,6,-107.014876,34.34535
homogeneous_control,random_17,7-15-8-10-10-10-8-12,0.0175,False,network,59,1,6,-106.895125,34.34535
homogeneous_control,random_17,7-15-8-10-10-10-8-12,0.018,False,network,26,1,6,-115.647505,34.33815
homogeneous_control,random_17,7-15-8-10-10-10-8-12,0.0185,False,network,26,1,6,-115.647505,34.33815
homogeneous_control,random_17,7-15-8-10-10-10-8-12,0.019,False,network,26,1,6,-115.647505,34.33095
homogeneous_control,random_17,7-15-8-10-10-10-8-12,0.0195,False,network,26,1,6,-115.647505,34.32375
homogeneous_control,random_17,7-15-8-10-10-10-8-12,0.02,False,network,25,1,6,-115.537242,34.32375
homogeneous_control,random_17,7-15-8-10-10-10-8-12,0.0205,False,network,25,1,6,-115.537242,34.32375
homogeneous_control,random_17,7-15-8-10-10-10-8-12,0.021,False,network,25,1,6,-115.537242,34.32375
homogeneous_control,random_17,7-15-8-10-10-10-8-12,0.0215,False,network,24,1,6,-115.421618,34.32375
homogeneous_control,random_17,7-15-8-10-10-10-8-12,0.022,False,network,24,1,6,-115.421618,34.32375
homogeneous_control,random_18,6-13-6-10-11-12-7-15,0.006,True,,204,1,4,584.631518,34.1595
homogeneous_control,random_18,6-13-6-10-11-12-7-15,0.0065,True,,204,1,5,358.41104,34.5483
homogeneous_control,random_18,6-13-6-10-11-12-7-15,0.007,True,,204,1,5,358.516848,34.5411
homogeneous_control,random_18,6-13-6-10-11-12-7-15,0.0075,True,,204,1,6,119.685981,35.50005
homogeneous_control,random_18,6-13-6-10-11-12-7-15,0.008,True,,204,1,6,119.797075,35.49285
homogeneous_control,random_18,6-13-6-10-11-12-7-15,0.0085,True,,204,1,6,120.032956,35.47845
homogeneous_control,random_18,6-13-6-10-11-12-7-15,0.009,True,,204,1,6,119.830963,35.49285
homogeneous_control,random_18,6-13-6-10-11-12-7-15,0.0095,False,network,166,1,6,-134.718641,35.48565
homogeneous_control,random_18,6-13-6-10-11-12-7-15,0.01,False,network,116,1,6,-104.795979,34.10775
homogeneous_control,random_18,6-13-6-10-11-12-7-15,0.0105,False,network,116,1,6,-104.795979,34.09335
homogeneous_control,random_18,6-13-6-10-11-12-7-15,0.011,False,network,104,1,6,-112.032912,34.23015
homogeneous_control,random_18,6-13-6-10-11-12-7-15,0.0115,False,network,102,1,6,-111.79799,34.23015
homogeneous_control,random_18,6-13-6-10-11-12-7-15,0.012,False,network,101,1,6,-111.677362,34.23015
homogeneous_control,random_18,6-13-6-10-11-12-7-15,0.0125,False,network,74,1,6,-107.115817,34.22295
homogeneous_control,random_18,6-13-6-10-11-12-7-15,0.013,False,network,74,1,6,-107.115817,34.22295
homogeneous_control,random_18,6-13-6-10-11-12-7-15,0.0135,False,network,73,1,6,-106.992345,34.22295
homogeneous_control,random_18,6-13-6-10-11-12-7-15,0.014,False,network,73,1,6,-106.992345,34.22295
homogeneous_control,random_18,6-13-6-10-11-12-7-15,0.0145,False,network,71,1,6,-106.760412,34.35255
homogeneous_control,random_18,6-13-6-10-11-12-7-15,0.015,False,network,68,1,6,-106.429294,34.34535
homogeneous_control,random_18,6-13-6-10-11-12-7-15,0.0155,False,network,68,1,6,-106.429294,34.34535
homogeneous_control,random_18,6-13-6-10-11-12-7-15,0.016,False,network,68,1,6,-106.429294,34.34535
homogeneous_control,random_18,6-13-6-10-11-12-7-15,0.0165,False,network,60,1,6,-107.014876,34.34535
homogeneous_control,random_18,6-13-6-10-11-12-7-15,0.017,False,network,60,1,6,-107.014876,34.34535
homogeneous_control,random_18,6-13-6-10-11-12-7-15,0.0175,False,network,59,1,6,-106.895125,34.34535
homogeneous_control,random_18,6-13-6-10-11-12-7-15,0.018,False,network,26,1,6,-115.647505,34.33815
homogeneous_control,random_18,6-13-6-10-11-12-7-15,0.0185,False,network,26,1,6,-115.647505,34.33815
homogeneous_control,random_18,6-13-6-10-11-12-7-15,0.019,False,network,26,1,6,-115.647505,34.33095
homogeneous_control,random_18,6-13-6-10-11-12-7-15,0.0195,False,network,26,1,6,-115.647505,34.32375
homogeneous_control,random_18,6-13-6-10-11-12-7-15,0.02,False,network,25,1,6,-115.537242,34.32375
homogeneous_control,random_18,6-13-6-10-11-12-7-15,0.0205,False,network,25,1,6,-115.537242,34.32375
homogeneous_control,random_18,6-13-6-10-11-12-7-15,0.021,False,network,25,1,6,-115.537242,34.32375
homogeneous_control,random_18,6-13-6-10-11-12-7-15,0.0215,False,network,24,1,6,-115.421618,34.32375
homogeneous_control,random_18,6-13-6-10-11-12-7-15,0.022,False,network,24,1,6,-115.421618,34.32375
mild_alternating,uniform,10-10-10-10-10-10-10-10,0.006,True,,204,1,5,331.3289,25.0322
mild_alternating,uniform,10-10-10-10-10-10-10-10,0.0065,True,,204,1,5,331.3289,25.0322
mild_alternating,uniform,10-10-10-10-10-10-10-10,0.007,True,,204,1,5,331.584559,25.3163
mild_alternating,uniform,10-10-10-10-10-10-10-10,0.0075,True,,204,1,6,84.316319,25.6667
mild_alternating,uniform,10-10-10-10-10-10-10-10,0.008,True,,204,1,6,84.56601,25.6571
mild_alternating,uniform,10-10-10-10-10-10-10-10,0.0085,True,,204,1,6,84.815295,25.6475
mild_alternating,uniform,10-10-10-10-10-10-10-10,0.009,True,,204,1,6,84.596936,25.6571
mild_alternating,uniform,10-10-10-10-10-10-10-10,0.0095,False,network,166,1,6,-179.844578,25.6571
mild_alternating,uniform,10-10-10-10-10-10-10-10,0.01,False,network,116,1,6,-147.231124,24.7385
mild_alternating,uniform,10-10-10-10-10-10-10-10,0.0105,False,network,105,1,6,-155.276619,24.7289
mild_alternating,uniform,10-10-10-10-10-10-10-10,0.011,False,network,103,1,6,-155.021091,24.8201
mild_alternating,uniform,10-10-10-10-10-10-10-10,0.0115,False,network,101,1,6,-154.76882,24.8201
mild_alternating,uniform,10-10-10-10-10-10-10-10,0.012,False,network,74,1,6,-149.806811,24.8153
mild_alternating,uniform,10-10-10-10-10-10-10-10,0.0125,False,network,74,1,6,-149.806811,24.8153
mild_alternating,uniform,10-10-10-10-10-10-10-10,0.013,False,network,73,1,6,-149.671811,24.8153
mild_alternating,uniform,10-10-10-10-10-10-10-10,0.0135,False,network,73,1,6,-149.671811,24.8153
mild_alternating,uniform,10-10-10-10-10-10-10-10,0.014,False,network,71,1,6,-149.41911,24.9017
mild_alternating,uniform,10-10-10-10-10-10-10-10,0.0145,False,network,68,1,6,-149.059341,24.8969
mild_alternating,uniform,10-10-10-10-10-10-10-10,0.015,False,network,68,1,6,-149.059341,24.8969
mild_alternating,uniform,10-10-10-10-10-10-10-10,0.0155,False,network,68,1,6,-149.059341,24.8969
mild_alternating,uniform,10-10-10-10-10-10-10-10,0.016,False,network,60,1,6,-149.656425,24.8969
mild_alternating,uniform,10-10-10-10-10-10-10-10,0.0165,False,network,60,1,6,-149.656425,24.8969
mild_alternating,uniform,10-10-10-10-10-10-10-10,0.017,False,network,60,1,6,-149.656425,24.8969
mild_alternating,uniform,10-10-10-10-10-10-10-10,0.0175,False,network,59,1,6,-149.525722,24.8969
mild_alternating,uniform,10-10-10-10-10-10-10-10,0.018,False,network,26,1,6,-159.059757,24.8921
mild_alternating,uniform,10-10-10-10-10-10-10-10,0.0185,False,network,26,1,6,-159.059757,24.8873
mild_alternating,uniform,10-10-10-10-10-10-10-10,0.019,False,network,26,1,6,-159.059757,24.8825
mild_alternating,uniform,10-10-10-10-10-10-10-10,0.0195,False,network,25,1,6,-158.93996,24.8825
mild_alternating,uniform,10-10-10-10-10-10-10-10,0.02,False,network,25,1,6,-158.93996,24.8825
mild_alternating,uniform,10-10-10-10-10-10-10-10,0.0205,False,network,25,1,6,-158.93996,24.8825
mild_alternating,uniform,10-10-10-10-10-10-10-10,0.021,False,network,24,1,6,-158.81401,24.8825
mild_alternating,uniform,10-10-10-10-10-10-10-10,0.0215,False,network,24,1,6,-158.81401,24.8825
mild_alternating,uniform,10-10-10-10-10-10-10-10,0.022,False,network,23,1,6,-158.687787,24.8777
mild_alternating,compute_balanced,12-9-12-9-11-8-11-8,0.006,True,,204,1,4,584.631518,28.5276
mild_alternating,compute_balanced,12-9-12-9-11-8-11-8,0.0065,True,,204,1,5,358.41104,28.83864
mild_alternating,compute_balanced,12-9-12-9-11-8-11-8,0.007,True,,204,1,5,358.516848,28.83288
mild_alternating,compute_balanced,12-9-12-9-11-8-11-8,0.0075,True,,204,1,6,119.685981,29.60004
mild_alternating,compute_balanced,12-9-12-9-11-8-11-8,0.008,True,,204,1,6,119.797075,29.59428
mild_alternating,compute_balanced,12-9-12-9-11-8-11-8,0.0085,True,,204,1,6,120.032956,29.58276
mild_alternating,compute_balanced,12-9-12-9-11-8-11-8,0.009,True,,204,1,6,119.830963,29.59428
mild_alternating,compute_balanced,12-9-12-9-11-8-11-8,0.0095,False,network,166,1,6,-134.718641,29.58852
mild_alternating,compute_balanced,12-9-12-9-11-8-11-8,0.01,False,network,116,1,6,-104.795979,28.4862
mild_alternating,compute_balanced,12-9-12-9-11-8-11-8,0.0105,False,network,116,1,6,-104.795979,28.47468
mild_alternating,compute_balanced,12-9-12-9-11-8-11-8,0.011,False,network,104,1,6,-112.032912,28.58412
mild_alternating,compute_balanced,12-9-12-9-11-8-11-8,0.0115,False,network,102,1,6,-111.79799,28.58412
mild_alternating,compute_balanced,12-9-12-9-11-8-11-8,0.012,False,network,101,1,6,-111.677362,28.58412
mild_alternating,compute_balanced,12-9-12-9-11-8-11-8,0.0125,False,network,74,1,6,-107.115817,28.57836
mild_alternating,compute_balanced,12-9-12-9-11-8-11-8,0.013,False,network,74,1,6,-107.115817,28.57836
mild_alternating,compute_balanced,12-9-12-9-11-8-11-8,0.0135,False,network,73,1,6,-106.992345,28.57836
mild_alternating,compute_balanced,12-9-12-9-11-8-11-8,0.014,False,network,73,1,6,-106.992345,28.57836
mild_alternating,compute_balanced,12-9-12-9-11-8-11-8,0.0145,False,network,71,1,6,-106.760412,28.68204
mild_alternating,compute_balanced,12-9-12-9-11-8-11-8,0.015,False,network,68,1,6,-106.429294,28.67628
mild_alternating,compute_balanced,12-9-12-9-11-8-11-8,0.0155,False,network,68,1,6,-106.429294,28.67628
mild_alternating,compute_balanced,12-9-12-9-11-8-11-8,0.016,False,network,68,1,6,-106.429294,28.67628
mild_alternating,compute_balanced,12-9-12-9-11-8-11-8,0.0165,False,network,60,1,6,-107.014876,28.67628
mild_alternating,compute_balanced,12-9-12-9-11-8-11-8,0.017,False,network,60,1,6,-107.014876,28.67628
mild_alternating,compute_balanced,12-9-12-9-11-8-11-8,0.0175,False,network,59,1,6,-106.895125,28.67628
mild_alternating,compute_balanced,12-9-12-9-11-8-11-8,0.018,False,network,26,1,6,-115.647505,28.67052
mild_alternating,compute_balanced,12-9-12-9-11-8-11-8,0.0185,False,network,26,1,6,-115.647505,28.67052
mild_alternating,compute_balanced,12-9-12-9-11-8-11-8,0.019,False,network,26,1,6,-115.647505,28.66476
mild_alternating,compute_balanced,12-9-12-9-11-8-11-8,0.0195,False,network,26,1,6,-115.647505,28.659
mild_alternating,compute_balanced,12-9-12-9-11-8-11-8,0.02,False,network,25,1,6,-115.537242,28.659
mild_alternating,compute_balanced,12-9-12-9-11-8-11-8,0.0205,False,network,25,1,6,-115.537242,28.659
mild_alternating,compute_balanced,12-9-12-9-11-8-11-8,0.021,False,network,25,1,6,-115.537242,28.659
mild_alternating,compute_balanced,12-9-12-9-11-8-11-8,0.0215,False,network,24,1,6,-115.421618,28.659
mild_alternating,compute_balanced,12-9-12-9-11-8-11-8,0.022,False,network,24,1,6,-115.421618,28.659
mild_alternating,random_00,8-12-8-9-10-9-13-11,0.006,True,,204,1,5,326.65284,30.74186
mild_alternating,random_00,8-12-8-9-10-9-13-11,0.0065,True,,204,1,5,326.769307,30.73562
mild_alternating,random_00,8-12-8-9-10-9-13-11,0.007,True,,204,1,5,326.91604,31.11119
mild_alternating,random_00,8-12-8-9-10-9-13-11,0.0075,True,,204,1,6,78.20326,31.56671
mild_alternating,random_00,8-12-8-9-10-9-13-11,0.008,True,,204,1,6,78.456585,31.55423
mild_alternating,random_00,8-12-8-9-10-9-13-11,0.0085,True,,204,1,6,78.709495,31.54175
mild_alternating,random_00,8-12-8-9-10-9-13-11,0.009,False,network,167,1,6,-187.782997,31.56047
mild_alternating,random_00,8-12-8-9-10-9-13-11,0.0095,False,network,166,1,6,-187.65508,31.55423
mild_alternating,random_00,8-12-8-9-10-9-13-11,0.01,False,network,116,1,6,-154.565287,30.36005
mild_alternating,random_00,8-12-8-9-10-9-13-11,0.0105,False,network,105,1,6,-162.734389,30.34757
mild_alternating,random_00,8-12-8-9-10-9-13-11,0.011,False,network,103,1,6,-162.475113,30.46613
mild_alternating,random_00,8-12-8-9-10-9-13-11,0.0115,False,network,101,1,6,-162.219176,30.46613
mild_alternating,random_00,8-12-8-9-10-9-13-11,0.012,False,network,74,1,6,-157.186327,30.45989
mild_alternating,random_00,8-12-8-9-10-9-13-11,0.0125,False,network,74,1,6,-157.186327,30.45989
mild_alternating,random_00,8-12-8-9-10-9-13-11,0.013,False,network,73,1,6,-157.04928,30.45989
mild_alternating,random_00,8-12-8-9-10-9-13-11,0.0135,False,network,73,1,6,-157.04928,30.45989
mild_alternating,random_00,8-12-8-9-10-9-13-11,0.014,False,network,71,1,6,-156.792904,30.57221
mild_alternating,random_00,8-12-8-9-10-9-13-11,0.0145,False,network,68,1,6,-156.428077,30.56597
mild_alternating,random_00,8-12-8-9-10-9-13-11,0.015,False,network,68,1,6,-156.428077,30.56597
mild_alternating,random_00,8-12-8-9-10-9-13-11,0.0155,False,network,68,1,6,-156.428077,30.56597
mild_alternating,random_00,8-12-8-9-10-9-13-11,0.016,False,network,60,1,6,-157.027212,30.56597
mild_alternating,random_00,8-12-8-9-10-9-13-11,0.0165,False,network,60,1,6,-157.027212,30.56597
mild_alternating,random_00,8-12-8-9-10-9-13-11,0.017,False,network,59,1,6,-156.894569,30.56597
mild_alternating,random_00,8-12-8-9-10-9-13-11,0.0175,False,network,26,1,6,-166.56674,30.55973
mild_alternating,random_00,8-12-8-9-10-9-13-11,0.018,False,network,26,1,6,-166.56674,30.55973
mild_alternating,random_00,8-12-8-9-10-9-13-11,0.0185,False,network,26,1,6,-166.56674,30.55349
mild_alternating,random_00,8-12-8-9-10-9-13-11,0.019,False,network,26,1,6,-166.56674,30.54725
mild_alternating,random_00,8-12-8-9-10-9-13-11,0.0195,False,network,25,1,6,-166.44526,30.54725
mild_alternating,random_00,8-12-8-9-10-9-13-11,0.02,False,network,25,1,6,-166.44526,30.54725
mild_alternating,random_00,8-12-8-9-10-9-13-11,0.0205,False,network,25,1,6,-166.44526,30.54725
mild_alternating,random_00,8-12-8-9-10-9-13-11,0.021,False,network,24,1,6,-166.317483,30.54725
mild_alternating,random_00,8-12-8-9-10-9-13-11,0.0215,False,network,24,1,6,-166.317483,30.54725
mild_alternating,random_00,8-12-8-9-10-9-13-11,0.022,False,network,23,1,6,-166.189427,30.54101
mild_alternating,random_01,9-14-9-8-9-10-12-9,0.006,True,,204,1,5,326.65284,32.64508
mild_alternating,random_01,9-14-9-8-9-10-12-9,0.0065,True,,204,1,5,326.769307,32.63836
mild_alternating,random_01,9-14-9-8-9-10-12-9,0.007,True,,204,1,5,326.91604,33.04282
mild_alternating,random_01,9-14-9-8-9-10-12-9,0.0075,True,,204,1,6,78.20326,33.53338
mild_alternating,random_01,9-14-9-8-9-10-12-9,0.008,True,,204,1,6,78.456585,33.51994
mild_alternating,random_01,9-14-9-8-9-10-12-9,0.0085,True,,204,1,6,78.709495,33.5065
mild_alternating,random_01,9-14-9-8-9-10-12-9,0.009,False,network,167,1,6,-187.782997,33.52666
mild_alternating,random_01,9-14-9-8-9-10-12-9,0.0095,False,network,166,1,6,-187.65508,33.51994
mild_alternating,random_01,9-14-9-8-9-10-12-9,0.01,False,network,116,1,6,-154.565287,32.2339
mild_alternating,random_01,9-14-9-8-9-10-12-9,0.0105,False,network,105,1,6,-162.734389,32.22046
mild_alternating,random_01,9-14-9-8-9-10-12-9,0.011,False,network,103,1,6,-162.475113,32.34814
mild_alternating,random_01,9-14-9-8-9-10-12-9,0.0115,False,network,101,1,6,-162.219176,32.34814
mild_alternating,random_01,9-14-9-8-9-10-12-9,0.012,False,network,74,1,6,-157.186327,32.34142
mild_alternating,random_01,9-14-9-8-9-10-12-9,0.0125,False,network,74,1,6,-157.186327,32.34142
mild_alternating,random_01,9-14-9-8-9-10-12-9,0.013,False,network,73,1,6,-157.04928,32.34142
mild_alternating,random_01,9-14-9-8-9-10-12-9,0.0135,False,network,73,1,6,-157.04928,32.34142
mild_alternating,random_01,9-14-9-8-9-10-12-9,0.014,False,network,71,1,6,-156.792904,32.46238
mild_alternating,random_01,9-14-9-8-9-10-12-9,0.0145,False,network,68,1,6,-156.428077,32.45566
mild_alternating,random_01,9-14-9-8-9-10-12-9,0.015,False,network,68,1,6,-156.428077,32.45566
mild_alternating,random_01,9-14-9-8-9-10-12-9,0.0155,False,network,68,1,6,-156.428077,32.45566
mild_alternating,random_01,9-14-9-8-9-10-12-9,0.016,False,network,60,1,6,-157.027212,32.45566
mild_alternating,random_01,9-14-9-8-9-10-12-9,0.0165,False,network,60,1,6,-157.027212,32.45566
mild_alternating,random_01,9-14-9-8-9-10-12-9,0.017,False,network,59,1,6,-156.894569,32.45566
mild_alternating,random_01,9-14-9-8-9-10-12-9,0.0175,False,network,26,1,6,-166.56674,32.44894
mild_alternating,random_01,9-14-9-8-9-10-12-9,0.018,False,network,26,1,6,-166.56674,32.44894
mild_alternating,random_01,9-14-9-8-9-10-12-9,0.0185,False,network,26,1,6,-166.56674,32.44222
mild_alternating,random_01,9-14-9-8-9-10-12-9,0.019,False,network,26,1,6,-166.56674,32.4355
mild_alternating,random_01,9-14-9-8-9-10-12-9,0.0195,False,network,25,1,6,-166.44526,32.4355
mild_alternating,random_01,9-14-9-8-9-10-12-9,0.02,False,network,25,1,6,-166.44526,32.4355
mild_alternating,random_01,9-14-9-8-9-10-12-9,0.0205,False,network,25,1,6,-166.44526,32.4355
mild_alternating,random_01,9-14-9-8-9-10-12-9,0.021,False,network,24,1,6,-166.317483,32.4355
mild_alternating,random_01,9-14-9-8-9-10-12-9,0.0215,False,network,24,1,6,-166.317483,32.4355
mild_alternating,random_01,9-14-9-8-9-10-12-9,0.022,False,network,23,1,6,-166.189427,32.42878
mild_alternating,random_02,10-8-13-7-14-13-9-6,0.006,True,,204,1,4,584.631518,32.2822
mild_alternating,random_02,10-8-13-7-14-13-9-6,0.0065,True,,204,1,5,358.41104,32.64508
mild_alternating,random_02,10-8-13-7-14-13-9-6,0.007,True,,204,1,5,358.516848,32.63836
mild_alternating,random_02,10-8-13-7-14-13-9-6,0.0075,True,,204,1,6,119.685981,33.53338
mild_alternating,random_02,10-8-13-7-14-13-9-6,0.008,True,,204,1,6,119.797075,33.52666
mild_alternating,random_02,10-8-13-7-14-13-9-6,0.0085,True,,204,1,6,120.032956,33.51322
mild_alternating,random_02,10-8-13-7-14-13-9-6,0.009,True,,204,1,6,119.830963,33.52666
mild_alternating,random_02,10-8-13-7-14-13-9-6,0.0095,False,network,166,1,6,-134.718641,33.51994
mild_alternating,random_02,10-8-13-7-14-13-9-6,0.01,False,network,116,1,6,-104.795979,32.2339
mild_alternating,random_02,10-8-13-7-14-13-9-6,0.0105,False,network,116,1,6,-104.795979,32.22046
mild_alternating,random_02,10-8-13-7-14-13-9-6,0.011,False,network,104,1,6,-112.032912,32.34814
mild_alternating,random_02,10-8-13-7-14-13-9-6,0.0115,False,network,102,1,6,-111.79799,32.34814
mild_alternating,random_02,10-8-13-7-14-13-9-6,0.012,False,network,101,1,6,-111.677362,32.34814
mild_alternating,random_02,10-8-13-7-14-13-9-6,0.0125,False,network,74,1,6,-107.115817,32.34142
mild_alternating,random_02,10-8-13-7-14-13-9-6,0.013,False,network,74,1,6,-107.115817,32.34142
mild_alternating,random_02,10-8-13-7-14-13-9-6,0.0135,False,network,73,1,6,-106.992345,32.34142
mild_alternating,random_02,10-8-13-7-14-13-9-6,0.014,False,network,73,1,6,-106.992345,32.34142
mild_alternating,random_02,10-8-13-7-14-13-9-6,0.0145,False,network,71,1,6,-106.760412,32.46238
mild_alternating,random_02,10-8-13-7-14-13-9-6,0.015,False,network,68,1,6,-106.429294,32.45566
mild_alternating,random_02,10-8-13-7-14-13-9-6,0.0155,False,network,68,1,6,-106.429294,32.45566
mild_alternating,random_02,10-8-13-7-14-13-9-6,0.016,False,network,68,1,6,-106.429294,32.45566
mild_alternating,random_02,10-8-13-7-14-13-9-6,0.0165,False,network,60,1,6,-107.014876,32.45566
mild_alternating,random_02,10-8-13-7-14-13-9-6,0.017,False,network,60,1,6,-107.014876,32.45566
mild_alternating,random_02,10-8-13-7-14-13-9-6,0.0175,False,network,59,1,6,-106.895125,32.45566
mild_alternating,random_02,10-8-13-7-14-13-9-6,0.018,False,network,26,1,6,-115.647505,32.44894
mild_alternating,random_02,10-8-13-7-14-13-9-6,0.0185,False,network,26,1,6,-115.647505,32.44894
mild_alternating,random_02,10-8-13-7-14-13-9-6,0.019,False,network,26,1,6,-115.647505,32.44222
mild_alternating,random_02,10-8-13-7-14-13-9-6,0.0195,False,network,26,1,6,-115.647505,32.4355
mild_alternating,random_02,10-8-13-7-14-13-9-6,0.02,False,network,25,1,6,-115.537242,32.4355
mild_alternating,random_02,10-8-13-7-14-13-9-6,0.0205,False,network,25,1,6,-115.537242,32.4355
mild_alternating,random_02,10-8-13-7-14-13-9-6,0.021,False,network,25,1,6,-115.537242,32.4355
mild_alternating,random_02,10-8-13-7-14-13-9-6,0.0215,False,network,24,1,6,-115.421618,32.4355
mild_alternating,random_02,10-8-13-7-14-13-9-6,0.022,False,network,24,1,6,-115.421618,32.4355
mild_alternating,random_03,12-12-11-7-8-10-11-9,0.006,True,,204,1,4,571.515797,28.5276
mild_alternating,random_03,12-12-11-7-8-10-11-9,0.0065,True,,204,1,5,340.539023,28.83864
mild_alternating,random_03,12-12-11-7-8-10-11-9,0.007,True,,204,1,5,340.779974,29.17956
mild_alternating,random_03,12-12-11-7-8-10-11-9,0.0075,True,,204,1,6,96.351584,29.60004
mild_alternating,random_03,12-12-11-7-8-10-11-9,0.008,True,,204,1,6,96.594193,29.58852
mild_alternating,random_03,12-12-11-7-8-10-11-9,0.0085,True,,204,1,6,96.719056,29.58276
mild_alternating,random_03,12-12-11-7-8-10-11-9,0.009,True,,204,1,6,96.506235,29.59428
mild_alternating,random_03,12-12-11-7-8-10-11-9,0.0095,False,network,166,1,6,-164.477106,29.58852
mild_alternating,random_03,12-12-11-7-8-10-11-9,0.01,False,network,116,1,6,-132.791735,28.4862
mild_alternating,random_03,12-12-11-7-8-10-11-9,0.0105,False,network,115,1,6,-132.674252,28.47468
mild_alternating,random_03,12-12-11-7-8-10-11-9,0.011,False,network,103,1,6,-140.348178,28.58412
mild_alternating,random_03,12-12-11-7-8-10-11-9,0.0115,False,network,101,1,6,-140.103051,28.58412
mild_alternating,random_03,12-12-11-7-8-10-11-9,0.012,False,network,101,1,6,-140.103051,28.57836
mild_alternating,random_03,12-12-11-7-8-10-11-9,0.0125,False,network,74,1,6,-135.279108,28.57836
mild_alternating,random_03,12-12-11-7-8-10-11-9,0.013,False,network,73,1,6,-135.148091,28.57836
mild_alternating,random_03,12-12-11-7-8-10-11-9,0.0135,False,network,73,1,6,-135.148091,28.57836
mild_alternating,random_03,12-12-11-7-8-10-11-9,0.014,False,network,71,1,6,-134.902551,28.57836
mild_alternating,random_03,12-12-11-7-8-10-11-9,0.0145,False,network,68,1,6,-134.552649,28.68204
mild_alternating,random_03,12-12-11-7-8-10-11-9,0.015,False,network,68,1,6,-134.552649,28.67628
mild_alternating,random_03,12-12-11-7-8-10-11-9,0.0155,False,network,68,1,6,-134.552649,28.67628
mild_alternating,random_03,12-12-11-7-8-10-11-9,0.016,False,network,60,1,6,-135.14575,28.67628
mild_alternating,random_03,12-12-11-7-8-10-11-9,0.0165,False,network,60,1,6,-135.14575,28.67628
mild_alternating,random_03,12-12-11-7-8-10-11-9,0.017,False,network,60,1,6,-135.14575,28.67628
mild_alternating,random_03,12-12-11-7-8-10-11-9,0.0175,False,network,59,1,6,-135.018828,28.67628
mild_alternating,random_03,12-12-11-7-8-10-11-9,0.018,False,network,26,1,6,-144.28352,28.67052
mild_alternating,random_03,12-12-11-7-8-10-11-9,0.0185,False,network,26,1,6,-144.28352,28.66476
mild_alternating,random_03,12-12-11-7-8-10-11-9,0.019,False,network,26,1,6,-144.28352,28.659
mild_alternating,random_03,12-12-11-7-8-10-11-9,0.0195,False,network,25,1,6,-144.167006,28.659
mild_alternating,random_03,12-12-11-7-8-10-11-9,0.02,False,network,25,1,6,-144.167006,28.659
mild_alternating,random_03,12-12-11-7-8-10-11-9,0.0205,False,network,25,1,6,-144.167006,28.659
mild_alternating,random_03,12-12-11-7-8-10-11-9,0.021,False,network,25,1,6,-144.167006,28.659
mild_alternating,random_03,12-12-11-7-8-10-11-9,0.0215,False,network,24,1,6,-144.044616,28.659
mild_alternating,random_03,12-12-11-7-8-10-11-9,0.022,False,network,23,1,6,-143.921966,28.659
mild_alternating,random_04,10-9-12-7-14-6-11-11,0.006,True,,204,1,4,587.830731,32.2822
mild_alternating,random_04,10-9-12-7-14-6-11-11,0.0065,True,,204,1,5,362.768783,32.64508
mild_alternating,random_04,10-9-12-7-14-6-11-11,0.007,True,,204,1,5,362.873164,32.63836
mild_alternating,random_04,10-9-12-7-14-6-11-11,0.0075,True,,204,1,6,125.371672,33.53338
mild_alternating,random_04,10-9-12-7-14-6-11-11,0.008,True,,204,1,6,125.481234,33.52666
mild_alternating,random_04,10-9-12-7-14-6-11-11,0.0085,True,,204,1,6,125.713738,33.51322
mild_alternating,random_04,10-9-12-7-14-6-11-11,0.009,True,,204,1,6,125.514352,33.52666
mild_alternating,random_04,10-9-12-7-14-6-11-11,0.0095,False,network,166,1,6,-127.474946,33.51994
mild_alternating,random_04,10-9-12-7-14-6-11-11,0.01,False,network,116,1,6,-97.974464,32.2339
mild_alternating,random_04,10-9-12-7-14-6-11-11,0.0105,False,network,116,1,6,-97.974464,32.22046
mild_alternating,random_04,10-9-12-7-14-6-11-11,0.011,False,network,104,1,6,-105.103364,32.34814
mild_alternating,random_04,10-9-12-7-14-6-11-11,0.0115,False,network,102,1,6,-104.871774,32.34814
mild_alternating,random_04,10-9-12-7-14-6-11-11,0.012,False,network,101,1,6,-104.752883,32.34814
mild_alternating,random_04,10-9-12-7-14-6-11-11,0.0125,False,network,74,1,6,-100.254217,32.34142
mild_alternating,random_04,10-9-12-7-14-6-11-11,0.013,False,network,74,1,6,-100.254217,32.34142
mild_alternating,random_04,10-9-12-7-14-6-11-11,0.0135,False,network,73,1,6,-100.132548,32.34142
mild_alternating,random_04,10-9-12-7-14-6-11-11,0.014,False,network,72,1,6,-100.01427,32.34142
mild_alternating,random_04,10-9-12-7-14-6-11-11,0.0145,False,network,70,1,6,-99.795113,32.46238
mild_alternating,random_04,10-9-12-7-14-6-11-11,0.015,False,network,68,1,6,-99.577265,32.45566
mild_alternating,random_04,10-9-12-7-14-6-11-11,0.0155,False,network,68,1,6,-99.577265,32.45566
mild_alternating,random_04,10-9-12-7-14-6-11-11,0.016,False,network,68,1,6,-99.577265,32.45566
mild_alternating,random_04,10-9-12-7-14-6-11-11,0.0165,False,network,60,1,6,-100.161053,32.45566
mild_alternating,random_04,10-9-12-7-14-6-11-11,0.017,False,network,60,1,6,-100.161053,32.45566
mild_alternating,random_04,10-9-12-7-14-6-11-11,0.0175,False,network,60,1,6,-100.161053,32.45566
mild_alternating,random_04,10-9-12-7-14-6-11-11,0.018,False,network,59,1,6,-100.043018,32.45566
mild_alternating,random_04,10-9-12-7-14-6-11-11,0.0185,False,network,26,1,6,-108.672549,32.44894
mild_alternating,random_04,10-9-12-7-14-6-11-11,0.019,False,network,26,1,6,-108.672549,32.44222
mild_alternating,random_04,10-9-12-7-14-6-11-11,0.0195,False,network,26,1,6,-108.672549,32.4355
mild_alternating,random_04,10-9-12-7-14-6-11-11,0.02,False,network,25,1,6,-108.563787,32.4355
mild_alternating,random_04,10-9-12-7-14-6-11-11,0.0205,False,network,25,1,6,-108.563787,32.4355
mild_alternating,random_04,10-9-12-7-14-6-11-11,0.021,False,network,25,1,6,-108.563787,32.4355
mild_alternating,random_04,10-9-12-7-14-6-11-11,0.0215,False,network,25,1,6,-108.563787,32.4355
mild_alternating,random_04,10-9-12-7-14-6-11-11,0.022,False,network,24,1,6,-108.449783,32.4355
mild_alternating,random_05,10-5-14-10-7-10-12-12,0.006,True,,204,1,4,574.843506,32.2822
mild_alternating,random_05,10-5-14-10-7-10-12-12,0.0065,True,,204,1,5,345.074519,32.64508
mild_alternating,random_05,10-5-14-10-7-10-12-12,0.007,True,,204,1,5,345.301734,33.04282
mild_alternating,random_05,10-5-14-10-7-10-12-12,0.0075,True,,204,1,6,102.275769,33.53338
mild_alternating,random_05,10-5-14-10-7-10-12-12,0.008,True,,204,1,6,102.514928,33.51994
mild_alternating,random_05,10-5-14-10-7-10-12-12,0.0085,True,,204,1,6,102.637983,33.51322
mild_alternating,random_05,10-5-14-10-7-10-12-12,0.009,True,,204,1,6,102.427931,33.52666
mild_alternating,random_05,10-5-14-10-7-10-12-12,0.0095,False,network,166,1,6,-156.917403,33.51994
mild_alternating,random_05,10-5-14-10-7-10-12-12,0.01,False,network,116,1,6,-125.684135,32.2339
mild_alternating,random_05,10-5-14-10-7-10-12-12,0.0105,False,network,116,1,6,-125.684135,32.22046
mild_alternating,random_05,10-5-14-10-7-10-12-12,0.011,False,network,103,1,6,-133.126823,32.34814
mild_alternating,random_05,10-5-14-10-7-10-12-12,0.0115,False,network,101,1,6,-132.885176,32.34814
mild_alternating,random_05,10-5-14-10-7-10-12-12,0.012,False,network,101,1,6,-132.885176,32.34142
mild_alternating,random_05,10-5-14-10-7-10-12-12,0.0125,False,network,74,1,6,-128.128513,32.34142
mild_alternating,random_05,10-5-14-10-7-10-12-12,0.013,False,network,74,1,6,-128.128513,32.34142
mild_alternating,random_05,10-5-14-10-7-10-12-12,0.0135,False,network,73,1,6,-127.999433,32.34142
mild_alternating,random_05,10-5-14-10-7-10-12-12,0.014,False,network,71,1,6,-127.757383,32.34142
mild_alternating,random_05,10-5-14-10-7-10-12-12,0.0145,False,network,68,1,6,-127.412293,32.46238
mild_alternating,random_05,10-5-14-10-7-10-12-12,0.015,False,network,68,1,6,-127.412293,32.45566
mild_alternating,random_05,10-5-14-10-7-10-12-12,0.0155,False,network,68,1,6,-127.412293,32.45566
mild_alternating,random_05,10-5-14-10-7-10-12-12,0.016,False,network,60,1,6,-128.00346,32.45566
mild_alternating,random_05,10-5-14-10-7-10-12-12,0.0165,False,network,60,1,6,-128.00346,32.45566
mild_alternating,random_05,10-5-14-10-7-10-12-12,0.017,False,network,60,1,6,-128.00346,32.45566
mild_alternating,random_05,10-5-14-10-7-10-12-12,0.0175,False,network,59,1,6,-127.878378,32.45566
mild_alternating,random_05,10-5-14-10-7-10-12-12,0.018,False,network,26,1,6,-137.011765,32.44894
mild_alternating,random_05,10-5-14-10-7-10-12-12,0.0185,False,network,26,1,6,-137.011765,32.44222
mild_alternating,random_05,10-5-14-10-7-10-12-12,0.019,False,network,26,1,6,-137.011765,32.44222
mild_alternating,random_05,10-5-14-10-7-10-12-12,0.0195,False,network,26,1,6,-137.011765,32.4355
mild_alternating,random_05,10-5-14-10-7-10-12-12,0.02,False,network,25,1,6,-136.896853,32.4355
mild_alternating,random_05,10-5-14-10-7-10-12-12,0.0205,False,network,25,1,6,-136.896853,32.4355
mild_alternating,random_05,10-5-14-10-7-10-12-12,0.021,False,network,25,1,6,-136.896853,32.4355
mild_alternating,random_05,10-5-14-10-7-10-12-12,0.0215,False,network,24,1,6,-136.776198,32.4355
mild_alternating,random_05,10-5-14-10-7-10-12-12,0.022,False,network,23,1,6,-136.655289,32.4355
mild_alternating,random_06,8-13-10-11-12-10-6-10,0.006,True,,204,1,5,312.331757,30.74186
mild_alternating,random_06,8-13-10-11-12-10-6-10,0.0065,True,,204,1,5,312.453181,30.73562
mild_alternating,random_06,8-13-10-11-12-10-6-10,0.007,True,,204,1,6,59.222812,31.57919
mild_alternating,random_06,8-13-10-11-12-10-6-10,0.0075,True,,204,1,6,59.470052,31.56671
mild_alternating,random_06,8-13-10-11-12-10-6-10,0.008,True,,204,1,6,59.734671,31.55423
mild_alternating,random_06,8-13-10-11-12-10-6-10,0.0085,True,,204,1,6,59.520017,31.56671
mild_alternating,random_06,8-13-10-11-12-10-6-10,0.009,False,network,167,1,6,-211.744292,31.55423
mild_alternating,random_06,8-13-10-11-12-10-6-10,0.0095,False,network,117,1,6,-177.184846,30.36005
mild_alternating,random_06,8-13-10-11-12-10-6-10,0.01,False,network,116,1,6,-177.040425,30.36005
mild_alternating,random_06,8-13-10-11-12-10-6-10,0.0105,False,network,105,1,6,-185.593712,30.46613
mild_alternating,random_06,8-13-10-11-12-10-6-10,0.011,False,network,102,1,6,-185.195253,30.46613
mild_alternating,random_06,8-13-10-11-12-10-6-10,0.0115,False,network,101,1,6,-185.055458,30.46613
mild_alternating,random_06,8-13-10-11-12-10-6-10,0.012,False,network,74,1,6,-179.802535,30.45989
mild_alternating,random_06,8-13-10-11-12-10-6-10,0.0125,False,network,74,1,6,-179.802535,30.45989
mild_alternating,random_06,8-13-10-11-12-10-6-10,0.013,False,network,73,1,6,-179.659117,30.45989
mild_alternating,random_06,8-13-10-11-12-10-6-10,0.0135,False,network,73,1,6,-179.659117,30.45989
mild_alternating,random_06,8-13-10-11-12-10-6-10,0.014,False,network,68,1,6,-179.010801,30.57221
mild_alternating,random_06,8-13-10-11-12-10-6-10,0.0145,False,network,68,1,6,-179.010801,30.56597
mild_alternating,random_06,8-13-10-11-12-10-6-10,0.015,False,network,68,1,6,-179.010801,30.56597
mild_alternating,random_06,8-13-10-11-12-10-6-10,0.0155,False,network,68,1,6,-179.010801,30.56597
mild_alternating,random_06,8-13-10-11-12-10-6-10,0.016,False,network,60,1,6,-179.616343,30.56597
mild_alternating,random_06,8-13-10-11-12-10-6-10,0.0165,False,network,60,1,6,-179.616343,30.56597
mild_alternating,random_06,8-13-10-11-12-10-6-10,0.017,False,network,59,1,6,-179.477662,30.56597
mild_alternating,random_06,8-13-10-11-12-10-6-10,0.0175,False,network,26,1,6,-189.578717,30.55973
mild_alternating,random_06,8-13-10-11-12-10-6-10,0.018,False,network,26,1,6,-189.578717,30.55349
mild_alternating,random_06,8-13-10-11-12-10-6-10,0.0185,False,network,26,1,6,-189.578717,30.55349
mild_alternating,random_06,8-13-10-11-12-10-6-10,0.019,False,network,26,1,6,-189.578717,30.54725
mild_alternating,random_06,8-13-10-11-12-10-6-10,0.0195,False,network,25,1,6,-189.452016,30.54725
mild_alternating,random_06,8-13-10-11-12-10-6-10,0.02,False,network,25,1,6,-189.452016,30.54725
mild_alternating,random_06,8-13-10-11-12-10-6-10,0.0205,False,network,25,1,6,-189.452016,30.54725
mild_alternating,random_06,8-13-10-11-12-10-6-10,0.021,False,network,24,1,6,-189.318562,30.54725
mild_alternating,random_06,8-13-10-11-12-10-6-10,0.0215,False,network,23,1,6,-189.184809,30.54725
mild_alternating,random_06,8-13-10-11-12-10-6-10,0.022,False,network,23,1,6,-189.184809,30.54101
mild_alternating,random_07,10-9-9-9-15-13-8-7,0.006,True,,204,1,4,571.515797,34.1595
mild_alternating,random_07,10-9-9-9-15-13-8-7,0.0065,True,,204,1,5,340.539023,34.5483
mild_alternating,random_07,10-9-9-9-15-13-8-7,0.007,True,,204,1,5,340.779974,34.97445
mild_alternating,random_07,10-9-9-9-15-13-8-7,0.0075,True,,204,1,6,96.351584,35.50005
mild_alternating,random_07,10-9-9-9-15-13-8-7,0.008,True,,204,1,6,96.594193,35.48565
mild_alternating,random_07,10-9-9-9-15-13-8-7,0.0085,True,,204,1,6,96.719056,35.47845
mild_alternating,random_07,10-9-9-9-15-13-8-7,0.009,True,,204,1,6,96.506235,35.49285
mild_alternating,random_07,10-9-9-9-15-13-8-7,0.0095,False,network,166,1,6,-164.477106,35.48565
mild_alternating,random_07,10-9-9-9-15-13-8-7,0.01,False,network,116,1,6,-132.791735,34.10775
mild_alternating,random_07,10-9-9-9-15-13-8-7,0.0105,False,network,115,1,6,-132.674252,34.09335
mild_alternating,random_07,10-9-9-9-15-13-8-7,0.011,False,network,103,1,6,-140.348178,34.23015
mild_alternating,random_07,10-9-9-9-15-13-8-7,0.0115,False,network,101,1,6,-140.103051,34.23015
mild_alternating,random_07,10-9-9-9-15-13-8-7,0.012,False,network,101,1,6,-140.103051,34.22295
mild_alternating,random_07,10-9-9-9-15-13-8-7,0.0125,False,network,74,1,6,-135.279108,34.22295
mild_alternating,random_07,10-9-9-9-15-13-8-7,0.013,False,network,73,1,6,-135.148091,34.22295
mild_alternating,random_07,10-9-9-9-15-13-8-7,0.0135,False,network,73,1,6,-135.148091,34.22295
mild_alternating,random_07,10-9-9-9-15-13-8-7,0.014,False,network,71,1,6,-134.902551,34.22295
mild_alternating,random_07,10-9-9-9-15-13-8-7,0.0145,False,network,68,1,6,-134.552649,34.35255
mild_alternating,random_07,10-9-9-9-15-13-8-7,0.015,False,network,68,1,6,-134.552649,34.34535
mild_alternating,random_07,10-9-9-9-15-13-8-7,0.0155,False,network,68,1,6,-134.552649,34.34535
mild_alternating,random_07,10-9-9-9-15-13-8-7,0.016,False,network,60,1,6,-135.14575,34.34535
mild_alternating,random_07,10-9-9-9-15-13-8-7,0.0165,False,network,60,1,6,-135.14575,34.34535
mild_alternating,random_07,10-9-9-9-15-13-8-7,0.017,False,network,60,1,6,-135.14575,34.34535
mild_alternating,random_07,10-9-9-9-15-13-8-7,0.0175,False,network,59,1,6,-135.018828,34.34535
mild_alternating,random_07,10-9-9-9-15-13-8-7,0.018,False,network,26,1,6,-144.28352,34.33815
mild_alternating,random_07,10-9-9-9-15-13-8-7,0.0185,False,network,26,1,6,-144.28352,34.33095
mild_alternating,random_07,10-9-9-9-15-13-8-7,0.019,False,network,26,1,6,-144.28352,34.32375
mild_alternating,random_07,10-9-9-9-15-13-8-7,0.0195,False,network,25,1,6,-144.167006,34.32375
mild_alternating,random_07,10-9-9-9-15-13-8-7,0.02,False,network,25,1,6,-144.167006,34.32375
mild_alternating,random_07,10-9-9-9-15-13-8-7,0.0205,False,network,25,1,6,-144.167006,34.32375
mild_alternating,random_07,10-9-9-9-15-13-8-7,0.021,False,network,25,1,6,-144.167006,34.32375
mild_alternating,random_07,10-9-9-9-15-13-8-7,0.0215,False,network,24,1,6,-144.044616,34.32375
mild_alternating,random_07,10-9-9-9-15-13-8-7,0.022,False,network,23,1,6,-143.921966,34.32375
mild_alternating,random_08,12-10-8-15-9-10-5-11,0.006,True,,204,1,5,302.532542,34.5483
mild_alternating,random_08,12-10-8-15-9-10-5-11,0.0065,True,,204,1,5,302.657412,34.5411
mild_alternating,random_08,12-10-8-15-9-10-5-11,0.007,True,,204,1,6,46.518217,35.50725
mild_alternating,random_08,12-10-8-15-9-10-5-11,0.0075,True,,204,1,6,46.642172,35.50005
mild_alternating,random_08,12-10-8-15-9-10-5-11,0.008,True,,204,1,6,46.914661,35.48565
mild_alternating,random_08,12-10-8-15-9-10-5-11,0.0085,True,,204,1,6,46.818632,35.49285
mild_alternating,random_08,12-10-8-15-9-10-5-11,0.009,False,network,166,1,6,-228.03269,35.48565
mild_alternating,random_08,12-10-8-15-9-10-5-11,0.0095,False,network,117,1,6,-192.5795,34.10775
mild_alternating,random_08,12-10-8-15-9-10-5-11,0.01,False,network,116,1,6,-192.430578,34.09335
mild_alternating,random_08,12-10-8-15-9-10-5-11,0.0105,False,network,104,1,6,-201.121164,34.23015
mild_alternating,random_08,12-10-8-15-9-10-5-11,0.011,False,network,102,1,6,-200.84139,34.23015
mild_alternating,random_08,12-10-8-15-9-10-5-11,0.0115,False,network,101,1,6,-200.697327,34.23015
mild_alternating,random_08,12-10-8-15-9-10-5-11,0.012,False,network,74,1,6,-195.291105,34.22295
mild_alternating,random_08,12-10-8-15-9-10-5-11,0.0125,False,network,74,1,6,-195.291105,34.22295
mild_alternating,random_08,12-10-8-15-9-10-5-11,0.013,False,network,73,1,6,-195.143237,34.22295
mild_alternating,random_08,12-10-8-15-9-10-5-11,0.0135,False,network,73,1,6,-195.143237,34.22295
mild_alternating,random_08,12-10-8-15-9-10-5-11,0.014,False,network,68,1,6,-194.476049,34.35255
mild_alternating,random_08,12-10-8-15-9-10-5-11,0.0145,False,network,68,1,6,-194.476049,34.34535
mild_alternating,random_08,12-10-8-15-9-10-5-11,0.015,False,network,68,1,6,-194.476049,34.34535
mild_alternating,random_08,12-10-8-15-9-10-5-11,0.0155,False,network,60,1,6,-195.086087,34.34535
mild_alternating,random_08,12-10-8-15-9-10-5-11,0.016,False,network,60,1,6,-195.086087,34.34535
mild_alternating,random_08,12-10-8-15-9-10-5-11,0.0165,False,network,60,1,6,-195.086087,34.34535
mild_alternating,random_08,12-10-8-15-9-10-5-11,0.017,False,network,59,1,6,-194.943194,34.34535
mild_alternating,random_08,12-10-8-15-9-10-5-11,0.0175,False,network,26,1,6,-205.342777,34.33815
mild_alternating,random_08,12-10-8-15-9-10-5-11,0.018,False,network,26,1,6,-205.342777,34.33095
mild_alternating,random_08,12-10-8-15-9-10-5-11,0.0185,False,network,26,1,6,-205.342777,34.32375
mild_alternating,random_08,12-10-8-15-9-10-5-11,0.019,False,network,25,1,6,-205.212445,34.32375
mild_alternating,random_08,12-10-8-15-9-10-5-11,0.0195,False,network,25,1,6,-205.212445,34.32375
mild_alternating,random_08,12-10-8-15-9-10-5-11,0.02,False,network,25,1,6,-205.212445,34.32375
mild_alternating,random_08,12-10-8-15-9-10-5-11,0.0205,False,network,24,1,6,-205.075036,34.32375
mild_alternating,random_08,12-10-8-15-9-10-5-11,0.021,False,network,24,1,6,-205.075036,34.32375
mild_alternating,random_08,12-10-8-15-9-10-5-11,0.0215,False,network,23,1,6,-204.937314,34.31655
mild_alternating,random_08,12-10-8-15-9-10-5-11,0.022,False,network,23,1,6,-204.937314,34.31655
mild_alternating,random_09,10-9-9-11-12-11-9-9,0.006,True,,204,1,5,331.3289,28.83864
mild_alternating,random_09,10-9-9-11-12-11-9-9,0.0065,True,,204,1,5,331.3289,28.83864
mild_alternating,random_09,10-9-9-11-12-11-9-9,0.007,True,,204,1,5,331.584559,29.17956
mild_alternating,random_09,10-9-9-11-12-11-9-9,0.0075,True,,204,1,6,84.316319,29.60004
mild_alternating,random_09,10-9-9-11-12-11-9-9,0.008,True,,204,1,6,84.56601,29.58852
mild_alternating,random_09,10-9-9-11-12-11-9-9,0.0085,True,,204,1,6,84.815295,29.577
mild_alternating,random_09,10-9-9-11-12-11-9-9,0.009,True,,204,1,6,84.596936,29.58852
mild_alternating,random_09,10-9-9-11-12-11-9-9,0.0095,False,network,166,1,6,-179.844578,29.58852
mild_alternating,random_09,10-9-9-11-12-11-9-9,0.01,False,network,116,1,6,-147.231124,28.4862
mild_alternating,random_09,10-9-9-11-12-11-9-9,0.0105,False,network,105,1,6,-155.276619,28.47468
mild_alternating,random_09,10-9-9-11-12-11-9-9,0.011,False,network,103,1,6,-155.021091,28.58412
mild_alternating,random_09,10-9-9-11-12-11-9-9,0.0115,False,network,101,1,6,-154.76882,28.58412
mild_alternating,random_09,10-9-9-11-12-11-9-9,0.012,False,network,74,1,6,-149.806811,28.57836
mild_alternating,random_09,10-9-9-11-12-11-9-9,0.0125,False,network,74,1,6,-149.806811,28.57836
mild_alternating,random_09,10-9-9-11-12-11-9-9,0.013,False,network,73,1,6,-149.671811,28.57836
mild_alternating,random_09,10-9-9-11-12-11-9-9,0.0135,False,network,73,1,6,-149.671811,28.57836
mild_alternating,random_09,10-9-9-11-12-11-9-9,0.014,False,network,71,1,6,-149.41911,28.68204
mild_alternating,random_09,10-9-9-11-12-11-9-9,0.0145,False,network,68,1,6,-149.059341,28.67628
mild_alternating,random_09,10-9-9-11-12-11-9-9,0.015,False,network,68,1,6,-149.059341,28.67628
mild_alternating,random_09,10-9-9-11-12-11-9-9,0.0155,False,network,68,1,6,-149.059341,28.67628
mild_alternating,random_09,10-9-9-11-12-11-9-9,0.016,False,network,60,1,6,-149.656425,28.67628
mild_alternating,random_09,10-9-9-11-12-11-9-9,0.0165,False,network,60,1,6,-149.656425,28.67628
mild_alternating,random_09,10-9-9-11-12-11-9-9,0.017,False,network,60,1,6,-149.656425,28.67628
mild_alternating,random_09,10-9-9-11-12-11-9-9,0.0175,False,network,59,1,6,-149.525722,28.67628
mild_alternating,random_09,10-9-9-11-12-11-9-9,0.018,False,network,26,1,6,-159.059757,28.67052
mild_alternating,random_09,10-9-9-11-12-11-9-9,0.0185,False,network,26,1,6,-159.059757,28.66476
mild_alternating,random_09,10-9-9-11-12-11-9-9,0.019,False,network,26,1,6,-159.059757,28.659
mild_alternating,random_09,10-9-9-11-12-11-9-9,0.0195,False,network,25,1,6,-158.93996,28.659
mild_alternating,random_09,10-9-9-11-12-11-9-9,0.02,False,network,25,1,6,-158.93996,28.659
mild_alternating,random_09,10-9-9-11-12-11-9-9,0.0205,False,network,25,1,6,-158.93996,28.659
mild_alternating,random_09,10-9-9-11-12-11-9-9,0.021,False,network,24,1,6,-158.81401,28.659
mild_alternating,random_09,10-9-9-11-12-11-9-9,0.0215,False,network,24,1,6,-158.81401,28.659
mild_alternating,random_09,10-9-9-11-12-11-9-9,0.022,False,network,23,1,6,-158.687787,28.65324
mild_alternating,random_10,14-10-5-10-7-14-10-10,0.006,True,,204,1,5,312.331757,32.64508
mild_alternating,random_10,14-10-5-10-7-14-10-10,0.0065,True,,204,1,5,312.453181,32.63836
mild_alternating,random_10,14-10-5-10-7-14-10-10,0.007,True,,204,1,6,59.222812,33.54682
mild_alternating,random_10,14-10-5-10-7-14-10-10,0.0075,True,,204,1,6,59.470052,33.53338
mild_alternating,random_10,14-10-5-10-7-14-10-10,0.008,True,,204,1,6,59.734671,33.51994
mild_alternating,random_10,14-10-5-10-7-14-10-10,0.0085,True,,204,1,6,59.520017,33.53338
mild_alternating,random_10,14-10-5-10-7-14-10-10,0.009,False,network,167,1,6,-211.744292,33.51994
mild_alternating,random_10,14-10-5-10-7-14-10-10,0.0095,False,network,117,1,6,-177.184846,32.2339
mild_alternating,random_10,14-10-5-10-7-14-10-10,0.01,False,network,116,1,6,-177.040425,32.2339
mild_alternating,random_10,14-10-5-10-7-14-10-10,0.0105,False,network,105,1,6,-185.593712,32.34814
mild_alternating,random_10,14-10-5-10-7-14-10-10,0.011,False,network,102,1,6,-185.195253,32.34814
mild_alternating,random_10,14-10-5-10-7-14-10-10,0.0115,False,network,101,1,6,-185.055458,32.34814
mild_alternating,random_10,14-10-5-10-7-14-10-10,0.012,False,network,74,1,6,-179.802535,32.34142
mild_alternating,random_10,14-10-5-10-7-14-10-10,0.0125,False,network,74,1,6,-179.802535,32.34142
mild_alternating,random_10,14-10-5-10-7-14-10-10,0.013,False,network,73,1,6,-179.659117,32.34142
mild_alternating,random_10,14-10-5-10-7-14-10-10,0.0135,False,network,73,1,6,-179.659117,32.34142
mild_alternating,random_10,14-10-5-10-7-14-10-10,0.014,False,network,68,1,6,-179.010801,32.46238
mild_alternating,random_10,14-10-5-10-7-14-10-10,0.0145,False,network,68,1,6,-179.010801,32.45566
mild_alternating,random_10,14-10-5-10-7-14-10-10,0.015,False,network,68,1,6,-179.010801,32.45566
mild_alternating,random_10,14-10-5-10-7-14-10-10,0.0155,False,network,68,1,6,-179.010801,32.45566
mild_alternating,random_10,14-10-5-10-7-14-10-10,0.016,False,network,60,1,6,-179.616343,32.45566
mild_alternating,random_10,14-10-5-10-7-14-10-10,0.0165,False,network,60,1,6,-179.616343,32.45566
mild_alternating,random_10,14-10-5-10-7-14-10-10,0.017,False,network,59,1,6,-179.477662,32.45566
mild_alternating,random_10,14-10-5-10-7-14-10-10,0.0175,False,network,26,1,6,-189.578717,32.44894
mild_alternating,random_10,14-10-5-10-7-14-10-10,0.018,False,network,26,1,6,-189.578717,32.44222
mild_alternating,random_10,14-10-5-10-7-14-10-10,0.0185,False,network,26,1,6,-189.578717,32.44222
mild_alternating,random_10,14-10-5-10-7-14-10-10,0.019,False,network,26,1,6,-189.578717,32.4355
mild_alternating,random_10,14-10-5-10-7-14-10-10,0.0195,False,network,25,1,6,-189.452016,32.4355
mild_alternating,random_10,14-10-5-10-7-14-10-10,0.02,False,network,25,1,6,-189.452016,32.4355
mild_alternating,random_10,14-10-5-10-7-14-10-10,0.0205,False,network,25,1,6,-189.452016,32.4355
mild_alternating,random_10,14-10-5-10-7-14-10-10,0.021,False,network,24,1,6,-189.318562,32.4355
mild_alternating,random_10,14-10-5-10-7-14-10-10,0.0215,False,network,23,1,6,-189.184809,32.4355
mild_alternating,random_10,14-10-5-10-7-14-10-10,0.022,False,network,23,1,6,-189.184809,32.42878
mild_alternating,random_11,10-8-11-11-9-14-8-9,0.006,True,,204,1,5,321.928468,32.64508
mild_alternating,random_11,10-8-11-11-9-14-8-9,0.0065,True,,204,1,5,322.04656,32.63836
mild_alternating,random_11,10-8-11-11-9-14-8-9,0.007,True,,204,1,6,71.784792,33.54682
mild_alternating,random_11,10-8-11-11-9-14-8-9,0.0075,True,,204,1,6,72.025228,33.53338
mild_alternating,random_11,10-8-11-11-9-14-8-9,0.008,True,,204,1,6,72.282252,33.51994
mild_alternating,random_11,10-8-11-11-9-14-8-9,0.0085,True,,204,1,6,72.072909,33.53338
mild_alternating,random_11,10-8-11-11-9-14-8-9,0.009,False,network,167,1,6,-195.681744,33.5065
mild_alternating,random_11,10-8-11-11-9-14-8-9,0.0095,False,network,117,1,6,-162.117473,32.24734
mild_alternating,random_11,10-8-11-11-9-14-8-9,0.01,False,network,116,1,6,-161.977386,32.2339
mild_alternating,random_11,10-8-11-11-9-14-8-9,0.0105,False,network,105,1,6,-170.272289,32.22046
mild_alternating,random_11,10-8-11-11-9-14-8-9,0.011,False,network,103,1,6,-170.009199,32.34814
mild_alternating,random_11,10-8-11-11-9-14-8-9,0.0115,False,network,101,1,6,-169.749531,32.34814
mild_alternating,random_11,10-8-11-11-9-14-8-9,0.012,False,network,74,1,6,-164.644601,32.34142
mild_alternating,random_11,10-8-11-11-9-14-8-9,0.0125,False,network,74,1,6,-164.644601,32.34142
mild_alternating,random_11,10-8-11-11-9-14-8-9,0.013,False,network,73,1,6,-164.505471,32.34142
mild_alternating,random_11,10-8-11-11-9-14-8-9,0.0135,False,network,73,1,6,-164.505471,32.34142
mild_alternating,random_11,10-8-11-11-9-14-8-9,0.014,False,network,71,1,6,-164.245354,32.34142
mild_alternating,random_11,10-8-11-11-9-14-8-9,0.0145,False,network,68,1,6,-163.875385,32.45566
mild_alternating,random_11,10-8-11-11-9-14-8-9,0.015,False,network,68,1,6,-163.875385,32.45566
mild_alternating,random_11,10-8-11-11-9-14-8-9,0.0155,False,network,68,1,6,-163.875385,32.45566
mild_alternating,random_11,10-8-11-11-9-14-8-9,0.016,False,network,60,1,6,-164.476612,32.45566
mild_alternating,random_11,10-8-11-11-9-14-8-9,0.0165,False,network,60,1,6,-164.476612,32.45566
mild_alternating,random_11,10-8-11-11-9-14-8-9,0.017,False,network,59,1,6,-164.341992,32.45566
mild_alternating,random_11,10-8-11-11-9-14-8-9,0.0175,False,network,26,1,6,-174.154677,32.44894
mild_alternating,random_11,10-8-11-11-9-14-8-9,0.018,False,network,26,1,6,-174.154677,32.44222
mild_alternating,random_11,10-8-11-11-9-14-8-9,0.0185,False,network,26,1,6,-174.154677,32.44222
mild_alternating,random_11,10-8-11-11-9-14-8-9,0.019,False,network,26,1,6,-174.154677,32.4355
mild_alternating,random_11,10-8-11-11-9-14-8-9,0.0195,False,network,25,1,6,-174.031486,32.4355
mild_alternating,random_11,10-8-11-11-9-14-8-9,0.02,False,network,25,1,6,-174.031486,32.4355
mild_alternating,random_11,10-8-11-11-9-14-8-9,0.0205,False,network,25,1,6,-174.031486,32.4355
mild_alternating,random_11,10-8-11-11-9-14-8-9,0.021,False,network,24,1,6,-173.901849,32.4355
mild_alternating,random_11,10-8-11-11-9-14-8-9,0.0215,False,network,23,1,6,-173.771927,32.4355
mild_alternating,random_11,10-8-11-11-9-14-8-9,0.022,False,network,23,1,6,-173.771927,32.42878
mild_alternating,random_12,13-11-9-12-8-10-8-9,0.006,True,,204,1,5,321.928468,30.74186
mild_alternating,random_12,13-11-9-12-8-10-8-9,0.0065,True,,204,1,5,322.04656,30.73562
mild_alternating,random_12,13-11-9-12-8-10-8-9,0.007,True,,204,1,6,71.784792,31.57919
mild_alternating,random_12,13-11-9-12-8-10-8-9,0.0075,True,,204,1,6,72.025228,31.56671
mild_alternating,random_12,13-11-9-12-8-10-8-9,0.008,True,,204,1,6,72.282252,31.55423
mild_alternating,random_12,13-11-9-12-8-10-8-9,0.0085,True,,204,1,6,72.072909,31.56671
mild_alternating,random_12,13-11-9-12-8-10-8-9,0.009,False,network,167,1,6,-195.681744,31.54175
mild_alternating,random_12,13-11-9-12-8-10-8-9,0.0095,False,network,117,1,6,-162.117473,30.37253
mild_alternating,random_12,13-11-9-12-8-10-8-9,0.01,False,network,116,1,6,-161.977386,30.36005
mild_alternating,random_12,13-11-9-12-8-10-8-9,0.0105,False,network,105,1,6,-170.272289,30.34757
mild_alternating,random_12,13-11-9-12-8-10-8-9,0.011,False,network,103,1,6,-170.009199,30.46613
mild_alternating,random_12,13-11-9-12-8-10-8-9,0.0115,False,network,101,1,6,-169.749531,30.46613
mild_alternating,random_12,13-11-9-12-8-10-8-9,0.012,False,network,74,1,6,-164.644601,30.45989
mild_alternating,random_12,13-11-9-12-8-10-8-9,0.0125,False,network,74,1,6,-164.644601,30.45989
mild_alternating,random_12,13-11-9-12-8-10-8-9,0.013,False,network,73,1,6,-164.505471,30.45989
mild_alternating,random_12,13-11-9-12-8-10-8-9,0.0135,False,network,73,1,6,-164.505471,30.45989
mild_alternating,random_12,13-11-9-12-8-10-8-9,0.014,False,network,71,1,6,-164.245354,30.45989
mild_alternating,random_12,13-11-9-12-8-10-8-9,0.0145,False,network,68,1,6,-163.875385,30.56597
mild_alternating,random_12,13-11-9-12-8-10-8-9,0.015,False,network,68,1,6,-163.875385,30.56597
mild_alternating,random_12,13-11-9-12-8-10-8-9,0.0155,False,network,68,1,6,-163.875385,30.56597
mild_alternating,random_12,13-11-9-12-8-10-8-9,0.016,False,network,60,1,6,-164.476612,30.56597
mild_alternating,random_12,13-11-9-12-8-10-8-9,0.0165,False,network,60,1,6,-164.476612,30.56597
mild_alternating,random_12,13-11-9-12-8-10-8-9,0.017,False,network,59,1,6,-164.341992,30.56597
mild_alternating,random_12,13-11-9-12-8-10-8-9,0.0175,False,network,26,1,6,-174.154677,30.55973
mild_alternating,random_12,13-11-9-12-8-10-8-9,0.018,False,network,26,1,6,-174.154677,30.55349
mild_alternating,random_12,13-11-9-12-8-10-8-9,0.0185,False,network,26,1,6,-174.154677,30.55349
mild_alternating,random_12,13-11-9-12-8-10-8-9,0.019,False,network,26,1,6,-174.154677,30.54725
mild_alternating,random_12,13-11-9-12-8-10-8-9,0.0195,False,network,25,1,6,-174.031486,30.54725
mild_alternating,random_12,13-11-9-12-8-10-8-9,0.02,False,network,25,1,6,-174.031486,30.54725
mild_alternating,random_12,13-11-9-12-8-10-8-9,0.0205,False,network,25,1,6,-174.031486,30.54725
mild_alternating,random_12,13-11-9-12-8-10-8-9,0.021,False,network,24,1,6,-173.901849,30.54725
mild_alternating,random_12,13-11-9-12-8-10-8-9,0.0215,False,network,23,1,6,-173.771927,30.54725
mild_alternating,random_12,13-11-9-12-8-10-8-9,0.022,False,network,23,1,6,-173.771927,30.54101
mild_alternating,random_13,14-11-13-11-8-8-6-9,0.006,True,,204,1,5,335.83689,32.6518
mild_alternating,random_13,14-11-13-11-8-8-6-9,0.0065,True,,204,1,5,335.957386,32.64508
mild_alternating,random_13,14-11-13-11-8-8-6-9,0.007,True,,204,1,5,336.20563,33.04282
mild_alternating,random_13,14-11-13-11-8-8-6-9,0.0075,True,,204,1,6,90.365427,33.53338
mild_alternating,random_13,14-11-13-11-8-8-6-9,0.008,True,,204,1,6,90.611547,33.51994
mild_alternating,random_13,14-11-13-11-8-8-6-9,0.0085,True,,204,1,6,90.85727,33.5065
mild_alternating,random_13,14-11-13-11-8-8-6-9,0.009,True,,204,1,6,90.641762,33.51994
mild_alternating,random_13,14-11-13-11-8-8-6-9,0.0095,False,network,166,1,6,-172.119047,33.51994
mild_alternating,random_13,14-11-13-11-8-8-6-9,0.01,False,network,116,1,6,-139.973674,32.2339
mild_alternating,random_13,14-11-13-11-8-8-6-9,0.0105,False,network,105,1,6,-147.897707,32.22046
mild_alternating,random_13,14-11-13-11-8-8-6-9,0.011,False,network,103,1,6,-147.645861,32.34814
mild_alternating,random_13,14-11-13-11-8-8-6-9,0.0115,False,network,101,1,6,-147.397193,32.34814
mild_alternating,random_13,14-11-13-11-8-8-6-9,0.012,False,network,101,1,6,-147.397193,32.34142
mild_alternating,random_13,14-11-13-11-8-8-6-9,0.0125,False,network,74,1,6,-142.50481,32.34142
mild_alternating,random_13,14-11-13-11-8-8-6-9,0.013,False,network,73,1,6,-142.37182,32.34142
mild_alternating,random_13,14-11-13-11-8-8-6-9,0.0135,False,network,73,1,6,-142.37182,32.34142
mild_alternating,random_13,14-11-13-11-8-8-6-9,0.014,False,network,71,1,6,-142.12273,32.46238
mild_alternating,random_13,14-11-13-11-8-8-6-9,0.0145,False,network,68,1,6,-141.767936,32.46238
mild_alternating,random_13,14-11-13-11-8-8-6-9,0.015,False,network,68,1,6,-141.767936,32.45566
mild_alternating,random_13,14-11-13-11-8-8-6-9,0.0155,False,network,68,1,6,-141.767936,32.45566
mild_alternating,random_13,14-11-13-11-8-8-6-9,0.016,False,network,60,1,6,-142.363009,32.45566
mild_alternating,random_13,14-11-13-11-8-8-6-9,0.0165,False,network,60,1,6,-142.363009,32.45566
mild_alternating,random_13,14-11-13-11-8-8-6-9,0.017,False,network,60,1,6,-142.363009,32.45566
mild_alternating,random_13,14-11-13-11-8-8-6-9,0.0175,False,network,59,1,6,-142.234213,32.45566
mild_alternating,random_13,14-11-13-11-8-8-6-9,0.018,False,network,26,1,6,-151.632438,32.44894
mild_alternating,random_13,14-11-13-11-8-8-6-9,0.0185,False,network,26,1,6,-151.632438,32.44222
mild_alternating,random_13,14-11-13-11-8-8-6-9,0.019,False,network,26,1,6,-151.632438,32.4355
mild_alternating,random_13,14-11-13-11-8-8-6-9,0.0195,False,network,25,1,6,-151.514296,32.4355
mild_alternating,random_13,14-11-13-11-8-8-6-9,0.02,False,network,25,1,6,-151.514296,32.4355
mild_alternating,random_13,14-11-13-11-8-8-6-9,0.0205,False,network,25,1,6,-151.514296,32.4355
mild_alternating,random_13,14-11-13-11-8-8-6-9,0.021,False,network,25,1,6,-151.514296,32.4355
mild_alternating,random_13,14-11-13-11-8-8-6-9,0.0215,False,network,24,1,6,-151.390142,32.4355
mild_alternating,random_13,14-11-13-11-8-8-6-9,0.022,False,network,23,1,6,-151.265721,32.4355
mild_alternating,random_14,12-10-11-9-10-11-10-7,0.006,True,,204,1,4,574.843506,28.5276
mild_alternating,random_14,12-10-11-9-10-11-10-7,0.0065,True,,204,1,5,345.074519,28.83864
mild_alternating,random_14,12-10-11-9-10-11-10-7,0.007,True,,204,1,5,345.301734,29.17956
mild_alternating,random_14,12-10-11-9-10-11-10-7,0.0075,True,,204,1,6,102.275769,29.60004
mild_alternating,random_14,12-10-11-9-10-11-10-7,0.008,True,,204,1,6,102.514928,29.58852
mild_alternating,random_14,12-10-11-9-10-11-10-7,0.0085,True,,204,1,6,102.637983,29.58276
mild_alternating,random_14,12-10-11-9-10-11-10-7,0.009,True,,204,1,6,102.427931,29.59428
mild_alternating,random_14,12-10-11-9-10-11-10-7,0.0095,False,network,166,1,6,-156.917403,29.58852
mild_alternating,random_14,12-10-11-9-10-11-10-7,0.01,False,network,116,1,6,-125.684135,28.4862
mild_alternating,random_14,12-10-11-9-10-11-10-7,0.0105,False,network,116,1,6,-125.684135,28.47468
mild_alternating,random_14,12-10-11-9-10-11-10-7,0.011,False,network,103,1,6,-133.126823,28.58412
mild_alternating,random_14,12-10-11-9-10-11-10-7,0.0115,False,network,101,1,6,-132.885176,28.58412
mild_alternating,random_14,12-10-11-9-10-11-10-7,0.012,False,network,101,1,6,-132.885176,28.57836
mild_alternating,random_14,12-10-11-9-10-11-10-7,0.0125,False,network,74,1,6,-128.128513,28.57836
mild_alternating,random_14,12-10-11-9-10-11-10-7,0.013,False,network,74,1,6,-128.128513,28.57836
mild_alternating,random_14,12-10-11-9-10-11-10-7,0.0135,False,network,73,1,6,-127.999433,28.57836
mild_alternating,random_14,12-10-11-9-10-11-10-7,0.014,False,network,71,1,6,-127.757383,28.57836
mild_alternating,random_14,12-10-11-9-10-11-10-7,0.0145,False,network,68,1,6,-127.412293,28.68204
mild_alternating,random_14,12-10-11-9-10-11-10-7,0.015,False,network,68,1,6,-127.412293,28.67628
mild_alternating,random_14,12-10-11-9-10-11-10-7,0.0155,False,network,68,1,6,-127.412293,28.67628
mild_alternating,random_14,12-10-11-9-10-11-10-7,0.016,False,network,60,1,6,-128.00346,28.67628
mild_alternating,random_14,12-10-11-9-10-11-10-7,0.0165,False,network,60,1,6,-128.00346,28.67628
mild_alternating,random_14,12-10-11-9-10-11-10-7,0.017,False,network,60,1,6,-128.00346,28.67628
mild_alternating,random_14,12-10-11-9-10-11-10-7,0.0175,False,network,59,1,6,-127.878378,28.67628
mild_alternating,random_14,12-10-11-9-10-11-10-7,0.018,False,network,26,1,6,-137.011765,28.67052
mild_alternating,random_14,12-10-11-9-10-11-10-7,0.0185,False,network,26,1,6,-137.011765,28.66476
mild_alternating,random_14,12-10-11-9-10-11-10-7,0.019,False,network,26,1,6,-137.011765,28.66476
mild_alternating,random_14,12-10-11-9-10-11-10-7,0.0195,False,network,26,1,6,-137.011765,28.659
mild_alternating,random_14,12-10-11-9-10-11-10-7,0.02,False,network,25,1,6,-136.896853,28.659
mild_alternating,random_14,12-10-11-9-10-11-10-7,0.0205,False,network,25,1,6,-136.896853,28.659
mild_alternating,random_14,12-10-11-9-10-11-10-7,0.021,False,network,25,1,6,-136.896853,28.659
mild_alternating,random_14,12-10-11-9-10-11-10-7,0.0215,False,network,24,1,6,-136.776198,28.659
mild_alternating,random_14,12-10-11-9-10-11-10-7,0.022,False,network,23,1,6,-136.655289,28.659
mild_alternating,random_15,12-6-11-11-9-9-10-12,0.006,True,,204,1,4,571.515797,28.5276
mild_alternating,random_15,12-6-11-11-9-9-10-12,0.0065,True,,204,1,5,340.539023,28.83864
mild_alternating,random_15,12-6-11-11-9-9-10-12,0.007,True,,204,1,5,340.779974,29.17956
mild_alternating,random_15,12-6-11-11-9-9-10-12,0.0075,True,,204,1,6,96.351584,29.60004
mild_alternating,random_15,12-6-11-11-9-9-10-12,0.008,True,,204,1,6,96.594193,29.58852
mild_alternating,random_15,12-6-11-11-9-9-10-12,0.0085,True,,204,1,6,96.719056,29.58276
mild_alternating,random_15,12-6-11-11-9-9-10-12,0.009,True,,204,1,6,96.506235,29.59428
mild_alternating,random_15,12-6-11-11-9-9-10-12,0.0095,False,network,166,1,6,-164.477106,29.58852
mild_alternating,random_15,12-6-11-11-9-9-10-12,0.01,False,network,116,1,6,-132.791735,28.4862
mild_alternating,random_15,12-6-11-11-9-9-10-12,0.0105,False,network,115,1,6,-132.674252,28.47468
mild_alternating,random_15,12-6-11-11-9-9-10-12,0.011,False,network,103,1,6,-140.348178,28.58412
mild_alternating,random_15,12-6-11-11-9-9-10-12,0.0115,False,network,101,1,6,-140.103051,28.58412
mild_alternating,random_15,12-6-11-11-9-9-10-12,0.012,False,network,101,1,6,-140.103051,28.57836
mild_alternating,random_15,12-6-11-11-9-9-10-12,0.0125,False,network,74,1,6,-135.279108,28.57836
mild_alternating,random_15,12-6-11-11-9-9-10-12,0.013,False,network,73,1,6,-135.148091,28.57836
mild_alternating,random_15,12-6-11-11-9-9-10-12,0.0135,False,network,73,1,6,-135.148091,28.57836
mild_alternating,random_15,12-6-11-11-9-9-10-12,0.014,False,network,71,1,6,-134.902551,28.57836
mild_alternating,random_15,12-6-11-11-9-9-10-12,0.0145,False,network,68,1,6,-134.552649,28.68204
mild_alternating,random_15,12-6-11-11-9-9-10-12,0.015,False,network,68,1,6,-134.552649,28.67628
mild_alternating,random_15,12-6-11-11-9-9-10-12,0.0155,False,network,68,1,6,-134.552649,28.67628
mild_alternating,random_15,12-6-11-11-9-9-10-12,0.016,False,network,60,1,6,-135.14575,28.67628
mild_alternating,random_15,12-6-11-11-9-9-10-12,0.0165,False,network,60,1,6,-135.14575,28.67628
mild_alternating,random_15,12-6-11-11-9-9-10-12,0.017,False,network,60,1,6,-135.14575,28.67628
mild_alternating,random_15,12-6-11-11-9-9-10-12,0.0175,False,network,59,1,6,-135.018828,28.67628
mild_alternating,random_15,12-6-11-11-9-9-10-12,0.018,False,network,26,1,6,-144.28352,28.67052
mild_alternating,random_15,12-6-11-11-9-9-10-12,0.0185,False,network,26,1,6,-144.28352,28.66476
mild_alternating,random_15,12-6-11-11-9-9-10-12,0.019,False,network,26,1,6,-144.28352,28.659
mild_alternating,random_15,12-6-11-11-9-9-10-12,0.0195,False,network,25,1,6,-144.167006,28.659
mild_alternating,random_15,12-6-11-11-9-9-10-12,0.02,False,network,25,1,6,-144.167006,28.659
mild_alternating,random_15,12-6-11-11-9-9-10-12,0.0205,False,network,25,1,6,-144.167006,28.659
mild_alternating,random_15,12-6-11-11-9-9-10-12,0.021,False,network,25,1,6,-144.167006,28.659
mild_alternating,random_15,12-6-11-11-9-9-10-12,0.0215,False,network,24,1,6,-144.044616,28.659
mild_alternating,random_15,12-6-11-11-9-9-10-12,0.022,False,network,23,1,6,-143.921966,28.659
mild_alternating,random_16,7-10-12-13-10-10-8-10,0.006,True,,204,1,5,317.15503,30.74186
mild_alternating,random_16,7-10-12-13-10-10-8-10,0.0065,True,,204,1,5,317.274774,30.73562
mild_alternating,random_16,7-10-12-13-10-10-8-10,0.007,True,,204,1,5,65.537371,31.57919
mild_alternating,random_16,7-10-12-13-10-10-8-10,0.0075,True,,204,1,6,65.781181,31.56671
mild_alternating,random_16,7-10-12-13-10-10-8-10,0.008,True,,204,1,6,66.041969,31.55423
mild_alternating,random_16,7-10-12-13-10-10-8-10,0.0085,True,,204,1,6,65.829989,31.56671
mild_alternating,random_16,7-10-12-13-10-10-8-10,0.009,False,network,167,1,6,-203.66835,31.56047
mild_alternating,random_16,7-10-12-13-10-10-8-10,0.0095,False,network,117,1,6,-169.610906,30.36629
mild_alternating,random_16,7-10-12-13-10-10-8-10,0.01,False,network,116,1,6,-169.468673,30.36005
mild_alternating,random_16,7-10-12-13-10-10-8-10,0.0105,False,network,105,1,6,-177.89162,30.34757
mild_alternating,random_16,7-10-12-13-10-10-8-10,0.011,False,network,102,1,6,-177.498902,30.46613
mild_alternating,random_16,7-10-12-13-10-10-8-10,0.0115,False,network,101,1,6,-177.361183,30.46613
mild_alternating,random_16,7-10-12-13-10-10-8-10,0.012,False,network,74,1,6,-172.182905,30.45989
mild_alternating,random_16,7-10-12-13-10-10-8-10,0.0125,False,network,74,1,6,-172.182905,30.45989
mild_alternating,random_16,7-10-12-13-10-10-8-10,0.013,False,network,73,1,6,-172.041651,30.45989
mild_alternating,random_16,7-10-12-13-10-10-8-10,0.0135,False,network,73,1,6,-172.041651,30.45989
mild_alternating,random_16,7-10-12-13-10-10-8-10,0.014,False,network,71,1,6,-171.777727,30.57221
mild_alternating,random_16,7-10-12-13-10-10-8-10,0.0145,False,network,68,1,6,-171.402528,30.56597
mild_alternating,random_16,7-10-12-13-10-10-8-10,0.015,False,network,68,1,6,-171.402528,30.56597
mild_alternating,random_16,7-10-12-13-10-10-8-10,0.0155,False,network,68,1,6,-171.402528,30.56597
mild_alternating,random_16,7-10-12-13-10-10-8-10,0.016,False,network,60,1,6,-172.005891,30.56597
mild_alternating,random_16,7-10-12-13-10-10-8-10,0.0165,False,network,60,1,6,-172.005891,30.56597
mild_alternating,random_16,7-10-12-13-10-10-8-10,0.017,False,network,59,1,6,-171.869258,30.56597
mild_alternating,random_16,7-10-12-13-10-10-8-10,0.0175,False,network,26,1,6,-181.824887,30.55973
mild_alternating,random_16,7-10-12-13-10-10-8-10,0.018,False,network,26,1,6,-181.824887,30.55349
mild_alternating,random_16,7-10-12-13-10-10-8-10,0.0185,False,network,26,1,6,-181.824887,30.55349
mild_alternating,random_16,7-10-12-13-10-10-8-10,0.019,False,network,26,1,6,-181.824887,30.54725
mild_alternating,random_16,7-10-12-13-10-10-8-10,0.0195,False,network,25,1,6,-181.699956,30.54725
mild_alternating,random_16,7-10-12-13-10-10-8-10,0.02,False,network,25,1,6,-181.699956,30.54725
mild_alternating,random_16,7-10-12-13-10-10-8-10,0.0205,False,network,25,1,6,-181.699956,30.54725
mild_alternating,random_16,7-10-12-13-10-10-8-10,0.021,False,network,24,1,6,-181.568427,30.54725
mild_alternating,random_16,7-10-12-13-10-10-8-10,0.0215,False,network,23,1,6,-181.436607,30.54725
mild_alternating,random_16,7-10-12-13-10-10-8-10,0.022,False,network,23,1,6,-181.436607,30.54101
mild_alternating,random_17,7-15-8-10-10-10-8-12,0.006,True,,204,1,5,297.554979,34.5483
mild_alternating,random_17,7-15-8-10-10-10-8-12,0.0065,True,,204,1,5,297.681616,34.5411
mild_alternating,random_17,7-15-8-10-10-10-8-12,0.007,True,,204,1,6,39.997486,35.50725
mild_alternating,random_17,7-15-8-10-10-10-8-12,0.0075,True,,204,1,6,40.123172,35.50005
mild_alternating,random_17,7-15-8-10-10-10-8-12,0.008,True,,204,1,6,40.399703,35.48565
mild_alternating,random_17,7-15-8-10-10-10-8-12,0.0085,True,,204,1,6,40.302616,35.49285
mild_alternating,random_17,7-15-8-10-10-10-8-12,0.009,False,network,166,1,6,-236.383801,35.48565
mild_alternating,random_17,7-15-8-10-10-10-8-12,0.0095,False,network,116,1,6,-200.251676,34.10775
mild_alternating,random_17,7-15-8-10-10-10-8-12,0.01,False,network,116,1,6,-200.251676,34.09335
mild_alternating,random_17,7-15-8-10-10-10-8-12,0.0105,False,network,104,1,6,-209.077943,34.23015
mild_alternating,random_17,7-15-8-10-10-10-8-12,0.011,False,network,102,1,6,-208.793979,34.23015
mild_alternating,random_17,7-15-8-10-10-10-8-12,0.0115,False,network,101,1,6,-208.647722,34.22295
mild_alternating,random_17,7-15-8-10-10-10-8-12,0.012,False,network,74,1,6,-203.162784,34.22295
mild_alternating,random_17,7-15-8-10-10-10-8-12,0.0125,False,network,74,1,6,-203.162784,34.22295
mild_alternating,random_17,7-15-8-10-10-10-8-12,0.013,False,network,73,1,6,-203.012628,34.22295
mild_alternating,random_17,7-15-8-10-10-10-8-12,0.0135,False,network,71,1,6,-202.732785,34.22295
mild_alternating,random_17,7-15-8-10-10-10-8-12,0.014,False,network,68,1,6,-202.335754,34.35255
mild_alternating,random_17,7-15-8-10-10-10-8-12,0.0145,False,network,68,1,6,-202.335754,34.34535
mild_alternating,random_17,7-15-8-10-10-10-8-12,0.015,False,network,68,1,6,-202.335754,34.34535
mild_alternating,random_17,7-15-8-10-10-10-8-12,0.0155,False,network,60,1,6,-202.948112,34.34535
mild_alternating,random_17,7-15-8-10-10-10-8-12,0.016,False,network,60,1,6,-202.948112,34.34535
mild_alternating,random_17,7-15-8-10-10-10-8-12,0.0165,False,network,60,1,6,-202.948112,34.34535
mild_alternating,random_17,7-15-8-10-10-10-8-12,0.017,False,network,59,1,6,-202.803054,34.34535
mild_alternating,random_17,7-15-8-10-10-10-8-12,0.0175,False,network,26,1,6,-213.355853,34.33815
mild_alternating,random_17,7-15-8-10-10-10-8-12,0.018,False,network,26,1,6,-213.355853,34.33095
mild_alternating,random_17,7-15-8-10-10-10-8-12,0.0185,False,network,26,1,6,-213.355853,34.32375
mild_alternating,random_17,7-15-8-10-10-10-8-12,0.019,False,network,25,1,6,-213.223658,34.32375
mild_alternating,random_17,7-15-8-10-10-10-8-12,0.0195,False,network,25,1,6,-213.223658,34.32375
mild_alternating,random_17,7-15-8-10-10-10-8-12,0.02,False,network,25,1,6,-213.223658,34.32375
mild_alternating,random_17,7-15-8-10-10-10-8-12,0.0205,False,network,24,1,6,-213.084219,34.32375
mild_alternating,random_17,7-15-8-10-10-10-8-12,0.021,False,network,24,1,6,-213.084219,34.32375
mild_alternating,random_17,7-15-8-10-10-10-8-12,0.0215,False,network,23,1,6,-212.944458,34.31655
mild_alternating,random_17,7-15-8-10-10-10-8-12,0.022,False,network,23,1,6,-212.944458,34.31655
single_slow_stage,uniform,10-10-10-10-10-10-10-10,0.006,True,,204,1,5,223.866264,25.0322
single_slow_stage,uniform,10-10-10-10-10-10-10-10,0.0065,True,,204,1,5,224.307746,25.3163
single_slow_stage,uniform,10-10-10-10-10-10-10-10,0.007,False,network,162,1,5,-56.623147,25.4027
single_slow_stage,uniform,10-10-10-10-10-10-10-10,0.0075,False,network,160,1,5,-56.283251,25.3979
single_slow_stage,uniform,10-10-10-10-10-10-10-10,0.008,False,network,110,1,5,-29.802445,24.4745
single_slow_stage,uniform,10-10-10-10-10-10-10-10,0.0085,False,network,109,1,5,-29.626125,24.4745
single_slow_stage,uniform,10-10-10-10-10-10-10-10,0.009,False,network,97,1,5,-35.491924,24.4601
single_slow_stage,uniform,10-10-10-10-10-10-10-10,0.0095,False,network,69,1,5,-18.575038,24.3449
single_slow_stage,uniform,10-10-10-10-10-10-10-10,0.01,False,network,69,1,5,-18.575038,24.8201
single_slow_stage,uniform,10-10-10-10-10-10-10-10,0.0105,False,network,68,1,5,-18.422511,24.8201
single_slow_stage,uniform,10-10-10-10-10-10-10-10,0.011,False,network,66,1,5,-18.100719,24.8153
single_slow_stage,uniform,10-10-10-10-10-10-10-10,0.0115,False,network,66,1,5,-18.100719,24.8153
single_slow_stage,uniform,10-10-10-10-10-10-10-10,0.012,False,network,66,1,5,-18.100719,24.8153
single_slow_stage,uniform,10-10-10-10-10-10-10-10,0.0125,False,network,66,1,5,-18.100719,24.8153
single_slow_stage,uniform,10-10-10-10-10-10-10-10,0.013,False,network,23,1,5,-47.98239,24.8153
single_slow_stage,uniform,10-10-10-10-10-10-10-10,0.0135,False,network,22,1,5,-47.820282,24.8057
single_slow_stage,uniform,10-10-10-10-10-10-10-10,0.014,False,network,21,1,5,-47.667942,24.7961
single_slow_stage,uniform,10-10-10-10-10-10-10-10,0.0145,False,network,21,1,5,-47.667942,24.7961
single_slow_stage,uniform,10-10-10-10-10-10-10-10,0.015,False,network,21,1,5,-47.667942,24.7961
single_slow_stage,uniform,10-10-10-10-10-10-10-10,0.0155,False,network,21,1,5,-47.667942,24.7961
single_slow_stage,uniform,10-10-10-10-10-10-10-10,0.016,False,network,21,1,5,-47.667942,24.7961
single_slow_stage,uniform,10-10-10-10-10-10-10-10,0.0165,False,network,21,1,5,-47.667942,24.7961
single_slow_stage,uniform,10-10-10-10-10-10-10-10,0.017,False,network,20,1,5,-47.506039,24.7961
single_slow_stage,uniform,10-10-10-10-10-10-10-10,0.0175,False,network,19,1,5,-47.337612,24.7961
single_slow_stage,uniform,10-10-10-10-10-10-10-10,0.018,False,network,19,1,5,-47.337612,24.7961
single_slow_stage,uniform,10-10-10-10-10-10-10-10,0.0185,False,network,19,1,5,-47.337612,24.7913
single_slow_stage,uniform,10-10-10-10-10-10-10-10,0.019,False,network,19,1,5,-47.337612,24.7913
single_slow_stage,uniform,10-10-10-10-10-10-10-10,0.0195,False,network,19,1,5,-47.337612,24.7913
single_slow_stage,uniform,10-10-10-10-10-10-10-10,0.02,False,network,19,1,5,-47.337612,24.7913
single_slow_stage,uniform,10-10-10-10-10-10-10-10,0.0205,False,network,18,1,5,-47.185458,24.7865
single_slow_stage,uniform,10-10-10-10-10-10-10-10,0.021,False,network,18,1,5,-47.185458,24.7865
single_slow_stage,uniform,10-10-10-10-10-10-10-10,0.0215,False,network,18,1,5,-47.185458,24.7865
single_slow_stage,uniform,10-10-10-10-10-10-10-10,0.022,False,network,18,1,5,-47.185458,24.7865
single_slow_stage,compute_balanced,11-11-11-6-11-10-10-10,0.006,True,,204,1,5,282.323849,26.93542
single_slow_stage,compute_balanced,11-11-11-6-11-10-10-10,0.0065,True,,204,1,5,282.455961,26.93014
single_slow_stage,compute_balanced,11-11-11-6-11-10-10-10,0.007,True,,204,1,6,20.162701,27.63337
single_slow_stage,compute_balanced,11-11-11-6-11-10-10-10,0.0075,True,,204,1,6,20.302159,27.62809
single_slow_stage,compute_balanced,11-11-11-6-11-10-10-10,0.008,True,,204,1,6,20.601058,27.61753
single_slow_stage,compute_balanced,11-11-11-6-11-10-10-10,0.0085,True,,204,1,6,20.351467,27.62809
single_slow_stage,compute_balanced,11-11-11-6-11-10-10-10,0.009,False,network,166,1,6,-261.977554,27.62281
single_slow_stage,compute_balanced,11-11-11-6-11-10-10-10,0.0095,False,network,116,1,6,-224.198931,26.61235
single_slow_stage,compute_balanced,11-11-11-6-11-10-10-10,0.01,False,network,116,1,6,-224.198931,26.60179
single_slow_stage,compute_balanced,11-11-11-6-11-10-10-10,0.0105,False,network,103,1,6,-233.288655,26.70211
single_slow_stage,compute_balanced,11-11-11-6-11-10-10-10,0.011,False,network,101,1,6,-232.996649,26.70211
single_slow_stage,compute_balanced,11-11-11-6-11-10-10-10,0.0115,False,network,101,1,6,-232.996649,26.69683
single_slow_stage,compute_balanced,11-11-11-6-11-10-10-10,0.012,False,network,74,1,6,-227.267293,26.69683
single_slow_stage,compute_balanced,11-11-11-6-11-10-10-10,0.0125,False,network,73,1,6,-227.110014,26.69683
single_slow_stage,compute_balanced,11-11-11-6-11-10-10-10,0.013,False,network,73,1,6,-227.110014,26.69683
single_slow_stage,compute_balanced,11-11-11-6-11-10-10-10,0.0135,False,network,71,1,6,-226.817476,26.79187
single_slow_stage,compute_balanced,11-11-11-6-11-10-10-10,0.014,False,network,68,1,6,-226.403086,26.78659
single_slow_stage,compute_balanced,11-11-11-6-11-10-10-10,0.0145,False,network,68,1,6,-226.403086,26.78659
single_slow_stage,compute_balanced,11-11-11-6-11-10-10-10,0.015,False,network,68,1,6,-226.403086,26.78659
single_slow_stage,compute_balanced,11-11-11-6-11-10-10-10,0.0155,False,network,60,1,6,-227.022696,26.78659
single_slow_stage,compute_balanced,11-11-11-6-11-10-10-10,0.016,False,network,60,1,6,-227.022696,26.78659
single_slow_stage,compute_balanced,11-11-11-6-11-10-10-10,0.0165,False,network,59,1,6,-226.870908,26.78659
single_slow_stage,compute_balanced,11-11-11-6-11-10-10-10,0.017,False,network,26,1,6,-237.899146,26.78131
single_slow_stage,compute_balanced,11-11-11-6-11-10-10-10,0.0175,False,network,26,1,6,-237.899146,26.77603
single_slow_stage,compute_balanced,11-11-11-6-11-10-10-10,0.018,False,network,26,1,6,-237.899146,26.77603
single_slow_stage,compute_balanced,11-11-11-6-11-10-10-10,0.0185,False,network,26,1,6,-237.899146,26.77075
single_slow_stage,compute_balanced,11-11-11-6-11-10-10-10,0.019,False,network,25,1,6,-237.761175,26.77075
single_slow_stage,compute_balanced,11-11-11-6-11-10-10-10,0.0195,False,network,25,1,6,-237.761175,26.77075
single_slow_stage,compute_balanced,11-11-11-6-11-10-10-10,0.02,False,network,25,1,6,-237.761175,26.77075
single_slow_stage,compute_balanced,11-11-11-6-11-10-10-10,0.0205,False,network,24,1,6,-237.615429,26.77075
single_slow_stage,compute_balanced,11-11-11-6-11-10-10-10,0.021,False,network,23,1,6,-237.469337,26.77075
single_slow_stage,compute_balanced,11-11-11-6-11-10-10-10,0.0215,False,network,23,1,6,-237.469337,26.76547
single_slow_stage,compute_balanced,11-11-11-6-11-10-10-10,0.022,False,network,23,1,6,-237.469337,26.76547
single_slow_stage,random_00,8-12-8-9-10-9-13-11,0.006,True,,204,1,5,239.139161,30.74186
single_slow_stage,random_00,8-12-8-9-10-9-13-11,0.0065,True,,204,1,5,239.552658,31.11119
single_slow_stage,random_00,8-12-8-9-10-9-13-11,0.007,False,network,162,1,5,-36.53459,31.22351
single_slow_stage,random_00,8-12-8-9-10-9-13-11,0.0075,False,network,160,1,5,-36.208373,31.21727
single_slow_stage,random_00,8-12-8-9-10-9-13-11,0.008,False,network,111,1,5,-10.894538,30.01685
single_slow_stage,random_00,8-12-8-9-10-9-13-11,0.0085,False,network,110,1,5,-10.747586,30.01685
single_slow_stage,random_00,8-12-8-9-10-9-13-11,0.009,False,network,98,1,5,-16.363309,30.00437
single_slow_stage,random_00,8-12-8-9-10-9-13-11,0.0095,False,network,96,1,6,-16.047011,30.11045
single_slow_stage,random_00,8-12-8-9-10-9-13-11,0.01,False,network,86,1,6,-17.552221,30.46613
single_slow_stage,random_00,8-12-8-9-10-9-13-11,0.0105,False,network,77,1,6,-17.054845,30.46613
single_slow_stage,random_00,8-12-8-9-10-9-13-11,0.011,False,network,76,1,6,-16.907893,30.46613
single_slow_stage,random_00,8-12-8-9-10-9-13-11,0.0115,False,network,74,1,6,-295.754457,30.45989
single_slow_stage,random_00,8-12-8-9-10-9-13-11,0.012,False,network,74,1,6,-295.754457,30.45989
single_slow_stage,random_00,8-12-8-9-10-9-13-11,0.0125,False,network,73,1,6,-295.575993,30.45989
single_slow_stage,random_00,8-12-8-9-10-9-13-11,0.013,False,network,57,1,5,-14.198893,30.45989
single_slow_stage,random_00,8-12-8-9-10-9-13-11,0.0135,False,network,23,1,5,-28.222899,30.45365
single_slow_stage,random_00,8-12-8-9-10-9-13-11,0.014,False,network,21,1,5,-27.920529,30.43493
single_slow_stage,random_00,8-12-8-9-10-9-13-11,0.0145,False,network,21,1,5,-27.920529,30.43493
single_slow_stage,random_00,8-12-8-9-10-9-13-11,0.015,False,network,21,1,5,-27.920529,30.43493
single_slow_stage,random_00,8-12-8-9-10-9-13-11,0.0155,False,network,21,1,5,-27.920529,30.43493
single_slow_stage,random_00,8-12-8-9-10-9-13-11,0.016,False,network,21,1,5,-27.920529,30.43493
single_slow_stage,random_00,8-12-8-9-10-9-13-11,0.0165,False,network,21,1,5,-27.920529,30.43493
single_slow_stage,random_00,8-12-8-9-10-9-13-11,0.017,False,network,20,1,5,-27.764952,30.43493
single_slow_stage,random_00,8-12-8-9-10-9-13-11,0.0175,False,network,20,1,5,-27.764952,30.43493
single_slow_stage,random_00,8-12-8-9-10-9-13-11,0.018,False,network,19,1,5,-27.603263,30.43493
single_slow_stage,random_00,8-12-8-9-10-9-13-11,0.0185,False,network,19,1,5,-27.603263,30.42869
single_slow_stage,random_00,8-12-8-9-10-9-13-11,0.019,False,network,19,1,5,-27.603263,30.42869
single_slow_stage,random_00,8-12-8-9-10-9-13-11,0.0195,False,network,19,1,5,-27.603263,30.42869
single_slow_stage,random_00,8-12-8-9-10-9-13-11,0.02,False,network,19,1,5,-27.603263,30.42869
single_slow_stage,random_00,8-12-8-9-10-9-13-11,0.0205,False,network,18,1,5,-27.456837,30.42245
single_slow_stage,random_00,8-12-8-9-10-9-13-11,0.021,False,network,18,1,5,-27.456837,30.42245
single_slow_stage,random_00,8-12-8-9-10-9-13-11,0.0215,False,network,18,1,5,-27.456837,30.42245
single_slow_stage,random_00,8-12-8-9-10-9-13-11,0.022,False,network,18,1,5,-27.456837,30.42245
single_slow_stage,random_01,9-14-9-8-9-10-12-9,0.006,True,,204,1,5,253.960039,32.64508
single_slow_stage,random_01,9-14-9-8-9-10-12-9,0.0065,True,,204,1,5,254.102628,32.63836
single_slow_stage,random_01,9-14-9-8-9-10-12-9,0.007,False,network,162,1,5,-17.058942,33.16378
single_slow_stage,random_01,9-14-9-8-9-10-12-9,0.0075,False,network,160,1,5,-16.745725,33.15706
single_slow_stage,random_01,9-14-9-8-9-10-12-9,0.008,False,network,158,1,6,-16.433096,33.15034
single_slow_stage,random_01,9-14-9-8-9-10-12-9,0.0085,False,network,158,1,6,-16.433096,33.14362
single_slow_stage,random_01,9-14-9-8-9-10-12-9,0.009,False,network,127,1,6,-11.26769,32.51068
single_slow_stage,random_01,9-14-9-8-9-10-12-9,0.0095,False,network,116,1,6,-268.854603,32.2339
single_slow_stage,random_01,9-14-9-8-9-10-12-9,0.01,False,network,105,1,6,-279.062118,32.22046
single_slow_stage,random_01,9-14-9-8-9-10-12-9,0.0105,False,network,103,1,6,-278.740991,32.34814
single_slow_stage,random_01,9-14-9-8-9-10-12-9,0.011,False,network,101,1,6,-278.42465,32.34814
single_slow_stage,random_01,9-14-9-8-9-10-12-9,0.0115,False,network,74,1,6,-272.225812,32.34142
single_slow_stage,random_01,9-14-9-8-9-10-12-9,0.012,False,network,74,1,6,-272.225812,32.34142
single_slow_stage,random_01,9-14-9-8-9-10-12-9,0.0125,False,network,73,1,6,-272.054785,32.34142
single_slow_stage,random_01,9-14-9-8-9-10-12-9,0.013,False,network,73,1,6,-272.054785,32.34142
single_slow_stage,random_01,9-14-9-8-9-10-12-9,0.0135,False,network,23,1,5,-9.05995,32.3347
single_slow_stage,random_01,9-14-9-8-9-10-12-9,0.014,False,network,21,1,5,-8.769091,32.31454
single_slow_stage,random_01,9-14-9-8-9-10-12-9,0.0145,False,network,21,1,5,-8.769091,32.31454
single_slow_stage,random_01,9-14-9-8-9-10-12-9,0.015,False,network,21,1,5,-8.769091,32.31454
single_slow_stage,random_01,9-14-9-8-9-10-12-9,0.0155,False,network,21,1,5,-8.769091,32.31454
single_slow_stage,random_01,9-14-9-8-9-10-12-9,0.016,False,network,21,1,5,-8.769091,32.31454
single_slow_stage,random_01,9-14-9-8-9-10-12-9,0.0165,False,network,21,1,5,-8.769091,32.31454
single_slow_stage,random_01,9-14-9-8-9-10-12-9,0.017,False,network,21,1,5,-8.769091,32.31454
single_slow_stage,random_01,9-14-9-8-9-10-12-9,0.0175,False,network,20,1,5,-8.619537,32.31454
single_slow_stage,random_01,9-14-9-8-9-10-12-9,0.018,False,network,19,1,5,-8.464254,32.31454
single_slow_stage,random_01,9-14-9-8-9-10-12-9,0.0185,False,network,19,1,5,-8.464254,32.31454
single_slow_stage,random_01,9-14-9-8-9-10-12-9,0.019,False,network,19,1,5,-8.464254,32.30782
single_slow_stage,random_01,9-14-9-8-9-10-12-9,0.0195,False,network,19,1,5,-8.464254,32.30782
single_slow_stage,random_01,9-14-9-8-9-10-12-9,0.02,False,network,19,1,5,-8.464254,32.30782
single_slow_stage,random_01,9-14-9-8-9-10-12-9,0.0205,False,network,19,1,5,-8.464254,32.30782
single_slow_stage,random_01,9-14-9-8-9-10-12-9,0.021,False,network,18,1,5,-8.323294,32.3011
single_slow_stage,random_01,9-14-9-8-9-10-12-9,0.0215,False,network,18,1,5,-8.323294,32.3011
single_slow_stage,random_01,9-14-9-8-9-10-12-9,0.022,False,network,18,1,5,-8.323294,32.3011
single_slow_stage,random_02,10-8-13-7-14-13-9-6,0.006,True,,204,1,5,268.348712,32.64508
single_slow_stage,random_02,10-8-13-7-14-13-9-6,0.0065,True,,204,1,5,268.485941,32.63836
single_slow_stage,random_02,10-8-13-7-14-13-9-6,0.007,True,,204,1,6,1.831477,33.53338
single_slow_stage,random_02,10-8-13-7-14-13-9-6,0.0075,True,,204,1,6,1.976479,33.52666
single_slow_stage,random_02,10-8-13-7-14-13-9-6,0.008,True,,204,1,6,2.2878,33.51322
single_slow_stage,random_02,10-8-13-7-14-13-9-6,0.0085,True,,204,1,6,2.029048,33.52666
single_slow_stage,random_02,10-8-13-7-14-13-9-6,0.009,False,network,146,1,6,-7.189078,33.1369
single_slow_stage,random_02,10-8-13-7-14-13-9-6,0.0095,False,network,116,1,6,-246.191391,32.2339
single_slow_stage,random_02,10-8-13-7-14-13-9-6,0.01,False,network,105,1,6,-255.977894,32.22046
single_slow_stage,random_02,10-8-13-7-14-13-9-6,0.0105,False,network,103,1,6,-255.66955,32.34814
single_slow_stage,random_02,10-8-13-7-14-13-9-6,0.011,False,network,101,1,6,-255.365677,32.34814
single_slow_stage,random_02,10-8-13-7-14-13-9-6,0.0115,False,network,74,1,6,-249.407337,32.34142
single_slow_stage,random_02,10-8-13-7-14-13-9-6,0.012,False,network,74,1,6,-249.407337,32.34142
single_slow_stage,random_02,10-8-13-7-14-13-9-6,0.0125,False,network,73,1,6,-249.243364,32.34142
single_slow_stage,random_02,10-8-13-7-14-13-9-6,0.013,False,network,72,1,6,-249.084868,32.34142
single_slow_stage,random_02,10-8-13-7-14-13-9-6,0.0135,False,network,70,1,6,-248.795556,32.46238
single_slow_stage,random_02,10-8-13-7-14-13-9-6,0.014,False,network,68,1,6,-248.508306,32.45566
single_slow_stage,random_02,10-8-13-7-14-13-9-6,0.0145,False,network,68,1,6,-248.508306,32.45566
single_slow_stage,random_02,10-8-13-7-14-13-9-6,0.015,False,network,68,1,6,-248.508306,32.45566
single_slow_stage,random_02,10-8-13-7-14-13-9-6,0.0155,False,network,60,1,6,-249.134782,32.45566
single_slow_stage,random_02,10-8-13-7-14-13-9-6,0.016,False,network,60,1,6,-249.134782,32.45566
single_slow_stage,random_02,10-8-13-7-14-13-9-6,0.0165,False,network,59,1,6,-248.976678,32.45566
single_slow_stage,random_02,10-8-13-7-14-13-9-6,0.017,False,network,26,1,6,-260.449915,32.44894
single_slow_stage,random_02,10-8-13-7-14-13-9-6,0.0175,False,network,26,1,6,-260.449915,32.44222
single_slow_stage,random_02,10-8-13-7-14-13-9-6,0.018,False,network,26,1,6,-260.449915,32.44222
single_slow_stage,random_02,10-8-13-7-14-13-9-6,0.0185,False,network,25,1,6,-260.306544,32.4355
single_slow_stage,random_02,10-8-13-7-14-13-9-6,0.019,False,network,25,1,6,-260.306544,32.4355
single_slow_stage,random_02,10-8-13-7-14-13-9-6,0.0195,False,network,25,1,6,-260.306544,32.4355
single_slow_stage,random_02,10-8-13-7-14-13-9-6,0.02,False,network,24,1,6,-260.154889,32.4355
single_slow_stage,random_02,10-8-13-7-14-13-9-6,0.0205,False,network,24,1,6,-260.154889,32.4355
single_slow_stage,random_02,10-8-13-7-14-13-9-6,0.021,False,network,23,1,6,-260.002865,32.42878
single_slow_stage,random_02,10-8-13-7-14-13-9-6,0.0215,False,network,23,1,6,-260.002865,32.42878
single_slow_stage,random_02,10-8-13-7-14-13-9-6,0.022,False,network,23,1,6,-260.002865,32.42878
single_slow_stage,random_03,12-12-11-7-8-10-11-9,0.006,True,,204,1,5,268.348712,28.83864
single_slow_stage,random_03,12-12-11-7-8-10-11-9,0.0065,True,,204,1,5,268.485941,28.83288
single_slow_stage,random_03,12-12-11-7-8-10-11-9,0.007,True,,204,1,6,1.831477,29.60004
single_slow_stage,random_03,12-12-11-7-8-10-11-9,0.0075,True,,204,1,6,1.976479,29.59428
single_slow_stage,random_03,12-12-11-7-8-10-11-9,0.008,True,,204,1,6,2.2878,29.58276
single_slow_stage,random_03,12-12-11-7-8-10-11-9,0.0085,True,,204,1,6,2.029048,29.59428
single_slow_stage,random_03,12-12-11-7-8-10-11-9,0.009,False,network,146,1,6,-7.189078,29.2602
single_slow_stage,random_03,12-12-11-7-8-10-11-9,0.0095,False,network,116,1,6,-246.191391,28.4862
single_slow_stage,random_03,12-12-11-7-8-10-11-9,0.01,False,network,105,1,6,-255.977894,28.47468
single_slow_stage,random_03,12-12-11-7-8-10-11-9,0.0105,False,network,103,1,6,-255.66955,28.58412
single_slow_stage,random_03,12-12-11-7-8-10-11-9,0.011,False,network,101,1,6,-255.365677,28.58412
single_slow_stage,random_03,12-12-11-7-8-10-11-9,0.0115,False,network,74,1,6,-249.407337,28.57836
single_slow_stage,random_03,12-12-11-7-8-10-11-9,0.012,False,network,74,1,6,-249.407337,28.57836
single_slow_stage,random_03,12-12-11-7-8-10-11-9,0.0125,False,network,73,1,6,-249.243364,28.57836
single_slow_stage,random_03,12-12-11-7-8-10-11-9,0.013,False,network,72,1,6,-249.084868,28.57836
single_slow_stage,random_03,12-12-11-7-8-10-11-9,0.0135,False,network,70,1,6,-248.795556,28.68204
single_slow_stage,random_03,12-12-11-7-8-10-11-9,0.014,False,network,68,1,6,-248.508306,28.67628
single_slow_stage,random_03,12-12-11-7-8-10-11-9,0.0145,False,network,68,1,6,-248.508306,28.67628
single_slow_stage,random_03,12-12-11-7-8-10-11-9,0.015,False,network,68,1,6,-248.508306,28.67628
single_slow_stage,random_03,12-12-11-7-8-10-11-9,0.0155,False,network,60,1,6,-249.134782,28.67628
single_slow_stage,random_03,12-12-11-7-8-10-11-9,0.016,False,network,60,1,6,-249.134782,28.67628
single_slow_stage,random_03,12-12-11-7-8-10-11-9,0.0165,False,network,59,1,6,-248.976678,28.67628
single_slow_stage,random_03,12-12-11-7-8-10-11-9,0.017,False,network,26,1,6,-260.449915,28.67052
single_slow_stage,random_03,12-12-11-7-8-10-11-9,0.0175,False,network,26,1,6,-260.449915,28.66476
single_slow_stage,random_03,12-12-11-7-8-10-11-9,0.018,False,network,26,1,6,-260.449915,28.66476
single_slow_stage,random_03,12-12-11-7-8-10-11-9,0.0185,False,network,25,1,6,-260.306544,28.659
single_slow_stage,random_03,12-12-11-7-8-10-11-9,0.019,False,network,25,1,6,-260.306544,28.659
single_slow_stage,random_03,12-12-11-7-8-10-11-9,0.0195,False,network,25,1,6,-260.306544,28.659
single_slow_stage,random_03,12-12-11-7-8-10-11-9,0.02,False,network,24,1,6,-260.154889,28.659
single_slow_stage,random_03,12-12-11-7-8-10-11-9,0.0205,False,network,24,1,6,-260.154889,28.659
single_slow_stage,random_03,12-12-11-7-8-10-11-9,0.021,False,network,23,1,6,-260.002865,28.65324
single_slow_stage,random_03,12-12-11-7-8-10-11-9,0.0215,False,network,23,1,6,-260.002865,28.65324
single_slow_stage,random_03,12-12-11-7-8-10-11-9,0.022,False,network,23,1,6,-260.002865,28.65324
single_slow_stage,random_04,10-9-12-7-14-6-11-11,0.006,True,,204,1,5,268.348712,32.64508
single_slow_stage,random_04,10-9-12-7-14-6-11-11,0.0065,True,,204,1,5,268.485941,32.63836
single_slow_stage,random_04,10-9-12-7-14-6-11-11,0.007,True,,204,1,6,1.831477,33.53338
single_slow_stage,random_04,10-9-12-7-14-6-11-11,0.0075,True,,204,1,6,1.976479,33.52666
single_slow_stage,random_04,10-9-12-7-14-6-11-11,0.008,True,,204,1,6,2.2878,33.51322
single_slow_stage,random_04,10-9-12-7-14-6-11-11,0.0085,True,,204,1,6,2.029048,33.52666
single_slow_stage,random_04,10-9-12-7-14-6-11-11,0.009,False,network,146,1,6,-7.189078,33.1369
single_slow_stage,random_04,10-9-12-7-14-6-11-11,0.0095,False,network,116,1,6,-246.191391,32.2339
single_slow_stage,random_04,10-9-12-7-14-6-11-11,0.01,False,network,105,1,6,-255.977894,32.22046
single_slow_stage,random_04,10-9-12-7-14-6-11-11,0.0105,False,network,103,1,6,-255.66955,32.34814
single_slow_stage,random_04,10-9-12-7-14-6-11-11,0.011,False,network,101,1,6,-255.365677,32.34814
single_slow_stage,random_04,10-9-12-7-14-6-11-11,0.0115,False,network,74,1,6,-249.407337,32.34142
single_slow_stage,random_04,10-9-12-7-14-6-11-11,0.012,False,network,74,1,6,-249.407337,32.34142
single_slow_stage,random_04,10-9-12-7-14-6-11-11,0.0125,False,network,73,1,6,-249.243364,32.34142
single_slow_stage,random_04,10-9-12-7-14-6-11-11,0.013,False,network,72,1,6,-249.084868,32.34142
single_slow_stage,random_04,10-9-12-7-14-6-11-11,0.0135,False,network,70,1,6,-248.795556,32.46238
single_slow_stage,random_04,10-9-12-7-14-6-11-11,0.014,False,network,68,1,6,-248.508306,32.45566
single_slow_stage,random_04,10-9-12-7-14-6-11-11,0.0145,False,network,68,1,6,-248.508306,32.45566
single_slow_stage,random_04,10-9-12-7-14-6-11-11,0.015,False,network,68,1,6,-248.508306,32.45566
single_slow_stage,random_04,10-9-12-7-14-6-11-11,0.0155,False,network,60,1,6,-249.134782,32.45566
single_slow_stage,random_04,10-9-12-7-14-6-11-11,0.016,False,network,60,1,6,-249.134782,32.45566
single_slow_stage,random_04,10-9-12-7-14-6-11-11,0.0165,False,network,59,1,6,-248.976678,32.45566
single_slow_stage,random_04,10-9-12-7-14-6-11-11,0.017,False,network,26,1,6,-260.449915,32.44894
single_slow_stage,random_04,10-9-12-7-14-6-11-11,0.0175,False,network,26,1,6,-260.449915,32.44222
single_slow_stage,random_04,10-9-12-7-14-6-11-11,0.018,False,network,26,1,6,-260.449915,32.44222
single_slow_stage,random_04,10-9-12-7-14-6-11-11,0.0185,False,network,25,1,6,-260.306544,32.4355
single_slow_stage,random_04,10-9-12-7-14-6-11-11,0.019,False,network,25,1,6,-260.306544,32.4355
single_slow_stage,random_04,10-9-12-7-14-6-11-11,0.0195,False,network,25,1,6,-260.306544,32.4355
single_slow_stage,random_04,10-9-12-7-14-6-11-11,0.02,False,network,24,1,6,-260.154889,32.4355
single_slow_stage,random_04,10-9-12-7-14-6-11-11,0.0205,False,network,24,1,6,-260.154889,32.4355
single_slow_stage,random_04,10-9-12-7-14-6-11-11,0.021,False,network,23,1,6,-260.002865,32.42878
single_slow_stage,random_04,10-9-12-7-14-6-11-11,0.0215,False,network,23,1,6,-260.002865,32.42878
single_slow_stage,random_04,10-9-12-7-14-6-11-11,0.022,False,network,23,1,6,-260.002865,32.42878
single_slow_stage,random_05,10-5-14-10-7-10-12-12,0.006,True,,204,1,5,223.866264,32.64508
single_slow_stage,random_05,10-5-14-10-7-10-12-12,0.0065,True,,204,1,5,224.307746,33.04282
single_slow_stage,random_05,10-5-14-10-7-10-12-12,0.007,False,network,162,1,5,-56.623147,33.16378
single_slow_stage,random_05,10-5-14-10-7-10-12-12,0.0075,False,network,160,1,5,-56.283251,33.15706
single_slow_stage,random_05,10-5-14-10-7-10-12-12,0.008,False,network,110,1,5,-29.802445,31.8643
single_slow_stage,random_05,10-5-14-10-7-10-12-12,0.0085,False,network,109,1,5,-29.626125,31.8643
single_slow_stage,random_05,10-5-14-10-7-10-12-12,0.009,False,network,97,1,5,-35.491924,31.84414
single_slow_stage,random_05,10-5-14-10-7-10-12-12,0.0095,False,network,69,1,5,-18.575038,31.68286
single_slow_stage,random_05,10-5-14-10-7-10-12-12,0.01,False,network,69,1,5,-18.575038,32.34814
single_slow_stage,random_05,10-5-14-10-7-10-12-12,0.0105,False,network,68,1,5,-18.422511,32.34814
single_slow_stage,random_05,10-5-14-10-7-10-12-12,0.011,False,network,66,1,5,-18.100719,32.34142
single_slow_stage,random_05,10-5-14-10-7-10-12-12,0.0115,False,network,66,1,5,-18.100719,32.34142
single_slow_stage,random_05,10-5-14-10-7-10-12-12,0.012,False,network,66,1,5,-18.100719,32.34142
single_slow_stage,random_05,10-5-14-10-7-10-12-12,0.0125,False,network,66,1,5,-18.100719,32.34142
single_slow_stage,random_05,10-5-14-10-7-10-12-12,0.013,False,network,23,1,5,-47.98239,32.34142
single_slow_stage,random_05,10-5-14-10-7-10-12-12,0.0135,False,network,22,1,5,-47.820282,32.32798
single_slow_stage,random_05,10-5-14-10-7-10-12-12,0.014,False,network,21,1,5,-47.667942,32.31454
single_slow_stage,random_05,10-5-14-10-7-10-12-12,0.0145,False,network,21,1,5,-47.667942,32.31454
single_slow_stage,random_05,10-5-14-10-7-10-12-12,0.015,False,network,21,1,5,-47.667942,32.31454
single_slow_stage,random_05,10-5-14-10-7-10-12-12,0.0155,False,network,21,1,5,-47.667942,32.31454
single_slow_stage,random_05,10-5-14-10-7-10-12-12,0.016,False,network,21,1,5,-47.667942,32.31454
single_slow_stage,random_05,10-5-14-10-7-10-12-12,0.0165,False,network,21,1,5,-47.667942,32.31454
single_slow_stage,random_05,10-5-14-10-7-10-12-12,0.017,False,network,20,1,5,-47.506039,32.31454
single_slow_stage,random_05,10-5-14-10-7-10-12-12,0.0175,False,network,19,1,5,-47.337612,32.31454
single_slow_stage,random_05,10-5-14-10-7-10-12-12,0.018,False,network,19,1,5,-47.337612,32.31454
single_slow_stage,random_05,10-5-14-10-7-10-12-12,0.0185,False,network,19,1,5,-47.337612,32.30782
single_slow_stage,random_05,10-5-14-10-7-10-12-12,0.019,False,network,19,1,5,-47.337612,32.30782
single_slow_stage,random_05,10-5-14-10-7-10-12-12,0.0195,False,network,19,1,5,-47.337612,32.30782
single_slow_stage,random_05,10-5-14-10-7-10-12-12,0.02,False,network,19,1,5,-47.337612,32.30782
single_slow_stage,random_05,10-5-14-10-7-10-12-12,0.0205,False,network,18,1,5,-47.185458,32.3011
single_slow_stage,random_05,10-5-14-10-7-10-12-12,0.021,False,network,18,1,5,-47.185458,32.3011
single_slow_stage,random_05,10-5-14-10-7-10-12-12,0.0215,False,network,18,1,5,-47.185458,32.3011
single_slow_stage,random_05,10-5-14-10-7-10-12-12,0.022,False,network,18,1,5,-47.185458,32.3011
single_slow_stage,random_06,8-13-10-11-12-10-6-10,0.006,True,,204,1,5,208.280591,30.73562
single_slow_stage,random_06,8-13-10-11-12-10-6-10,0.0065,False,network,163,1,5,-77.512626,31.01135
single_slow_stage,random_06,8-13-10-11-12-10-6-10,0.007,False,network,162,1,5,-77.354069,31.21727
single_slow_stage,random_06,8-13-10-11-12-10-6-10,0.0075,False,network,160,1,5,-76.99977,31.21727
single_slow_stage,random_06,8-13-10-11-12-10-6-10,0.008,False,network,110,1,5,-49.446797,30.01685
single_slow_stage,random_06,8-13-10-11-12-10-6-10,0.0085,False,network,108,1,5,-49.102877,30.01685
single_slow_stage,random_06,8-13-10-11-12-10-6-10,0.009,False,network,70,1,5,-37.911611,29.85461
single_slow_stage,random_06,8-13-10-11-12-10-6-10,0.0095,False,network,69,1,5,-37.735163,29.84837
single_slow_stage,random_06,8-13-10-11-12-10-6-10,0.01,False,network,68,1,5,-37.576606,30.46613
single_slow_stage,random_06,8-13-10-11-12-10-6-10,0.0105,False,network,68,1,5,-37.576606,30.46613
single_slow_stage,random_06,8-13-10-11-12-10-6-10,0.011,False,network,66,1,5,-37.241635,30.45989
single_slow_stage,random_06,8-13-10-11-12-10-6-10,0.0115,False,network,66,1,5,-37.241635,30.45989
single_slow_stage,random_06,8-13-10-11-12-10-6-10,0.012,False,network,66,1,5,-37.241635,30.45989
single_slow_stage,random_06,8-13-10-11-12-10-6-10,0.0125,False,network,58,1,5,-53.371594,30.45989
single_slow_stage,random_06,8-13-10-11-12-10-6-10,0.013,False,network,23,1,5,-68.366758,30.45989
single_slow_stage,random_06,8-13-10-11-12-10-6-10,0.0135,False,network,21,1,5,-68.03963,30.44117
single_slow_stage,random_06,8-13-10-11-12-10-6-10,0.014,False,network,21,1,5,-68.03963,30.43493
single_slow_stage,random_06,8-13-10-11-12-10-6-10,0.0145,False,network,21,1,5,-68.03963,30.43493
single_slow_stage,random_06,8-13-10-11-12-10-6-10,0.015,False,network,21,1,5,-68.03963,30.43493
single_slow_stage,random_06,8-13-10-11-12-10-6-10,0.0155,False,network,21,1,5,-68.03963,30.43493
single_slow_stage,random_06,8-13-10-11-12-10-6-10,0.016,False,network,21,1,5,-68.03963,30.43493
single_slow_stage,random_06,8-13-10-11-12-10-6-10,0.0165,False,network,21,1,5,-68.03963,30.43493
single_slow_stage,random_06,8-13-10-11-12-10-6-10,0.017,False,network,20,1,5,-67.871078,30.43493
single_slow_stage,random_06,8-13-10-11-12-10-6-10,0.0175,False,network,19,1,5,-67.69556,30.43493
single_slow_stage,random_06,8-13-10-11-12-10-6-10,0.018,False,network,19,1,5,-67.69556,30.43493
single_slow_stage,random_06,8-13-10-11-12-10-6-10,0.0185,False,network,19,1,5,-67.69556,30.42869
single_slow_stage,random_06,8-13-10-11-12-10-6-10,0.019,False,network,19,1,5,-67.69556,30.42869
single_slow_stage,random_06,8-13-10-11-12-10-6-10,0.0195,False,network,19,1,5,-67.69556,30.42869
single_slow_stage,random_06,8-13-10-11-12-10-6-10,0.02,False,network,19,1,5,-67.69556,30.42245
single_slow_stage,random_06,8-13-10-11-12-10-6-10,0.0205,False,network,18,1,5,-67.5374,30.42245
single_slow_stage,random_06,8-13-10-11-12-10-6-10,0.021,False,network,18,1,5,-67.5374,30.42245
single_slow_stage,random_06,8-13-10-11-12-10-6-10,0.0215,False,network,18,1,5,-67.5374,30.42245
single_slow_stage,random_06,8-13-10-11-12-10-6-10,0.022,False,network,18,1,5,-67.5374,30.42245
single_slow_stage,random_07,10-9-9-9-15-13-8-7,0.006,True,,204,1,5,239.139161,34.5483
single_slow_stage,random_07,10-9-9-9-15-13-8-7,0.0065,True,,204,1,5,239.552658,34.97445
single_slow_stage,random_07,10-9-9-9-15-13-8-7,0.007,False,network,162,1,5,-36.53459,35.10405
single_slow_stage,random_07,10-9-9-9-15-13-8-7,0.0075,False,network,160,1,5,-36.208373,35.09685
single_slow_stage,random_07,10-9-9-9-15-13-8-7,0.008,False,network,111,1,5,-10.894538,33.71175
single_slow_stage,random_07,10-9-9-9-15-13-8-7,0.0085,False,network,110,1,5,-10.747586,33.71175
single_slow_stage,random_07,10-9-9-9-15-13-8-7,0.009,False,network,98,1,5,-16.363309,33.69735
single_slow_stage,random_07,10-9-9-9-15-13-8-7,0.0095,False,network,96,1,6,-16.047011,33.81975
single_slow_stage,random_07,10-9-9-9-15-13-8-7,0.01,False,network,86,1,6,-17.552221,34.23015
single_slow_stage,random_07,10-9-9-9-15-13-8-7,0.0105,False,network,77,1,6,-17.054845,34.23015
single_slow_stage,random_07,10-9-9-9-15-13-8-7,0.011,False,network,76,1,6,-16.907893,34.23015
single_slow_stage,random_07,10-9-9-9-15-13-8-7,0.0115,False,network,74,1,6,-295.754457,34.22295
single_slow_stage,random_07,10-9-9-9-15-13-8-7,0.012,False,network,74,1,6,-295.754457,34.22295
single_slow_stage,random_07,10-9-9-9-15-13-8-7,0.0125,False,network,73,1,6,-295.575993,34.22295
single_slow_stage,random_07,10-9-9-9-15-13-8-7,0.013,False,network,57,1,5,-14.198893,34.22295
single_slow_stage,random_07,10-9-9-9-15-13-8-7,0.0135,False,network,23,1,5,-28.222899,34.21575
single_slow_stage,random_07,10-9-9-9-15-13-8-7,0.014,False,network,21,1,5,-27.920529,34.19415
single_slow_stage,random_07,10-9-9-9-15-13-8-7,0.0145,False,network,21,1,5,-27.920529,34.19415
single_slow_stage,random_07,10-9-9-9-15-13-8-7,0.015,False,network,21,1,5,-27.920529,34.19415
single_slow_stage,random_07,10-9-9-9-15-13-8-7,0.0155,False,network,21,1,5,-27.920529,34.19415
single_slow_stage,random_07,10-9-9-9-15-13-8-7,0.016,False,network,21,1,5,-27.920529,34.19415
single_slow_stage,random_07,10-9-9-9-15-13-8-7,0.0165,False,network,21,1,5,-27.920529,34.19415
single_slow_stage,random_07,10-9-9-9-15-13-8-7,0.017,False,network,20,1,5,-27.764952,34.19415
single_slow_stage,random_07,10-9-9-9-15-13-8-7,0.0175,False,network,20,1,5,-27.764952,34.19415
single_slow_stage,random_07,10-9-9-9-15-13-8-7,0.018,False,network,19,1,5,-27.603263,34.19415
single_slow_stage,random_07,10-9-9-9-15-13-8-7,0.0185,False,network,19,1,5,-27.603263,34.18695
single_slow_stage,random_07,10-9-9-9-15-13-8-7,0.019,False,network,19,1,5,-27.603263,34.18695
single_slow_stage,random_07,10-9-9-9-15-13-8-7,0.0195,False,network,19,1,5,-27.603263,34.18695
single_slow_stage,random_07,10-9-9-9-15-13-8-7,0.02,False,network,19,1,5,-27.603263,34.18695
single_slow_stage,random_07,10-9-9-9-15-13-8-7,0.0205,False,network,18,1,5,-27.456837,34.17975
single_slow_stage,random_07,10-9-9-9-15-13-8-7,0.021,False,network,18,1,5,-27.456837,34.17975
single_slow_stage,random_07,10-9-9-9-15-13-8-7,0.0215,False,network,18,1,5,-27.456837,34.17975
single_slow_stage,random_07,10-9-9-9-15-13-8-7,0.022,False,network,18,1,5,-27.456837,34.17975
single_slow_stage,random_08,12-10-8-15-9-10-5-11,0.006,True,,204,1,5,140.124384,34.5411
single_slow_stage,random_08,12-10-8-15-9-10-5-11,0.0065,False,network,162,1,5,-167.361305,35.10405
single_slow_stage,random_08,12-10-8-15-9-10-5-11,0.007,False,network,160,1,5,-166.941068,35.09685
single_slow_stage,random_08,12-10-8-15-9-10-5-11,0.0075,False,network,111,1,5,-134.689966,33.71895
single_slow_stage,random_08,12-10-8-15-9-10-5-11,0.008,False,network,110,1,5,-134.503859,33.71175
single_slow_stage,random_08,12-10-8-15-9-10-5-11,0.0085,False,network,98,1,5,-141.677996,33.69735
single_slow_stage,random_08,12-10-8-15-9-10-5-11,0.009,False,network,69,1,5,-120.582442,33.51735
single_slow_stage,random_08,12-10-8-15-9-10-5-11,0.0095,False,network,69,1,5,-120.582442,34.23015
single_slow_stage,random_08,12-10-8-15-9-10-5-11,0.01,False,network,68,1,5,-120.396592,34.23015
single_slow_stage,random_08,12-10-8-15-9-10-5-11,0.0105,False,network,66,1,5,-120.001625,34.22295
single_slow_stage,random_08,12-10-8-15-9-10-5-11,0.011,False,network,66,1,5,-120.001625,34.22295
single_slow_stage,random_08,12-10-8-15-9-10-5-11,0.0115,False,network,66,1,5,-120.001625,34.22295
single_slow_stage,random_08,12-10-8-15-9-10-5-11,0.012,False,network,58,1,5,-139.160208,34.22295
single_slow_stage,random_08,12-10-8-15-9-10-5-11,0.0125,False,network,57,1,5,-138.951959,34.22295
single_slow_stage,random_08,12-10-8-15-9-10-5-11,0.013,False,network,21,1,5,-156.402171,34.20135
single_slow_stage,random_08,12-10-8-15-9-10-5-11,0.0135,False,network,21,1,5,-156.402171,34.19415
single_slow_stage,random_08,12-10-8-15-9-10-5-11,0.014,False,network,21,1,5,-156.402171,34.19415
single_slow_stage,random_08,12-10-8-15-9-10-5-11,0.0145,False,network,21,1,5,-156.402171,34.19415
single_slow_stage,random_08,12-10-8-15-9-10-5-11,0.015,False,network,21,1,5,-156.402171,34.19415
single_slow_stage,random_08,12-10-8-15-9-10-5-11,0.0155,False,network,21,1,5,-156.402171,34.19415
single_slow_stage,random_08,12-10-8-15-9-10-5-11,0.016,False,network,21,1,5,-156.402171,34.19415
single_slow_stage,random_08,12-10-8-15-9-10-5-11,0.0165,False,network,20,1,5,-156.203344,34.19415
single_slow_stage,random_08,12-10-8-15-9-10-5-11,0.017,False,network,19,1,5,-155.995399,34.19415
single_slow_stage,random_08,12-10-8-15-9-10-5-11,0.0175,False,network,19,1,5,-155.995399,34.19415
single_slow_stage,random_08,12-10-8-15-9-10-5-11,0.018,False,network,19,1,5,-155.995399,34.18695
single_slow_stage,random_08,12-10-8-15-9-10-5-11,0.0185,False,network,19,1,5,-155.995399,34.18695
single_slow_stage,random_08,12-10-8-15-9-10-5-11,0.019,False,network,19,1,5,-155.995399,34.18695
single_slow_stage,random_08,12-10-8-15-9-10-5-11,0.0195,False,network,18,1,5,-155.810062,34.17975
single_slow_stage,random_08,12-10-8-15-9-10-5-11,0.02,False,network,18,1,5,-155.810062,34.17975
single_slow_stage,random_08,12-10-8-15-9-10-5-11,0.0205,False,network,18,1,5,-155.810062,34.17975
single_slow_stage,random_08,12-10-8-15-9-10-5-11,0.021,False,network,18,1,5,-155.810062,34.17975
single_slow_stage,random_08,12-10-8-15-9-10-5-11,0.0215,False,network,17,1,5,-155.611519,34.17975
single_slow_stage,random_08,12-10-8-15-9-10-5-11,0.022,False,network,17,1,5,-155.611519,34.17975
single_slow_stage,random_09,10-9-9-11-12-11-9-9,0.006,True,,204,1,5,208.280591,28.83288
single_slow_stage,random_09,10-9-9-11-12-11-9-9,0.0065,False,network,163,1,5,-77.512626,29.0874
single_slow_stage,random_09,10-9-9-11-12-11-9-9,0.007,False,network,162,1,5,-77.354069,29.27748
single_slow_stage,random_09,10-9-9-11-12-11-9-9,0.0075,False,network,160,1,5,-76.99977,29.27748
single_slow_stage,random_09,10-9-9-11-12-11-9-9,0.008,False,network,110,1,5,-49.446797,28.1694
single_slow_stage,random_09,10-9-9-11-12-11-9-9,0.0085,False,network,108,1,5,-49.102877,28.1694
single_slow_stage,random_09,10-9-9-11-12-11-9-9,0.009,False,network,70,1,5,-37.911611,28.01964
single_slow_stage,random_09,10-9-9-11-12-11-9-9,0.0095,False,network,69,1,5,-37.735163,28.01388
single_slow_stage,random_09,10-9-9-11-12-11-9-9,0.01,False,network,68,1,5,-37.576606,28.58412
single_slow_stage,random_09,10-9-9-11-12-11-9-9,0.0105,False,network,68,1,5,-37.576606,28.58412
single_slow_stage,random_09,10-9-9-11-12-11-9-9,0.011,False,network,66,1,5,-37.241635,28.57836
single_slow_stage,random_09,10-9-9-11-12-11-9-9,0.0115,False,network,66,1,5,-37.241635,28.57836
single_slow_stage,random_09,10-9-9-11-12-11-9-9,0.012,False,network,66,1,5,-37.241635,28.57836
single_slow_stage,random_09,10-9-9-11-12-11-9-9,0.0125,False,network,58,1,5,-53.371594,28.57836
single_slow_stage,random_09,10-9-9-11-12-11-9-9,0.013,False,network,23,1,5,-68.366758,28.57836
single_slow_stage,random_09,10-9-9-11-12-11-9-9,0.0135,False,network,21,1,5,-68.03963,28.56108
single_slow_stage,random_09,10-9-9-11-12-11-9-9,0.014,False,network,21,1,5,-68.03963,28.55532
single_slow_stage,random_09,10-9-9-11-12-11-9-9,0.0145,False,network,21,1,5,-68.03963,28.55532
single_slow_stage,random_09,10-9-9-11-12-11-9-9,0.015,False,network,21,1,5,-68.03963,28.55532
single_slow_stage,random_09,10-9-9-11-12-11-9-9,0.0155,False,network,21,1,5,-68.03963,28.55532
single_slow_stage,random_09,10-9-9-11-12-11-9-9,0.016,False,network,21,1,5,-68.03963,28.55532
single_slow_stage,random_09,10-9-9-11-12-11-9-9,0.0165,False,network,21,1,5,-68.03963,28.55532
single_slow_stage,random_09,10-9-9-11-12-11-9-9,0.017,False,network,20,1,5,-67.871078,28.55532
single_slow_stage,random_09,10-9-9-11-12-11-9-9,0.0175,False,network,19,1,5,-67.69556,28.55532
single_slow_stage,random_09,10-9-9-11-12-11-9-9,0.018,False,network,19,1,5,-67.69556,28.55532
single_slow_stage,random_09,10-9-9-11-12-11-9-9,0.0185,False,network,19,1,5,-67.69556,28.54956
single_slow_stage,random_09,10-9-9-11-12-11-9-9,0.019,False,network,19,1,5,-67.69556,28.54956
single_slow_stage,random_09,10-9-9-11-12-11-9-9,0.0195,False,network,19,1,5,-67.69556,28.54956
single_slow_stage,random_09,10-9-9-11-12-11-9-9,0.02,False,network,19,1,5,-67.69556,28.5438
single_slow_stage,random_09,10-9-9-11-12-11-9-9,0.0205,False,network,18,1,5,-67.5374,28.5438
single_slow_stage,random_09,10-9-9-11-12-11-9-9,0.021,False,network,18,1,5,-67.5374,28.5438
single_slow_stage,random_09,10-9-9-11-12-11-9-9,0.0215,False,network,18,1,5,-67.5374,28.5438
single_slow_stage,random_09,10-9-9-11-12-11-9-9,0.022,False,network,18,1,5,-67.5374,28.5438
single_slow_stage,random_10,14-10-5-10-7-14-10-10,0.006,True,,204,1,5,223.866264,32.64508
single_slow_stage,random_10,14-10-5-10-7-14-10-10,0.0065,True,,204,1,5,224.307746,33.04282
single_slow_stage,random_10,14-10-5-10-7-14-10-10,0.007,False,network,162,1,5,-56.623147,33.16378
single_slow_stage,random_10,14-10-5-10-7-14-10-10,0.0075,False,network,160,1,5,-56.283251,33.15706
single_slow_stage,random_10,14-10-5-10-7-14-10-10,0.008,False,network,110,1,5,-29.802445,31.8643
single_slow_stage,random_10,14-10-5-10-7-14-10-10,0.0085,False,network,109,1,5,-29.626125,31.8643
single_slow_stage,random_10,14-10-5-10-7-14-10-10,0.009,False,network,97,1,5,-35.491924,31.84414
single_slow_stage,random_10,14-10-5-10-7-14-10-10,0.0095,False,network,69,1,5,-18.575038,31.68286
single_slow_stage,random_10,14-10-5-10-7-14-10-10,0.01,False,network,69,1,5,-18.575038,32.34814
single_slow_stage,random_10,14-10-5-10-7-14-10-10,0.0105,False,network,68,1,5,-18.422511,32.34814
single_slow_stage,random_10,14-10-5-10-7-14-10-10,0.011,False,network,66,1,5,-18.100719,32.34142
single_slow_stage,random_10,14-10-5-10-7-14-10-10,0.0115,False,network,66,1,5,-18.100719,32.34142
single_slow_stage,random_10,14-10-5-10-7-14-10-10,0.012,False,network,66,1,5,-18.100719,32.34142
single_slow_stage,random_10,14-10-5-10-7-14-10-10,0.0125,False,network,66,1,5,-18.100719,32.34142
single_slow_stage,random_10,14-10-5-10-7-14-10-10,0.013,False,network,23,1,5,-47.98239,32.34142
single_slow_stage,random_10,14-10-5-10-7-14-10-10,0.0135,False,network,22,1,5,-47.820282,32.32798
single_slow_stage,random_10,14-10-5-10-7-14-10-10,0.014,False,network,21,1,5,-47.667942,32.31454
single_slow_stage,random_10,14-10-5-10-7-14-10-10,0.0145,False,network,21,1,5,-47.667942,32.31454
single_slow_stage,random_10,14-10-5-10-7-14-10-10,0.015,False,network,21,1,5,-47.667942,32.31454
single_slow_stage,random_10,14-10-5-10-7-14-10-10,0.0155,False,network,21,1,5,-47.667942,32.31454
single_slow_stage,random_10,14-10-5-10-7-14-10-10,0.016,False,network,21,1,5,-47.667942,32.31454
single_slow_stage,random_10,14-10-5-10-7-14-10-10,0.0165,False,network,21,1,5,-47.667942,32.31454
single_slow_stage,random_10,14-10-5-10-7-14-10-10,0.017,False,network,20,1,5,-47.506039,32.31454
single_slow_stage,random_10,14-10-5-10-7-14-10-10,0.0175,False,network,19,1,5,-47.337612,32.31454
single_slow_stage,random_10,14-10-5-10-7-14-10-10,0.018,False,network,19,1,5,-47.337612,32.31454
single_slow_stage,random_10,14-10-5-10-7-14-10-10,0.0185,False,network,19,1,5,-47.337612,32.30782
single_slow_stage,random_10,14-10-5-10-7-14-10-10,0.019,False,network,19,1,5,-47.337612,32.30782
single_slow_stage,random_10,14-10-5-10-7-14-10-10,0.0195,False,network,19,1,5,-47.337612,32.30782
single_slow_stage,random_10,14-10-5-10-7-14-10-10,0.02,False,network,19,1,5,-47.337612,32.30782
single_slow_stage,random_10,14-10-5-10-7-14-10-10,0.0205,False,network,18,1,5,-47.185458,32.3011
single_slow_stage,random_10,14-10-5-10-7-14-10-10,0.021,False,network,18,1,5,-47.185458,32.3011
single_slow_stage,random_10,14-10-5-10-7-14-10-10,0.0215,False,network,18,1,5,-47.185458,32.3011
single_slow_stage,random_10,14-10-5-10-7-14-10-10,0.022,False,network,18,1,5,-47.185458,32.3011
single_slow_stage,random_11,10-8-11-11-9-14-8-9,0.006,True,,204,1,5,208.280591,32.63836
single_slow_stage,random_11,10-8-11-11-9-14-8-9,0.0065,False,network,163,1,5,-77.512626,32.9353
single_slow_stage,random_11,10-8-11-11-9-14-8-9,0.007,False,network,162,1,5,-77.354069,33.15706
single_slow_stage,random_11,10-8-11-11-9-14-8-9,0.0075,False,network,160,1,5,-76.99977,33.15706
single_slow_stage,random_11,10-8-11-11-9-14-8-9,0.008,False,network,110,1,5,-49.446797,31.8643
single_slow_stage,random_11,10-8-11-11-9-14-8-9,0.0085,False,network,108,1,5,-49.102877,31.8643
single_slow_stage,random_11,10-8-11-11-9-14-8-9,0.009,False,network,70,1,5,-37.911611,31.68958
single_slow_stage,random_11,10-8-11-11-9-14-8-9,0.0095,False,network,69,1,5,-37.735163,31.68286
single_slow_stage,random_11,10-8-11-11-9-14-8-9,0.01,False,network,68,1,5,-37.576606,32.34814
single_slow_stage,random_11,10-8-11-11-9-14-8-9,0.0105,False,network,68,1,5,-37.576606,32.34814
single_slow_stage,random_11,10-8-11-11-9-14-8-9,0.011,False,network,66,1,5,-37.241635,32.34142
single_slow_stage,random_11,10-8-11-11-9-14-8-9,0.0115,False,network,66,1,5,-37.241635,32.34142
single_slow_stage,random_11,10-8-11-11-9-14-8-9,0.012,False,network,66,1,5,-37.241635,32.34142
single_slow_stage,random_11,10-8-11-11-9-14-8-9,0.0125,False,network,58,1,5,-53.371594,32.34142
single_slow_stage,random_11,10-8-11-11-9-14-8-9,0.013,False,network,23,1,5,-68.366758,32.34142
single_slow_stage,random_11,10-8-11-11-9-14-8-9,0.0135,False,network,21,1,5,-68.03963,32.32126
single_slow_stage,random_11,10-8-11-11-9-14-8-9,0.014,False,network,21,1,5,-68.03963,32.31454
single_slow_stage,random_11,10-8-11-11-9-14-8-9,0.0145,False,network,21,1,5,-68.03963,32.31454
single_slow_stage,random_11,10-8-11-11-9-14-8-9,0.015,False,network,21,1,5,-68.03963,32.31454
single_slow_stage,random_11,10-8-11-11-9-14-8-9,0.0155,False,network,21,1,5,-68.03963,32.31454
single_slow_stage,random_11,10-8-11-11-9-14-8-9,0.016,False,network,21,1,5,-68.03963,32.31454
single_slow_stage,random_11,10-8-11-11-9-14-8-9,0.0165,False,network,21,1,5,-68.03963,32.31454
single_slow_stage,random_11,10-8-11-11-9-14-8-9,0.017,False,network,20,1,5,-67.871078,32.31454
single_slow_stage,random_11,10-8-11-11-9-14-8-9,0.0175,False,network,19,1,5,-67.69556,32.31454
single_slow_stage,random_11,10-8-11-11-9-14-8-9,0.018,False,network,19,1,5,-67.69556,32.31454
single_slow_stage,random_11,10-8-11-11-9-14-8-9,0.0185,False,network,19,1,5,-67.69556,32.30782
single_slow_stage,random_11,10-8-11-11-9-14-8-9,0.019,False,network,19,1,5,-67.69556,32.30782
single_slow_stage,random_11,10-8-11-11-9-14-8-9,0.0195,False,network,19,1,5,-67.69556,32.30782
single_slow_stage,random_11,10-8-11-11-9-14-8-9,0.02,False,network,19,1,5,-67.69556,32.3011
single_slow_stage,random_11,10-8-11-11-9-14-8-9,0.0205,False,network,18,1,5,-67.5374,32.3011
single_slow_stage,random_11,10-8-11-11-9-14-8-9,0.021,False,network,18,1,5,-67.5374,32.3011
single_slow_stage,random_11,10-8-11-11-9-14-8-9,0.0215,False,network,18,1,5,-67.5374,32.3011
single_slow_stage,random_11,10-8-11-11-9-14-8-9,0.022,False,network,18,1,5,-67.5374,32.3011
single_slow_stage,random_12,13-11-9-12-8-10-8-9,0.006,True,,204,1,5,192.045687,30.73562
single_slow_stage,random_12,13-11-9-12-8-10-8-9,0.0065,False,network,163,1,5,-98.923621,31.00511
single_slow_stage,random_12,13-11-9-12-8-10-8-9,0.007,False,network,162,1,5,-98.758737,31.21727
single_slow_stage,random_12,13-11-9-12-8-10-8-9,0.0075,False,network,159,1,5,-98.197498,31.21727
single_slow_stage,random_12,13-11-9-12-8-10-8-9,0.008,False,network,110,1,5,-69.708493,30.01685
single_slow_stage,random_12,13-11-9-12-8-10-8-9,0.0085,False,network,108,1,5,-69.350089,30.01685
single_slow_stage,random_12,13-11-9-12-8-10-8-9,0.009,False,network,70,1,5,-57.671149,29.85461
single_slow_stage,random_12,13-11-9-12-8-10-8-9,0.0095,False,network,69,1,5,-57.487165,29.84837
single_slow_stage,random_12,13-11-9-12-8-10-8-9,0.01,False,network,68,1,5,-57.322281,30.46613
single_slow_stage,random_12,13-11-9-12-8-10-8-9,0.0105,False,network,68,1,5,-57.322281,30.46613
single_slow_stage,random_12,13-11-9-12-8-10-8-9,0.011,False,network,66,1,5,-56.973451,30.45989
single_slow_stage,random_12,13-11-9-12-8-10-8-9,0.0115,False,network,66,1,5,-56.973451,30.45989
single_slow_stage,random_12,13-11-9-12-8-10-8-9,0.012,False,network,66,1,5,-56.973451,30.45989
single_slow_stage,random_12,13-11-9-12-8-10-8-9,0.0125,False,network,58,1,5,-73.801708,30.45989
single_slow_stage,random_12,13-11-9-12-8-10-8-9,0.013,False,network,23,1,5,-89.406165,30.45365
single_slow_stage,random_12,13-11-9-12-8-10-8-9,0.0135,False,network,21,1,5,-89.065715,30.43493
single_slow_stage,random_12,13-11-9-12-8-10-8-9,0.014,False,network,21,1,5,-89.065715,30.43493
single_slow_stage,random_12,13-11-9-12-8-10-8-9,0.0145,False,network,21,1,5,-89.065715,30.43493
single_slow_stage,random_12,13-11-9-12-8-10-8-9,0.015,False,network,21,1,5,-89.065715,30.43493
single_slow_stage,random_12,13-11-9-12-8-10-8-9,0.0155,False,network,21,1,5,-89.065715,30.43493
single_slow_stage,random_12,13-11-9-12-8-10-8-9,0.016,False,network,21,1,5,-89.065715,30.43493
single_slow_stage,random_12,13-11-9-12-8-10-8-9,0.0165,False,network,20,1,5,-88.89017,30.43493
single_slow_stage,random_12,13-11-9-12-8-10-8-9,0.017,False,network,20,1,5,-88.89017,30.43493
single_slow_stage,random_12,13-11-9-12-8-10-8-9,0.0175,False,network,19,1,5,-88.707182,30.43493
single_slow_stage,random_12,13-11-9-12-8-10-8-9,0.018,False,network,19,1,5,-88.707182,30.42869
single_slow_stage,random_12,13-11-9-12-8-10-8-9,0.0185,False,network,19,1,5,-88.707182,30.42869
single_slow_stage,random_12,13-11-9-12-8-10-8-9,0.019,False,network,19,1,5,-88.707182,30.42869
single_slow_stage,random_12,13-11-9-12-8-10-8-9,0.0195,False,network,19,1,5,-88.707182,30.42869
single_slow_stage,random_12,13-11-9-12-8-10-8-9,0.02,False,network,18,1,5,-88.542721,30.42245
single_slow_stage,random_12,13-11-9-12-8-10-8-9,0.0205,False,network,18,1,5,-88.542721,30.42245
single_slow_stage,random_12,13-11-9-12-8-10-8-9,0.021,False,network,18,1,5,-88.542721,30.42245
single_slow_stage,random_12,13-11-9-12-8-10-8-9,0.0215,False,network,18,1,5,-88.542721,30.42245
single_slow_stage,random_12,13-11-9-12-8-10-8-9,0.022,False,network,17,1,5,-88.367408,30.42245
single_slow_stage,random_13,14-11-13-11-8-8-6-9,0.006,True,,204,1,5,208.280591,32.63836
single_slow_stage,random_13,14-11-13-11-8-8-6-9,0.0065,False,network,163,1,5,-77.512626,32.9353
single_slow_stage,random_13,14-11-13-11-8-8-6-9,0.007,False,network,162,1,5,-77.354069,33.15706
single_slow_stage,random_13,14-11-13-11-8-8-6-9,0.0075,False,network,160,1,5,-76.99977,33.15706
single_slow_stage,random_13,14-11-13-11-8-8-6-9,0.008,False,network,110,1,5,-49.446797,31.8643
single_slow_stage,random_13,14-11-13-11-8-8-6-9,0.0085,False,network,108,1,5,-49.102877,31.8643
single_slow_stage,random_13,14-11-13-11-8-8-6-9,0.009,False,network,70,1,5,-37.911611,31.68958
single_slow_stage,random_13,14-11-13-11-8-8-6-9,0.0095,False,network,69,1,5,-37.735163,31.68286
single_slow_stage,random_13,14-11-13-11-8-8-6-9,0.01,False,network,68,1,5,-37.576606,32.34814
single_slow_stage,random_13,14-11-13-11-8-8-6-9,0.0105,False,network,68,1,5,-37.576606,32.34814
single_slow_stage,random_13,14-11-13-11-8-8-6-9,0.011,False,network,66,1,5,-37.241635,32.34142
single_slow_stage,random_13,14-11-13-11-8-8-6-9,0.0115,False,network,66,1,5,-37.241635,32.34142
single_slow_stage,random_13,14-11-13-11-8-8-6-9,0.012,False,network,66,1,5,-37.241635,32.34142
single_slow_stage,random_13,14-11-13-11-8-8-6-9,0.0125,False,network,58,1,5,-53.371594,32.34142
single_slow_stage,random_13,14-11-13-11-8-8-6-9,0.013,False,network,23,1,5,-68.366758,32.34142
single_slow_stage,random_13,14-11-13-11-8-8-6-9,0.0135,False,network,21,1,5,-68.03963,32.32126
single_slow_stage,random_13,14-11-13-11-8-8-6-9,0.014,False,network,21,1,5,-68.03963,32.31454
single_slow_stage,random_13,14-11-13-11-8-8-6-9,0.0145,False,network,21,1,5,-68.03963,32.31454
single_slow_stage,random_13,14-11-13-11-8-8-6-9,0.015,False,network,21,1,5,-68.03963,32.31454
single_slow_stage,random_13,14-11-13-11-8-8-6-9,0.0155,False,network,21,1,5,-68.03963,32.31454
single_slow_stage,random_13,14-11-13-11-8-8-6-9,0.016,False,network,21,1,5,-68.03963,32.31454
single_slow_stage,random_13,14-11-13-11-8-8-6-9,0.0165,False,network,21,1,5,-68.03963,32.31454
single_slow_stage,random_13,14-11-13-11-8-8-6-9,0.017,False,network,20,1,5,-67.871078,32.31454
single_slow_stage,random_13,14-11-13-11-8-8-6-9,0.0175,False,network,19,1,5,-67.69556,32.31454
single_slow_stage,random_13,14-11-13-11-8-8-6-9,0.018,False,network,19,1,5,-67.69556,32.31454
single_slow_stage,random_13,14-11-13-11-8-8-6-9,0.0185,False,network,19,1,5,-67.69556,32.30782
single_slow_stage,random_13,14-11-13-11-8-8-6-9,0.019,False,network,19,1,5,-67.69556,32.30782
single_slow_stage,random_13,14-11-13-11-8-8-6-9,0.0195,False,network,19,1,5,-67.69556,32.30782
single_slow_stage,random_13,14-11-13-11-8-8-6-9,0.02,False,network,19,1,5,-67.69556,32.3011
single_slow_stage,random_13,14-11-13-11-8-8-6-9,0.0205,False,network,18,1,5,-67.5374,32.3011
single_slow_stage,random_13,14-11-13-11-8-8-6-9,0.021,False,network,18,1,5,-67.5374,32.3011
single_slow_stage,random_13,14-11-13-11-8-8-6-9,0.0215,False,network,18,1,5,-67.5374,32.3011
single_slow_stage,random_13,14-11-13-11-8-8-6-9,0.022,False,network,18,1,5,-67.5374,32.3011
single_slow_stage,random_14,12-10-11-9-10-11-10-7,0.006,True,,204,1,5,239.139161,28.83864
single_slow_stage,random_14,12-10-11-9-10-11-10-7,0.0065,True,,204,1,5,239.552658,29.17956
single_slow_stage,random_14,12-10-11-9-10-11-10-7,0.007,False,network,162,1,5,-36.53459,29.28324
single_slow_stage,random_14,12-10-11-9-10-11-10-7,0.0075,False,network,160,1,5,-36.208373,29.27748
single_slow_stage,random_14,12-10-11-9-10-11-10-7,0.008,False,network,111,1,5,-10.894538,28.1694
single_slow_stage,random_14,12-10-11-9-10-11-10-7,0.0085,False,network,110,1,5,-10.747586,28.1694
single_slow_stage,random_14,12-10-11-9-10-11-10-7,0.009,False,network,98,1,5,-16.363309,28.15788
single_slow_stage,random_14,12-10-11-9-10-11-10-7,0.0095,False,network,96,1,6,-16.047011,28.2558
single_slow_stage,random_14,12-10-11-9-10-11-10-7,0.01,False,network,86,1,6,-17.552221,28.58412
single_slow_stage,random_14,12-10-11-9-10-11-10-7,0.0105,False,network,77,1,6,-17.054845,28.58412
single_slow_stage,random_14,12-10-11-9-10-11-10-7,0.011,False,network,76,1,6,-16.907893,28.58412
single_slow_stage,random_14,12-10-11-9-10-11-10-7,0.0115,False,network,74,1,6,-295.754457,28.57836
single_slow_stage,random_14,12-10-11-9-10-11-10-7,0.012,False,network,74,1,6,-295.754457,28.57836
single_slow_stage,random_14,12-10-11-9-10-11-10-7,0.0125,False,network,73,1,6,-295.575993,28.57836
single_slow_stage,random_14,12-10-11-9-10-11-10-7,0.013,False,network,57,1,5,-14.198893,28.57836
single_slow_stage,random_14,12-10-11-9-10-11-10-7,0.0135,False,network,23,1,5,-28.222899,28.5726
single_slow_stage,random_14,12-10-11-9-10-11-10-7,0.014,False,network,21,1,5,-27.920529,28.55532
single_slow_stage,random_14,12-10-11-9-10-11-10-7,0.0145,False,network,21,1,5,-27.920529,28.55532
single_slow_stage,random_14,12-10-11-9-10-11-10-7,0.015,False,network,21,1,5,-27.920529,28.55532
single_slow_stage,random_14,12-10-11-9-10-11-10-7,0.0155,False,network,21,1,5,-27.920529,28.55532
single_slow_stage,random_14,12-10-11-9-10-11-10-7,0.016,False,network,21,1,5,-27.920529,28.55532
single_slow_stage,random_14,12-10-11-9-10-11-10-7,0.0165,False,network,21,1,5,-27.920529,28.55532
single_slow_stage,random_14,12-10-11-9-10-11-10-7,0.017,False,network,20,1,5,-27.764952,28.55532
single_slow_stage,random_14,12-10-11-9-10-11-10-7,0.0175,False,network,20,1,5,-27.764952,28.55532
single_slow_stage,random_14,12-10-11-9-10-11-10-7,0.018,False,network,19,1,5,-27.603263,28.55532
single_slow_stage,random_14,12-10-11-9-10-11-10-7,0.0185,False,network,19,1,5,-27.603263,28.54956
single_slow_stage,random_14,12-10-11-9-10-11-10-7,0.019,False,network,19,1,5,-27.603263,28.54956
single_slow_stage,random_14,12-10-11-9-10-11-10-7,0.0195,False,network,19,1,5,-27.603263,28.54956
single_slow_stage,random_14,12-10-11-9-10-11-10-7,0.02,False,network,19,1,5,-27.603263,28.54956
single_slow_stage,random_14,12-10-11-9-10-11-10-7,0.0205,False,network,18,1,5,-27.456837,28.5438
single_slow_stage,random_14,12-10-11-9-10-11-10-7,0.021,False,network,18,1,5,-27.456837,28.5438
single_slow_stage,random_14,12-10-11-9-10-11-10-7,0.0215,False,network,18,1,5,-27.456837,28.5438
single_slow_stage,random_14,12-10-11-9-10-11-10-7,0.022,False,network,18,1,5,-27.456837,28.5438
single_slow_stage,random_15,12-6-11-11-9-9-10-12,0.006,True,,204,1,5,208.280591,28.83288
single_slow_stage,random_15,12-6-11-11-9-9-10-12,0.0065,False,network,163,1,5,-77.512626,29.0874
single_slow_stage,random_15,12-6-11-11-9-9-10-12,0.007,False,network,162,1,5,-77.354069,29.27748
single_slow_stage,random_15,12-6-11-11-9-9-10-12,0.0075,False,network,160,1,5,-76.99977,29.27748
single_slow_stage,random_15,12-6-11-11-9-9-10-12,0.008,False,network,110,1,5,-49.446797,28.1694
single_slow_stage,random_15,12-6-11-11-9-9-10-12,0.0085,False,network,108,1,5,-49.102877,28.1694
single_slow_stage,random_15,12-6-11-11-9-9-10-12,0.009,False,network,70,1,5,-37.911611,28.01964
single_slow_stage,random_15,12-6-11-11-9-9-10-12,0.0095,False,network,69,1,5,-37.735163,28.01388
single_slow_stage,random_15,12-6-11-11-9-9-10-12,0.01,False,network,68,1,5,-37.576606,28.58412
single_slow_stage,random_15,12-6-11-11-9-9-10-12,0.0105,False,network,68,1,5,-37.576606,28.58412
single_slow_stage,random_15,12-6-11-11-9-9-10-12,0.011,False,network,66,1,5,-37.241635,28.57836
single_slow_stage,random_15,12-6-11-11-9-9-10-12,0.0115,False,network,66,1,5,-37.241635,28.57836
single_slow_stage,random_15,12-6-11-11-9-9-10-12,0.012,False,network,66,1,5,-37.241635,28.57836
single_slow_stage,random_15,12-6-11-11-9-9-10-12,0.0125,False,network,58,1,5,-53.371594,28.57836
single_slow_stage,random_15,12-6-11-11-9-9-10-12,0.013,False,network,23,1,5,-68.366758,28.57836
single_slow_stage,random_15,12-6-11-11-9-9-10-12,0.0135,False,network,21,1,5,-68.03963,28.56108
single_slow_stage,random_15,12-6-11-11-9-9-10-12,0.014,False,network,21,1,5,-68.03963,28.55532
single_slow_stage,random_15,12-6-11-11-9-9-10-12,0.0145,False,network,21,1,5,-68.03963,28.55532
single_slow_stage,random_15,12-6-11-11-9-9-10-12,0.015,False,network,21,1,5,-68.03963,28.55532
single_slow_stage,random_15,12-6-11-11-9-9-10-12,0.0155,False,network,21,1,5,-68.03963,28.55532
single_slow_stage,random_15,12-6-11-11-9-9-10-12,0.016,False,network,21,1,5,-68.03963,28.55532
single_slow_stage,random_15,12-6-11-11-9-9-10-12,0.0165,False,network,21,1,5,-68.03963,28.55532
single_slow_stage,random_15,12-6-11-11-9-9-10-12,0.017,False,network,20,1,5,-67.871078,28.55532
single_slow_stage,random_15,12-6-11-11-9-9-10-12,0.0175,False,network,19,1,5,-67.69556,28.55532
single_slow_stage,random_15,12-6-11-11-9-9-10-12,0.018,False,network,19,1,5,-67.69556,28.55532
single_slow_stage,random_15,12-6-11-11-9-9-10-12,0.0185,False,network,19,1,5,-67.69556,28.54956
single_slow_stage,random_15,12-6-11-11-9-9-10-12,0.019,False,network,19,1,5,-67.69556,28.54956
single_slow_stage,random_15,12-6-11-11-9-9-10-12,0.0195,False,network,19,1,5,-67.69556,28.54956
single_slow_stage,random_15,12-6-11-11-9-9-10-12,0.02,False,network,19,1,5,-67.69556,28.5438
single_slow_stage,random_15,12-6-11-11-9-9-10-12,0.0205,False,network,18,1,5,-67.5374,28.5438
single_slow_stage,random_15,12-6-11-11-9-9-10-12,0.021,False,network,18,1,5,-67.5374,28.5438
single_slow_stage,random_15,12-6-11-11-9-9-10-12,0.0215,False,network,18,1,5,-67.5374,28.5438
single_slow_stage,random_15,12-6-11-11-9-9-10-12,0.022,False,network,18,1,5,-67.5374,28.5438
single_slow_stage,random_16,7-10-12-13-10-10-8-10,0.006,True,,204,1,5,175.291861,30.73562
single_slow_stage,random_16,7-10-12-13-10-10-8-10,0.0065,False,network,163,1,5,-121.042139,31.22351
single_slow_stage,random_16,7-10-12-13-10-10-8-10,0.007,False,network,161,1,5,-120.685954,31.21727
single_slow_stage,random_16,7-10-12-13-10-10-8-10,0.0075,False,network,159,1,5,-120.284865,31.21103
single_slow_stage,random_16,7-10-12-13-10-10-8-10,0.008,False,network,110,1,5,-90.617172,30.01685
single_slow_stage,random_16,7-10-12-13-10-10-8-10,0.0085,False,network,99,1,5,-97.387528,30.01061
single_slow_stage,random_16,7-10-12-13-10-10-8-10,0.009,False,network,70,1,5,-78.050868,29.84837
single_slow_stage,random_16,7-10-12-13-10-10-8-10,0.0095,False,network,69,1,5,-77.85894,29.84837
single_slow_stage,random_16,7-10-12-13-10-10-8-10,0.01,False,network,68,1,5,-77.687412,30.46613
single_slow_stage,random_16,7-10-12-13-10-10-8-10,0.0105,False,network,67,1,5,-77.515657,30.46613
single_slow_stage,random_16,7-10-12-13-10-10-8-10,0.011,False,network,66,1,5,-77.323996,30.45989
single_slow_stage,random_16,7-10-12-13-10-10-8-10,0.0115,False,network,66,1,5,-77.323996,30.45989
single_slow_stage,random_16,7-10-12-13-10-10-8-10,0.012,False,network,66,1,5,-77.323996,30.45989
single_slow_stage,random_16,7-10-12-13-10-10-8-10,0.0125,False,network,57,1,5,-94.696877,30.45989
single_slow_stage,random_16,7-10-12-13-10-10-8-10,0.013,False,network,23,1,5,-111.132748,30.45365
single_slow_stage,random_16,7-10-12-13-10-10-8-10,0.0135,False,network,21,1,5,-110.778293,30.43493
single_slow_stage,random_16,7-10-12-13-10-10-8-10,0.014,False,network,21,1,5,-110.778293,30.43493
single_slow_stage,random_16,7-10-12-13-10-10-8-10,0.0145,False,network,21,1,5,-110.778293,30.43493
single_slow_stage,random_16,7-10-12-13-10-10-8-10,0.015,False,network,21,1,5,-110.778293,30.43493
single_slow_stage,random_16,7-10-12-13-10-10-8-10,0.0155,False,network,21,1,5,-110.778293,30.43493
single_slow_stage,random_16,7-10-12-13-10-10-8-10,0.016,False,network,21,1,5,-110.778293,30.43493
single_slow_stage,random_16,7-10-12-13-10-10-8-10,0.0165,False,network,20,1,5,-110.595388,30.43493
single_slow_stage,random_16,7-10-12-13-10-10-8-10,0.017,False,network,19,1,5,-110.404525,30.43493
single_slow_stage,random_16,7-10-12-13-10-10-8-10,0.0175,False,network,19,1,5,-110.404525,30.43493
single_slow_stage,random_16,7-10-12-13-10-10-8-10,0.018,False,network,19,1,5,-110.404525,30.42869
single_slow_stage,random_16,7-10-12-13-10-10-8-10,0.0185,False,network,19,1,5,-110.404525,30.42869
single_slow_stage,random_16,7-10-12-13-10-10-8-10,0.019,False,network,19,1,5,-110.404525,30.42869
single_slow_stage,random_16,7-10-12-13-10-10-8-10,0.0195,False,network,19,1,5,-110.404525,30.42869
single_slow_stage,random_16,7-10-12-13-10-10-8-10,0.02,False,network,18,1,5,-110.233447,30.42245
single_slow_stage,random_16,7-10-12-13-10-10-8-10,0.0205,False,network,18,1,5,-110.233447,30.42245
single_slow_stage,random_16,7-10-12-13-10-10-8-10,0.021,False,network,18,1,5,-110.233447,30.42245
single_slow_stage,random_16,7-10-12-13-10-10-8-10,0.0215,False,network,18,1,5,-110.233447,30.42245
single_slow_stage,random_16,7-10-12-13-10-10-8-10,0.022,False,network,17,1,5,-110.050791,30.42245
single_slow_stage,random_17,7-15-8-10-10-10-8-12,0.006,True,,204,1,5,223.866264,34.5483
single_slow_stage,random_17,7-15-8-10-10-10-8-12,0.0065,True,,204,1,5,224.307746,34.97445
single_slow_stage,random_17,7-15-8-10-10-10-8-12,0.007,False,network,162,1,5,-56.623147,35.10405
single_slow_stage,random_17,7-15-8-10-10-10-8-12,0.0075,False,network,160,1,5,-56.283251,35.09685
single_slow_stage,random_17,7-15-8-10-10-10-8-12,0.008,False,network,110,1,5,-29.802445,33.71175
single_slow_stage,random_17,7-15-8-10-10-10-8-12,0.0085,False,network,109,1,5,-29.626125,33.71175
single_slow_stage,random_17,7-15-8-10-10-10-8-12,0.009,False,network,97,1,5,-35.491924,33.69015
single_slow_stage,random_17,7-15-8-10-10-10-8-12,0.0095,False,network,69,1,5,-18.575038,33.51735
single_slow_stage,random_17,7-15-8-10-10-10-8-12,0.01,False,network,69,1,5,-18.575038,34.23015
single_slow_stage,random_17,7-15-8-10-10-10-8-12,0.0105,False,network,68,1,5,-18.422511,34.23015
single_slow_stage,random_17,7-15-8-10-10-10-8-12,0.011,False,network,66,1,5,-18.100719,34.22295
single_slow_stage,random_17,7-15-8-10-10-10-8-12,0.0115,False,network,66,1,5,-18.100719,34.22295
single_slow_stage,random_17,7-15-8-10-10-10-8-12,0.012,False,network,66,1,5,-18.100719,34.22295
single_slow_stage,random_17,7-15-8-10-10-10-8-12,0.0125,False,network,66,1,5,-18.100719,34.22295
single_slow_stage,random_17,7-15-8-10-10-10-8-12,0.013,False,network,23,1,5,-47.98239,34.22295
single_slow_stage,random_17,7-15-8-10-10-10-8-12,0.0135,False,network,22,1,5,-47.820282,34.20855
single_slow_stage,random_17,7-15-8-10-10-10-8-12,0.014,False,network,21,1,5,-47.667942,34.19415
single_slow_stage,random_17,7-15-8-10-10-10-8-12,0.0145,False,network,21,1,5,-47.667942,34.19415
single_slow_stage,random_17,7-15-8-10-10-10-8-12,0.015,False,network,21,1,5,-47.667942,34.19415
single_slow_stage,random_17,7-15-8-10-10-10-8-12,0.0155,False,network,21,1,5,-47.667942,34.19415
single_slow_stage,random_17,7-15-8-10-10-10-8-12,0.016,False,network,21,1,5,-47.667942,34.19415
single_slow_stage,random_17,7-15-8-10-10-10-8-12,0.0165,False,network,21,1,5,-47.667942,34.19415
single_slow_stage,random_17,7-15-8-10-10-10-8-12,0.017,False,network,20,1,5,-47.506039,34.19415
single_slow_stage,random_17,7-15-8-10-10-10-8-12,0.0175,False,network,19,1,5,-47.337612,34.19415
single_slow_stage,random_17,7-15-8-10-10-10-8-12,0.018,False,network,19,1,5,-47.337612,34.19415
single_slow_stage,random_17,7-15-8-10-10-10-8-12,0.0185,False,network,19,1,5,-47.337612,34.18695
single_slow_stage,random_17,7-15-8-10-10-10-8-12,0.019,False,network,19,1,5,-47.337612,34.18695
single_slow_stage,random_17,7-15-8-10-10-10-8-12,0.0195,False,network,19,1,5,-47.337612,34.18695
single_slow_stage,random_17,7-15-8-10-10-10-8-12,0.02,False,network,19,1,5,-47.337612,34.18695
single_slow_stage,random_17,7-15-8-10-10-10-8-12,0.0205,False,network,18,1,5,-47.185458,34.17975
single_slow_stage,random_17,7-15-8-10-10-10-8-12,0.021,False,network,18,1,5,-47.185458,34.17975
single_slow_stage,random_17,7-15-8-10-10-10-8-12,0.0215,False,network,18,1,5,-47.185458,34.17975
single_slow_stage,random_17,7-15-8-10-10-10-8-12,0.022,False,network,18,1,5,-47.185458,34.17975
graded,uniform,10-10-10-10-10-10-10-10,0.006,True,,204,1,5,194.822486,25.0274
graded,uniform,10-10-10-10-10-10-10-10,0.0065,False,network,163,1,5,-95.259945,25.2347
graded,uniform,10-10-10-10-10-10-10-10,0.007,False,network,162,1,5,-95.096151,25.3979
graded,uniform,10-10-10-10-10-10-10-10,0.0075,False,network,159,1,5,-94.53892,25.3979
graded,uniform,10-10-10-10-10-10-10-10,0.008,False,network,110,1,5,-66.243,24.4745
graded,uniform,10-10-10-10-10-10-10-10,0.0085,False,network,108,1,5,-65.887095,24.4745
graded,uniform,10-10-10-10-10-10-10-10,0.009,False,network,70,1,5,-54.292271,24.3497
graded,uniform,10-10-10-10-10-10-10-10,0.0095,False,network,69,1,5,-54.109587,24.3449
graded,uniform,10-10-10-10-10-10-10-10,0.01,False,network,68,1,5,-53.945793,24.8201
graded,uniform,10-10-10-10-10-10-10-10,0.0105,False,network,68,1,5,-53.945793,24.8201
graded,uniform,10-10-10-10-10-10-10-10,0.011,False,network,66,1,5,-53.599352,24.8153
graded,uniform,10-10-10-10-10-10-10-10,0.0115,False,network,66,1,5,-53.599352,24.8153
graded,uniform,10-10-10-10-10-10-10-10,0.012,False,network,66,1,5,-53.599352,24.8153
graded,uniform,10-10-10-10-10-10-10-10,0.0125,False,network,58,1,5,-70.307152,24.8153
graded,uniform,10-10-10-10-10-10-10-10,0.013,False,network,23,1,5,-85.806616,24.8105
graded,uniform,10-10-10-10-10-10-10-10,0.0135,False,network,21,1,5,-85.468462,24.7961
graded,uniform,10-10-10-10-10-10-10-10,0.014,False,network,21,1,5,-85.468462,24.7961
graded,uniform,10-10-10-10-10-10-10-10,0.0145,False,network,21,1,5,-85.468462,24.7961
graded,uniform,10-10-10-10-10-10-10-10,0.015,False,network,21,1,5,-85.468462,24.7961
graded,uniform,10-10-10-10-10-10-10-10,0.0155,False,network,21,1,5,-85.468462,24.7961
graded,uniform,10-10-10-10-10-10-10-10,0.016,False,network,21,1,5,-85.468462,24.7961
graded,uniform,10-10-10-10-10-10-10-10,0.0165,False,network,20,1,5,-85.294123,24.7961
graded,uniform,10-10-10-10-10-10-10-10,0.017,False,network,20,1,5,-85.294123,24.7961
graded,uniform,10-10-10-10-10-10-10-10,0.0175,False,network,19,1,5,-85.112423,24.7961
graded,uniform,10-10-10-10-10-10-10-10,0.018,False,network,19,1,5,-85.112423,24.7961
graded,uniform,10-10-10-10-10-10-10-10,0.0185,False,network,19,1,5,-85.112423,24.7913
graded,uniform,10-10-10-10-10-10-10-10,0.019,False,network,19,1,5,-85.112423,24.7913
graded,uniform,10-10-10-10-10-10-10-10,0.0195,False,network,19,1,5,-85.112423,24.7913
graded,uniform,10-10-10-10-10-10-10-10,0.02,False,network,18,1,5,-84.949047,24.7865
graded,uniform,10-10-10-10-10-10-10-10,0.0205,False,network,18,1,5,-84.949047,24.7865
graded,uniform,10-10-10-10-10-10-10-10,0.021,False,network,18,1,5,-84.949047,24.7865
graded,uniform,10-10-10-10-10-10-10-10,0.0215,False,network,18,1,5,-84.949047,24.7865
graded,uniform,10-10-10-10-10-10-10-10,0.022,False,network,18,1,5,-84.949047,24.7865
graded,compute_balanced,14-13-12-11-9-8-7-6,0.006,True,,204,1,5,305.286558,32.64508
graded,compute_balanced,14-13-12-11-9-8-7-6,0.0065,True,,204,1,5,305.410455,32.63836
graded,compute_balanced,14-13-12-11-9-8-7-6,0.007,True,,204,1,6,50.12517,33.5401
graded,compute_balanced,14-13-12-11-9-8-7-6,0.0075,True,,204,1,6,50.248172,33.53338
graded,compute_balanced,14-13-12-11-9-8-7-6,0.008,True,,204,1,6,50.518438,33.51994
graded,compute_balanced,14-13-12-11-9-8-7-6,0.0085,True,,204,1,6,50.422994,33.52666
graded,compute_balanced,14-13-12-11-9-8-7-6,0.009,False,network,167,1,6,-223.551326,33.51994
graded,compute_balanced,14-13-12-11-9-8-7-6,0.0095,False,network,117,1,6,-188.251962,32.2339
graded,compute_balanced,14-13-12-11-9-8-7-6,0.01,False,network,116,1,6,-188.104313,32.22046
graded,compute_balanced,14-13-12-11-9-8-7-6,0.0105,False,network,104,1,6,-196.720266,32.34814
graded,compute_balanced,14-13-12-11-9-8-7-6,0.011,False,network,102,1,6,-196.442796,32.34814
graded,compute_balanced,14-13-12-11-9-8-7-6,0.0115,False,network,101,1,6,-196.299939,32.34814
graded,compute_balanced,14-13-12-11-9-8-7-6,0.012,False,network,74,1,6,-190.937024,32.34142
graded,compute_balanced,14-13-12-11-9-8-7-6,0.0125,False,network,74,1,6,-190.937024,32.34142
graded,compute_balanced,14-13-12-11-9-8-7-6,0.013,False,network,73,1,6,-190.790415,32.34142
graded,compute_balanced,14-13-12-11-9-8-7-6,0.0135,False,network,73,1,6,-190.790415,32.34142
graded,compute_balanced,14-13-12-11-9-8-7-6,0.014,False,network,68,1,6,-190.128557,32.46238
graded,compute_balanced,14-13-12-11-9-8-7-6,0.0145,False,network,68,1,6,-190.128557,32.45566
graded,compute_balanced,14-13-12-11-9-8-7-6,0.015,False,network,68,1,6,-190.128557,32.45566
graded,compute_balanced,14-13-12-11-9-8-7-6,0.0155,False,network,68,1,6,-190.128557,32.45566
graded,compute_balanced,14-13-12-11-9-8-7-6,0.016,False,network,60,1,6,-190.737322,32.45566
graded,compute_balanced,14-13-12-11-9-8-7-6,0.0165,False,network,60,1,6,-190.737322,32.45566
graded,compute_balanced,14-13-12-11-9-8-7-6,0.017,False,network,59,1,6,-190.595619,32.45566
graded,compute_balanced,14-13-12-11-9-8-7-6,0.0175,False,network,26,1,6,-200.910887,32.44894
graded,compute_balanced,14-13-12-11-9-8-7-6,0.018,False,network,26,1,6,-200.910887,32.44222
graded,compute_balanced,14-13-12-11-9-8-7-6,0.0185,False,network,26,1,6,-200.910887,32.4355
graded,compute_balanced,14-13-12-11-9-8-7-6,0.019,False,network,25,1,6,-200.78158,32.4355
graded,compute_balanced,14-13-12-11-9-8-7-6,0.0195,False,network,25,1,6,-200.78158,32.4355
graded,compute_balanced,14-13-12-11-9-8-7-6,0.02,False,network,25,1,6,-200.78158,32.4355
graded,compute_balanced,14-13-12-11-9-8-7-6,0.0205,False,network,25,1,6,-200.78158,32.4355
graded,compute_balanced,14-13-12-11-9-8-7-6,0.021,False,network,24,1,6,-200.645289,32.4355
graded,compute_balanced,14-13-12-11-9-8-7-6,0.0215,False,network,23,1,6,-200.508688,32.42878
graded,compute_balanced,14-13-12-11-9-8-7-6,0.022,False,network,23,1,6,-200.508688,32.42878
graded,random_00,8-12-8-9-10-9-13-11,0.006,True,,204,1,5,152.858077,30.73562
graded,random_00,8-12-8-9-10-9-13-11,0.0065,False,network,162,1,5,-150.51567,31.22351
graded,random_00,8-12-8-9-10-9-13-11,0.007,False,network,160,1,5,-150.108196,31.21727
graded,random_00,8-12-8-9-10-9-13-11,0.0075,False,network,158,1,5,-149.701621,31.21103
graded,random_00,8-12-8-9-10-9-13-11,0.008,False,network,110,1,5,-118.613383,30.01685
graded,random_00,8-12-8-9-10-9-13-11,0.0085,False,network,98,1,5,-125.57643,30.00437
graded,random_00,8-12-8-9-10-9-13-11,0.009,False,network,69,1,5,-105.118811,29.84837
graded,random_00,8-12-8-9-10-9-13-11,0.0095,False,network,69,1,5,-105.118811,29.84837
graded,random_00,8-12-8-9-10-9-13-11,0.01,False,network,68,1,5,-104.938205,30.46613
graded,random_00,8-12-8-9-10-9-13-11,0.0105,False,network,66,1,5,-104.554809,30.45989
graded,random_00,8-12-8-9-10-9-13-11,0.011,False,network,66,1,5,-104.554809,30.45989
graded,random_00,8-12-8-9-10-9-13-11,0.0115,False,network,66,1,5,-104.554809,30.45989
graded,random_00,8-12-8-9-10-9-13-11,0.012,False,network,66,1,5,-104.554809,30.45989
graded,random_00,8-12-8-9-10-9-13-11,0.0125,False,network,23,1,5,-140.248521,30.45989
graded,random_00,8-12-8-9-10-9-13-11,0.013,False,network,22,1,5,-140.055263,30.44741
graded,random_00,8-12-8-9-10-9-13-11,0.0135,False,network,21,1,5,-139.874902,30.43493
graded,random_00,8-12-8-9-10-9-13-11,0.014,False,network,21,1,5,-139.874902,30.43493
graded,random_00,8-12-8-9-10-9-13-11,0.0145,False,network,21,1,5,-139.874902,30.43493
graded,random_00,8-12-8-9-10-9-13-11,0.015,False,network,21,1,5,-139.874902,30.43493
graded,random_00,8-12-8-9-10-9-13-11,0.0155,False,network,21,1,5,-139.874902,30.43493
graded,random_00,8-12-8-9-10-9-13-11,0.016,False,network,21,1,5,-139.874902,30.43493
graded,random_00,8-12-8-9-10-9-13-11,0.0165,False,network,20,1,5,-139.681915,30.43493
graded,random_00,8-12-8-9-10-9-13-11,0.017,False,network,19,1,5,-139.480241,30.43493
graded,random_00,8-12-8-9-10-9-13-11,0.0175,False,network,19,1,5,-139.480241,30.43493
graded,random_00,8-12-8-9-10-9-13-11,0.018,False,network,19,1,5,-139.480241,30.42869
graded,random_00,8-12-8-9-10-9-13-11,0.0185,False,network,19,1,5,-139.480241,30.42869
graded,random_00,8-12-8-9-10-9-13-11,0.019,False,network,19,1,5,-139.480241,30.42869
graded,random_00,8-12-8-9-10-9-13-11,0.0195,False,network,18,1,5,-139.300125,30.42245
graded,random_00,8-12-8-9-10-9-13-11,0.02,False,network,18,1,5,-139.300125,30.42245
graded,random_00,8-12-8-9-10-9-13-11,0.0205,False,network,18,1,5,-139.300125,30.42245
graded,random_00,8-12-8-9-10-9-13-11,0.021,False,network,18,1,5,-139.300125,30.42245
graded,random_00,8-12-8-9-10-9-13-11,0.0215,False,network,18,1,5,-139.300125,30.42245
graded,random_00,8-12-8-9-10-9-13-11,0.022,False,network,17,1,5,-139.107409,30.42245
graded,random_01,9-14-9-8-9-10-12-9,0.006,True,,204,1,5,200.120756,32.63836
graded,random_01,9-14-9-8-9-10-12-9,0.0065,False,network,163,1,5,-88.271261,32.9353
graded,random_01,9-14-9-8-9-10-12-9,0.007,False,network,162,1,5,-88.109538,33.15706
graded,random_01,9-14-9-8-9-10-12-9,0.0075,False,network,160,1,5,-87.74765,33.15706
graded,random_01,9-14-9-8-9-10-12-9,0.008,False,network,110,1,5,-59.630618,31.8643
graded,random_01,9-14-9-8-9-10-12-9,0.0085,False,network,108,1,5,-59.279455,31.8643
graded,random_01,9-14-9-8-9-10-12-9,0.009,False,network,70,1,5,-47.844322,31.68958
graded,random_01,9-14-9-8-9-10-12-9,0.0095,False,network,69,1,5,-47.664107,31.68286
graded,random_01,9-14-9-8-9-10-12-9,0.01,False,network,68,1,5,-47.502383,32.34814
graded,random_01,9-14-9-8-9-10-12-9,0.0105,False,network,68,1,5,-47.502383,32.34814
graded,random_01,9-14-9-8-9-10-12-9,0.011,False,network,66,1,5,-47.16048,32.34142
graded,random_01,9-14-9-8-9-10-12-9,0.0115,False,network,66,1,5,-47.16048,32.34142
graded,random_01,9-14-9-8-9-10-12-9,0.012,False,network,66,1,5,-47.16048,32.34142
graded,random_01,9-14-9-8-9-10-12-9,0.0125,False,network,58,1,5,-63.63961,32.34142
graded,random_01,9-14-9-8-9-10-12-9,0.013,False,network,23,1,5,-78.939636,32.3347
graded,random_01,9-14-9-8-9-10-12-9,0.0135,False,network,21,1,5,-78.605843,32.31454
graded,random_01,9-14-9-8-9-10-12-9,0.014,False,network,21,1,5,-78.605843,32.31454
graded,random_01,9-14-9-8-9-10-12-9,0.0145,False,network,21,1,5,-78.605843,32.31454
graded,random_01,9-14-9-8-9-10-12-9,0.015,False,network,21,1,5,-78.605843,32.31454
graded,random_01,9-14-9-8-9-10-12-9,0.0155,False,network,21,1,5,-78.605843,32.31454
graded,random_01,9-14-9-8-9-10-12-9,0.016,False,network,21,1,5,-78.605843,32.31454
graded,random_01,9-14-9-8-9-10-12-9,0.0165,False,network,21,1,5,-78.605843,32.31454
graded,random_01,9-14-9-8-9-10-12-9,0.017,False,network,20,1,5,-78.433793,32.31454
graded,random_01,9-14-9-8-9-10-12-9,0.0175,False,network,19,1,5,-78.25454,32.31454
graded,random_01,9-14-9-8-9-10-12-9,0.018,False,network,19,1,5,-78.25454,32.31454
graded,random_01,9-14-9-8-9-10-12-9,0.0185,False,network,19,1,5,-78.25454,32.30782
graded,random_01,9-14-9-8-9-10-12-9,0.019,False,network,19,1,5,-78.25454,32.30782
graded,random_01,9-14-9-8-9-10-12-9,0.0195,False,network,19,1,5,-78.25454,32.30782
graded,random_01,9-14-9-8-9-10-12-9,0.02,False,network,18,1,5,-78.093226,32.3011
graded,random_01,9-14-9-8-9-10-12-9,0.0205,False,network,18,1,5,-78.093226,32.3011
graded,random_01,9-14-9-8-9-10-12-9,0.021,False,network,18,1,5,-78.093226,32.3011
graded,random_01,9-14-9-8-9-10-12-9,0.0215,False,network,18,1,5,-78.093226,32.3011
graded,random_01,9-14-9-8-9-10-12-9,0.022,False,network,18,1,5,-78.093226,32.3011
graded,random_02,10-8-13-7-14-13-9-6,0.006,True,,204,1,5,230.305957,32.64508
graded,random_02,10-8-13-7-14-13-9-6,0.0065,True,,204,1,5,230.735577,33.04282
graded,random_02,10-8-13-7-14-13-9-6,0.007,False,network,162,1,5,-48.150625,33.16378
graded,random_02,10-8-13-7-14-13-9-6,0.0075,False,network,160,1,5,-47.816533,33.15706
graded,random_02,10-8-13-7-14-13-9-6,0.008,False,network,111,1,5,-21.918474,31.8643
graded,random_02,10-8-13-7-14-13-9-6,0.0085,False,network,109,1,5,-21.594958,31.8643
graded,random_02,10-8-13-7-14-13-9-6,0.009,False,network,97,1,5,-27.363775,31.84414
graded,random_02,10-8-13-7-14-13-9-6,0.0095,False,network,69,1,5,-10.736022,31.68286
graded,random_02,10-8-13-7-14-13-9-6,0.01,False,network,69,1,5,-10.736022,32.34814
graded,random_02,10-8-13-7-14-13-9-6,0.0105,False,network,68,1,5,-10.585932,32.34814
graded,random_02,10-8-13-7-14-13-9-6,0.011,False,network,66,1,5,-10.269457,32.34142
graded,random_02,10-8-13-7-14-13-9-6,0.0115,False,network,66,1,5,-10.269457,32.34142
graded,random_02,10-8-13-7-14-13-9-6,0.012,False,network,66,1,5,-10.269457,32.34142
graded,random_02,10-8-13-7-14-13-9-6,0.0125,False,network,66,1,5,-10.269457,32.34142
graded,random_02,10-8-13-7-14-13-9-6,0.013,False,network,23,1,5,-39.649465,32.34142
graded,random_02,10-8-13-7-14-13-9-6,0.0135,False,network,22,1,5,-39.490044,32.32798
graded,random_02,10-8-13-7-14-13-9-6,0.014,False,network,21,1,5,-39.340136,32.31454
graded,random_02,10-8-13-7-14-13-9-6,0.0145,False,network,21,1,5,-39.340136,32.31454
graded,random_02,10-8-13-7-14-13-9-6,0.015,False,network,21,1,5,-39.340136,32.31454
graded,random_02,10-8-13-7-14-13-9-6,0.0155,False,network,21,1,5,-39.340136,32.31454
graded,random_02,10-8-13-7-14-13-9-6,0.016,False,network,21,1,5,-39.340136,32.31454
graded,random_02,10-8-13-7-14-13-9-6,0.0165,False,network,21,1,5,-39.340136,32.31454
graded,random_02,10-8-13-7-14-13-9-6,0.017,False,network,20,1,5,-39.180915,32.31454
graded,random_02,10-8-13-7-14-13-9-6,0.0175,False,network,20,1,5,-39.180915,32.31454
graded,random_02,10-8-13-7-14-13-9-6,0.018,False,network,19,1,5,-39.015346,32.31454
graded,random_02,10-8-13-7-14-13-9-6,0.0185,False,network,19,1,5,-39.015346,32.30782
graded,random_02,10-8-13-7-14-13-9-6,0.019,False,network,19,1,5,-39.015346,32.30782
graded,random_02,10-8-13-7-14-13-9-6,0.0195,False,network,19,1,5,-39.015346,32.30782
graded,random_02,10-8-13-7-14-13-9-6,0.02,False,network,19,1,5,-39.015346,32.30782
graded,random_02,10-8-13-7-14-13-9-6,0.0205,False,network,18,1,5,-38.865619,32.3011
graded,random_02,10-8-13-7-14-13-9-6,0.021,False,network,18,1,5,-38.865619,32.3011
graded,random_02,10-8-13-7-14-13-9-6,0.0215,False,network,18,1,5,-38.865619,32.3011
graded,random_02,10-8-13-7-14-13-9-6,0.022,False,network,18,1,5,-38.865619,32.3011
graded,random_03,12-12-11-7-8-10-11-9,0.006,True,,204,1,5,220.975049,28.83864
graded,random_03,12-12-11-7-8-10-11-9,0.0065,True,,204,1,5,221.421886,29.17956
graded,random_03,12-12-11-7-8-10-11-9,0.007,False,network,162,1,5,-60.428149,29.28324
graded,random_03,12-12-11-7-8-10-11-9,0.0075,False,network,160,1,5,-60.085632,29.27748
graded,random_03,12-12-11-7-8-10-11-9,0.008,False,network,110,1,5,-33.409523,28.1694
graded,random_03,12-12-11-7-8-10-11-9,0.0085,False,network,108,1,5,-33.076855,28.1694
graded,random_03,12-12-11-7-8-10-11-9,0.009,False,network,70,1,5,-22.264534,28.01964
graded,random_03,12-12-11-7-8-10-11-9,0.0095,False,network,69,1,5,-22.093935,28.01388
graded,random_03,12-12-11-7-8-10-11-9,0.01,False,network,69,1,5,-22.093935,28.58412
graded,random_03,12-12-11-7-8-10-11-9,0.0105,False,network,68,1,5,-21.940309,28.58412
graded,random_03,12-12-11-7-8-10-11-9,0.011,False,network,66,1,5,-21.616116,28.57836
graded,random_03,12-12-11-7-8-10-11-9,0.0115,False,network,66,1,5,-21.616116,28.57836
graded,random_03,12-12-11-7-8-10-11-9,0.012,False,network,66,1,5,-21.616116,28.57836
graded,random_03,12-12-11-7-8-10-11-9,0.0125,False,network,66,1,5,-21.616116,28.57836
graded,random_03,12-12-11-7-8-10-11-9,0.013,False,network,23,1,5,-51.724316,28.5726
graded,random_03,12-12-11-7-8-10-11-9,0.0135,False,network,22,1,5,-51.560994,28.56684
graded,random_03,12-12-11-7-8-10-11-9,0.014,False,network,21,1,5,-51.407557,28.55532
graded,random_03,12-12-11-7-8-10-11-9,0.0145,False,network,21,1,5,-51.407557,28.55532
graded,random_03,12-12-11-7-8-10-11-9,0.015,False,network,21,1,5,-51.407557,28.55532
graded,random_03,12-12-11-7-8-10-11-9,0.0155,False,network,21,1,5,-51.407557,28.55532
graded,random_03,12-12-11-7-8-10-11-9,0.016,False,network,21,1,5,-51.407557,28.55532
graded,random_03,12-12-11-7-8-10-11-9,0.0165,False,network,21,1,5,-51.407557,28.55532
graded,random_03,12-12-11-7-8-10-11-9,0.017,False,network,20,1,5,-51.244442,28.55532
graded,random_03,12-12-11-7-8-10-11-9,0.0175,False,network,19,1,5,-51.074724,28.55532
graded,random_03,12-12-11-7-8-10-11-9,0.018,False,network,19,1,5,-51.074724,28.55532
graded,random_03,12-12-11-7-8-10-11-9,0.0185,False,network,19,1,5,-51.074724,28.54956
graded,random_03,12-12-11-7-8-10-11-9,0.019,False,network,19,1,5,-51.074724,28.54956
graded,random_03,12-12-11-7-8-10-11-9,0.0195,False,network,19,1,5,-51.074724,28.54956
graded,random_03,12-12-11-7-8-10-11-9,0.02,False,network,19,1,5,-51.074724,28.54956
graded,random_03,12-12-11-7-8-10-11-9,0.0205,False,network,18,1,5,-50.921476,28.5438
graded,random_03,12-12-11-7-8-10-11-9,0.021,False,network,18,1,5,-50.921476,28.5438
graded,random_03,12-12-11-7-8-10-11-9,0.0215,False,network,18,1,5,-50.921476,28.5438
graded,random_03,12-12-11-7-8-10-11-9,0.022,False,network,18,1,5,-50.921476,28.5438
graded,random_04,10-9-12-7-14-6-11-11,0.006,True,,204,1,5,184.199768,32.63836
graded,random_04,10-9-12-7-14-6-11-11,0.0065,False,network,163,1,5,-109.278929,33.16378
graded,random_04,10-9-12-7-14-6-11-11,0.007,False,network,161,1,5,-108.930282,33.15706
graded,random_04,10-9-12-7-14-6-11-11,0.0075,False,network,159,1,5,-108.5383,33.15034
graded,random_04,10-9-12-7-14-6-11-11,0.008,False,network,110,1,5,-79.500238,31.8643
graded,random_04,10-9-12-7-14-6-11-11,0.0085,False,network,99,1,5,-86.125308,31.85758
graded,random_04,10-9-12-7-14-6-11-11,0.009,False,network,70,1,5,-67.216539,31.68286
graded,random_04,10-9-12-7-14-6-11-11,0.0095,False,network,69,1,5,-67.028856,31.68286
graded,random_04,10-9-12-7-14-6-11-11,0.01,False,network,68,1,5,-66.860875,32.34814
graded,random_04,10-9-12-7-14-6-11-11,0.0105,False,network,67,1,5,-66.692675,32.34814
graded,random_04,10-9-12-7-14-6-11-11,0.011,False,network,66,1,5,-66.50525,32.34142
graded,random_04,10-9-12-7-14-6-11-11,0.0115,False,network,66,1,5,-66.50525,32.34142
graded,random_04,10-9-12-7-14-6-11-11,0.012,False,network,66,1,5,-66.50525,32.34142
graded,random_04,10-9-12-7-14-6-11-11,0.0125,False,network,58,1,5,-83.676149,32.34142
graded,random_04,10-9-12-7-14-6-11-11,0.013,False,network,23,1,5,-99.579001,32.34142
graded,random_04,10-9-12-7-14-6-11-11,0.0135,False,network,21,1,5,-99.232024,32.31454
graded,random_04,10-9-12-7-14-6-11-11,0.014,False,network,21,1,5,-99.232024,32.31454
graded,random_04,10-9-12-7-14-6-11-11,0.0145,False,network,21,1,5,-99.232024,32.31454
graded,random_04,10-9-12-7-14-6-11-11,0.015,False,network,21,1,5,-99.232024,32.31454
graded,random_04,10-9-12-7-14-6-11-11,0.0155,False,network,21,1,5,-99.232024,32.31454
graded,random_04,10-9-12-7-14-6-11-11,0.016,False,network,21,1,5,-99.232024,32.31454
graded,random_04,10-9-12-7-14-6-11-11,0.0165,False,network,20,1,5,-99.053051,32.31454
graded,random_04,10-9-12-7-14-6-11-11,0.017,False,network,20,1,5,-99.053051,32.31454
graded,random_04,10-9-12-7-14-6-11-11,0.0175,False,network,19,1,5,-98.866396,32.31454
graded,random_04,10-9-12-7-14-6-11-11,0.018,False,network,19,1,5,-98.866396,32.30782
graded,random_04,10-9-12-7-14-6-11-11,0.0185,False,network,19,1,5,-98.866396,32.30782
graded,random_04,10-9-12-7-14-6-11-11,0.019,False,network,19,1,5,-98.866396,32.30782
graded,random_04,10-9-12-7-14-6-11-11,0.0195,False,network,19,1,5,-98.866396,32.30782
graded,random_04,10-9-12-7-14-6-11-11,0.02,False,network,18,1,5,-98.69885,32.3011
graded,random_04,10-9-12-7-14-6-11-11,0.0205,False,network,18,1,5,-98.69885,32.3011
graded,random_04,10-9-12-7-14-6-11-11,0.021,False,network,18,1,5,-98.69885,32.3011
graded,random_04,10-9-12-7-14-6-11-11,0.0215,False,network,18,1,5,-98.69885,32.3011
graded,random_04,10-9-12-7-14-6-11-11,0.022,False,network,17,1,5,-98.520117,32.3011
graded,random_05,10-5-14-10-7-10-12-12,0.006,True,,204,1,5,145.994924,32.63836
graded,random_05,10-5-14-10-7-10-12-12,0.0065,False,network,162,1,5,-159.593373,33.16378
graded,random_05,10-5-14-10-7-10-12-12,0.007,False,network,160,1,5,-159.179045,33.15706
graded,random_05,10-5-14-10-7-10-12-12,0.0075,False,network,158,1,5,-158.765642,33.15034
graded,random_05,10-5-14-10-7-10-12-12,0.008,False,network,110,1,5,-127.178012,31.8643
graded,random_05,10-5-14-10-7-10-12-12,0.0085,False,network,98,1,5,-134.254427,31.85086
graded,random_05,10-5-14-10-7-10-12-12,0.009,False,network,69,1,5,-113.454181,31.68286
graded,random_05,10-5-14-10-7-10-12-12,0.0095,False,network,69,1,5,-113.454181,32.34814
graded,random_05,10-5-14-10-7-10-12-12,0.01,False,network,68,1,5,-113.270757,32.34814
graded,random_05,10-5-14-10-7-10-12-12,0.0105,False,network,66,1,5,-112.881145,32.34142
graded,random_05,10-5-14-10-7-10-12-12,0.011,False,network,66,1,5,-112.881145,32.34142
graded,random_05,10-5-14-10-7-10-12-12,0.0115,False,network,66,1,5,-112.881145,32.34142
graded,random_05,10-5-14-10-7-10-12-12,0.012,False,network,66,1,5,-112.881145,32.34142
graded,random_05,10-5-14-10-7-10-12-12,0.0125,False,network,23,1,5,-149.161226,32.3347
graded,random_05,10-5-14-10-7-10-12-12,0.013,False,network,21,1,5,-148.781651,32.32798
graded,random_05,10-5-14-10-7-10-12-12,0.0135,False,network,21,1,5,-148.781651,32.31454
graded,random_05,10-5-14-10-7-10-12-12,0.014,False,network,21,1,5,-148.781651,32.31454
graded,random_05,10-5-14-10-7-10-12-12,0.0145,False,network,21,1,5,-148.781651,32.31454
graded,random_05,10-5-14-10-7-10-12-12,0.015,False,network,21,1,5,-148.781651,32.31454
graded,random_05,10-5-14-10-7-10-12-12,0.0155,False,network,21,1,5,-148.781651,32.31454
graded,random_05,10-5-14-10-7-10-12-12,0.016,False,network,21,1,5,-148.781651,32.31454
graded,random_05,10-5-14-10-7-10-12-12,0.0165,False,network,20,1,5,-148.585526,32.31454
graded,random_05,10-5-14-10-7-10-12-12,0.017,False,network,19,1,5,-148.380485,32.31454
graded,random_05,10-5-14-10-7-10-12-12,0.0175,False,network,19,1,5,-148.380485,32.31454
graded,random_05,10-5-14-10-7-10-12-12,0.018,False,network,19,1,5,-148.380485,32.30782
graded,random_05,10-5-14-10-7-10-12-12,0.0185,False,network,19,1,5,-148.380485,32.30782
graded,random_05,10-5-14-10-7-10-12-12,0.019,False,network,19,1,5,-148.380485,32.30782
graded,random_05,10-5-14-10-7-10-12-12,0.0195,False,network,18,1,5,-148.197563,32.3011
graded,random_05,10-5-14-10-7-10-12-12,0.02,False,network,18,1,5,-148.197563,32.3011
graded,random_05,10-5-14-10-7-10-12-12,0.0205,False,network,18,1,5,-148.197563,32.3011
graded,random_05,10-5-14-10-7-10-12-12,0.021,False,network,18,1,5,-148.197563,32.3011
graded,random_05,10-5-14-10-7-10-12-12,0.0215,False,network,17,1,5,-148.001716,32.3011
graded,random_05,10-5-14-10-7-10-12-12,0.022,False,network,17,1,5,-148.001716,32.3011
graded,random_06,8-13-10-11-12-10-6-10,0.006,True,,204,1,5,224.478051,30.74186
graded,random_06,8-13-10-11-12-10-6-10,0.0065,True,,204,1,5,224.918401,31.11119
graded,random_06,8-13-10-11-12-10-6-10,0.007,False,network,162,1,5,-55.81809,31.22351
graded,random_06,8-13-10-11-12-10-6-10,0.0075,False,network,160,1,5,-55.478748,31.21727
graded,random_06,8-13-10-11-12-10-6-10,0.008,False,network,110,1,5,-29.039178,30.01685
graded,random_06,8-13-10-11-12-10-6-10,0.0085,False,network,109,1,5,-28.863152,30.01685
graded,random_06,8-13-10-11-12-10-6-10,0.009,False,network,97,1,5,-34.719701,29.99813
graded,random_06,8-13-10-11-12-10-6-10,0.0095,False,network,69,1,5,-17.830388,29.84837
graded,random_06,8-13-10-11-12-10-6-10,0.01,False,network,69,1,5,-17.830388,30.46613
graded,random_06,8-13-10-11-12-10-6-10,0.0105,False,network,68,1,5,-17.678094,30.46613
graded,random_06,8-13-10-11-12-10-6-10,0.011,False,network,66,1,5,-17.356808,30.45989
graded,random_06,8-13-10-11-12-10-6-10,0.0115,False,network,66,1,5,-17.356808,30.45989
graded,random_06,8-13-10-11-12-10-6-10,0.012,False,network,66,1,5,-17.356808,30.45989
graded,random_06,8-13-10-11-12-10-6-10,0.0125,False,network,66,1,5,-17.356808,30.45989
graded,random_06,8-13-10-11-12-10-6-10,0.013,False,network,23,1,5,-47.190649,30.45989
graded,random_06,8-13-10-11-12-10-6-10,0.0135,False,network,22,1,5,-47.028797,30.44741
graded,random_06,8-13-10-11-12-10-6-10,0.014,False,network,21,1,5,-46.876689,30.43493
graded,random_06,8-13-10-11-12-10-6-10,0.0145,False,network,21,1,5,-46.876689,30.43493
graded,random_06,8-13-10-11-12-10-6-10,0.015,False,network,21,1,5,-46.876689,30.43493
graded,random_06,8-13-10-11-12-10-6-10,0.0155,False,network,21,1,5,-46.876689,30.43493
graded,random_06,8-13-10-11-12-10-6-10,0.016,False,network,21,1,5,-46.876689,30.43493
graded,random_06,8-13-10-11-12-10-6-10,0.0165,False,network,21,1,5,-46.876689,30.43493
graded,random_06,8-13-10-11-12-10-6-10,0.017,False,network,20,1,5,-46.715041,30.43493
graded,random_06,8-13-10-11-12-10-6-10,0.0175,False,network,19,1,5,-46.546887,30.43493
graded,random_06,8-13-10-11-12-10-6-10,0.018,False,network,19,1,5,-46.546887,30.43493
graded,random_06,8-13-10-11-12-10-6-10,0.0185,False,network,19,1,5,-46.546887,30.42869
graded,random_06,8-13-10-11-12-10-6-10,0.019,False,network,19,1,5,-46.546887,30.42869
graded,random_06,8-13-10-11-12-10-6-10,0.0195,False,network,19,1,5,-46.546887,30.42869
graded,random_06,8-13-10-11-12-10-6-10,0.02,False,network,19,1,5,-46.546887,30.42869
graded,random_06,8-13-10-11-12-10-6-10,0.0205,False,network,18,1,5,-46.394964,30.42245
graded,random_06,8-13-10-11-12-10-6-10,0.021,False,network,18,1,5,-46.394964,30.42245
graded,random_06,8-13-10-11-12-10-6-10,0.0215,False,network,18,1,5,-46.394964,30.42245
graded,random_06,8-13-10-11-12-10-6-10,0.022,False,network,18,1,5,-46.394964,30.42245
graded,random_07,10-9-9-9-15-13-8-7,0.006,True,,204,1,5,219.981334,34.5483
graded,random_07,10-9-9-9-15-13-8-7,0.0065,True,,204,1,5,220.430016,34.97445
graded,random_07,10-9-9-9-15-13-8-7,0.007,False,network,162,1,5,-61.736093,35.10405
graded,random_07,10-9-9-9-15-13-8-7,0.0075,False,network,160,1,5,-61.392673,35.09685
graded,random_07,10-9-9-9-15-13-8-7,0.008,False,network,110,1,5,-34.649276,33.71175
graded,random_07,10-9-9-9-15-13-8-7,0.0085,False,network,108,1,5,-34.315745,33.71175
graded,random_07,10-9-9-9-15-13-8-7,0.009,False,network,70,1,5,-23.474351,33.52455
graded,random_07,10-9-9-9-15-13-8-7,0.0095,False,network,69,1,5,-23.303304,33.51735
graded,random_07,10-9-9-9-15-13-8-7,0.01,False,network,69,1,5,-23.303304,34.23015
graded,random_07,10-9-9-9-15-13-8-7,0.0105,False,network,68,1,5,-23.149299,34.23015
graded,random_07,10-9-9-9-15-13-8-7,0.011,False,network,66,1,5,-22.824279,34.22295
graded,random_07,10-9-9-9-15-13-8-7,0.0115,False,network,66,1,5,-22.824279,34.22295
graded,random_07,10-9-9-9-15-13-8-7,0.012,False,network,66,1,5,-22.824279,34.22295
graded,random_07,10-9-9-9-15-13-8-7,0.0125,False,network,66,1,5,-22.824279,34.22295
graded,random_07,10-9-9-9-15-13-8-7,0.013,False,network,23,1,5,-53.010523,34.21575
graded,random_07,10-9-9-9-15-13-8-7,0.0135,False,network,22,1,5,-52.846783,34.20855
graded,random_07,10-9-9-9-15-13-8-7,0.014,False,network,21,1,5,-52.692968,34.19415
graded,random_07,10-9-9-9-15-13-8-7,0.0145,False,network,21,1,5,-52.692968,34.19415
graded,random_07,10-9-9-9-15-13-8-7,0.015,False,network,21,1,5,-52.692968,34.19415
graded,random_07,10-9-9-9-15-13-8-7,0.0155,False,network,21,1,5,-52.692968,34.19415
graded,random_07,10-9-9-9-15-13-8-7,0.016,False,network,21,1,5,-52.692968,34.19415
graded,random_07,10-9-9-9-15-13-8-7,0.0165,False,network,21,1,5,-52.692968,34.19415
graded,random_07,10-9-9-9-15-13-8-7,0.017,False,network,20,1,5,-52.529436,34.19415
graded,random_07,10-9-9-9-15-13-8-7,0.0175,False,network,19,1,5,-52.359273,34.19415
graded,random_07,10-9-9-9-15-13-8-7,0.018,False,network,19,1,5,-52.359273,34.19415
graded,random_07,10-9-9-9-15-13-8-7,0.0185,False,network,19,1,5,-52.359273,34.18695
graded,random_07,10-9-9-9-15-13-8-7,0.019,False,network,19,1,5,-52.359273,34.18695
graded,random_07,10-9-9-9-15-13-8-7,0.0195,False,network,19,1,5,-52.359273,34.18695
graded,random_07,10-9-9-9-15-13-8-7,0.02,False,network,19,1,5,-52.359273,34.18695
graded,random_07,10-9-9-9-15-13-8-7,0.0205,False,network,18,1,5,-52.205647,34.17975
graded,random_07,10-9-9-9-15-13-8-7,0.021,False,network,18,1,5,-52.205647,34.17975
graded,random_07,10-9-9-9-15-13-8-7,0.0215,False,network,18,1,5,-52.205647,34.17975
graded,random_07,10-9-9-9-15-13-8-7,0.022,False,network,18,1,5,-52.205647,34.17975
graded,random_08,12-10-8-15-9-10-5-11,0.006,True,,204,1,5,230.807838,34.5483
graded,random_08,12-10-8-15-9-10-5-11,0.0065,True,,204,1,5,231.236536,34.97445
graded,random_08,12-10-8-15-9-10-5-11,0.007,False,network,162,1,5,-47.49046,35.10405
graded,random_08,12-10-8-15-9-10-5-11,0.0075,False,network,160,1,5,-47.156817,35.09685
graded,random_08,12-10-8-15-9-10-5-11,0.008,False,network,111,1,5,-21.292128,33.71175
graded,random_08,12-10-8-15-9-10-5-11,0.0085,False,network,109,1,5,-20.969039,33.71175
graded,random_08,12-10-8-15-9-10-5-11,0.009,False,network,97,1,5,-26.730333,33.69015
graded,random_08,12-10-8-15-9-10-5-11,0.0095,False,network,69,1,5,-10.125012,33.51735
graded,random_08,12-10-8-15-9-10-5-11,0.01,False,network,69,1,5,-10.125012,34.23015
graded,random_08,12-10-8-15-9-10-5-11,0.0105,False,network,68,1,5,-9.975111,34.23015
graded,random_08,12-10-8-15-9-10-5-11,0.011,False,network,66,1,5,-9.659048,34.22295
graded,random_08,12-10-8-15-9-10-5-11,0.0115,False,network,66,1,5,-9.659048,34.22295
graded,random_08,12-10-8-15-9-10-5-11,0.012,False,network,66,1,5,-9.659048,34.22295
graded,random_08,12-10-8-15-9-10-5-11,0.0125,False,network,66,1,5,-9.659048,34.22295
graded,random_08,12-10-8-15-9-10-5-11,0.013,False,network,23,1,5,-39.000127,34.22295
graded,random_08,12-10-8-15-9-10-5-11,0.0135,False,network,23,1,5,-39.000127,34.21575
graded,random_08,12-10-8-15-9-10-5-11,0.014,False,network,21,1,5,-38.691195,34.19415
graded,random_08,12-10-8-15-9-10-5-11,0.0145,False,network,21,1,5,-38.691195,34.19415
graded,random_08,12-10-8-15-9-10-5-11,0.015,False,network,21,1,5,-38.691195,34.19415
graded,random_08,12-10-8-15-9-10-5-11,0.0155,False,network,21,1,5,-38.691195,34.19415
graded,random_08,12-10-8-15-9-10-5-11,0.016,False,network,21,1,5,-38.691195,34.19415
graded,random_08,12-10-8-15-9-10-5-11,0.0165,False,network,21,1,5,-38.691195,34.19415
graded,random_08,12-10-8-15-9-10-5-11,0.017,False,network,20,1,5,-38.532182,34.19415
graded,random_08,12-10-8-15-9-10-5-11,0.0175,False,network,20,1,5,-38.532182,34.19415
graded,random_08,12-10-8-15-9-10-5-11,0.018,False,network,19,1,5,-38.366835,34.19415
graded,random_08,12-10-8-15-9-10-5-11,0.0185,False,network,19,1,5,-38.366835,34.18695
graded,random_08,12-10-8-15-9-10-5-11,0.019,False,network,19,1,5,-38.366835,34.18695
graded,random_08,12-10-8-15-9-10-5-11,0.0195,False,network,19,1,5,-38.366835,34.18695
graded,random_08,12-10-8-15-9-10-5-11,0.02,False,network,19,1,5,-38.366835,34.18695
graded,random_08,12-10-8-15-9-10-5-11,0.0205,False,network,18,1,5,-38.217296,34.17975
graded,random_08,12-10-8-15-9-10-5-11,0.021,False,network,18,1,5,-38.217296,34.17975
graded,random_08,12-10-8-15-9-10-5-11,0.0215,False,network,18,1,5,-38.217296,34.17975
graded,random_08,12-10-8-15-9-10-5-11,0.022,False,network,18,1,5,-38.217296,34.17975
graded,random_09,10-9-9-11-12-11-9-9,0.006,True,,204,1,5,202.097905,28.83288
graded,random_09,10-9-9-11-12-11-9-9,0.0065,False,network,163,1,5,-85.663905,29.0874
graded,random_09,10-9-9-11-12-11-9-9,0.007,False,network,162,1,5,-85.502951,29.27748
graded,random_09,10-9-9-11-12-11-9-9,0.0075,False,network,160,1,5,-85.14291,29.27748
graded,random_09,10-9-9-11-12-11-9-9,0.008,False,network,110,1,5,-57.163067,28.1694
graded,random_09,10-9-9-11-12-11-9-9,0.0085,False,network,108,1,5,-56.813666,28.1694
graded,random_09,10-9-9-11-12-11-9-9,0.009,False,network,70,1,5,-45.437853,28.01964
graded,random_09,10-9-9-11-12-11-9-9,0.0095,False,network,69,1,5,-45.258554,28.01388
graded,random_09,10-9-9-11-12-11-9-9,0.01,False,network,68,1,5,-45.0976,28.58412
graded,random_09,10-9-9-11-12-11-9-9,0.0105,False,network,68,1,5,-45.0976,28.58412
graded,random_09,10-9-9-11-12-11-9-9,0.011,False,network,66,1,5,-44.757383,28.57836
graded,random_09,10-9-9-11-12-11-9-9,0.0115,False,network,66,1,5,-44.757383,28.57836
graded,random_09,10-9-9-11-12-11-9-9,0.012,False,network,66,1,5,-44.757383,28.57836
graded,random_09,10-9-9-11-12-11-9-9,0.0125,False,network,57,1,5,-60.972991,28.57836
graded,random_09,10-9-9-11-12-11-9-9,0.013,False,network,23,1,5,-76.377476,28.5726
graded,random_09,10-9-9-11-12-11-9-9,0.0135,False,network,21,1,5,-76.045303,28.55532
graded,random_09,10-9-9-11-12-11-9-9,0.014,False,network,21,1,5,-76.045303,28.55532
graded,random_09,10-9-9-11-12-11-9-9,0.0145,False,network,21,1,5,-76.045303,28.55532
graded,random_09,10-9-9-11-12-11-9-9,0.015,False,network,21,1,5,-76.045303,28.55532
graded,random_09,10-9-9-11-12-11-9-9,0.0155,False,network,21,1,5,-76.045303,28.55532
graded,random_09,10-9-9-11-12-11-9-9,0.016,False,network,21,1,5,-76.045303,28.55532
graded,random_09,10-9-9-11-12-11-9-9,0.0165,False,network,21,1,5,-76.045303,28.55532
graded,random_09,10-9-9-11-12-11-9-9,0.017,False,network,20,1,5,-75.874104,28.55532
graded,random_09,10-9-9-11-12-11-9-9,0.0175,False,network,19,1,5,-75.695759,28.55532
graded,random_09,10-9-9-11-12-11-9-9,0.018,False,network,19,1,5,-75.695759,28.55532
graded,random_09,10-9-9-11-12-11-9-9,0.0185,False,network,19,1,5,-75.695759,28.54956
graded,random_09,10-9-9-11-12-11-9-9,0.019,False,network,19,1,5,-75.695759,28.54956
graded,random_09,10-9-9-11-12-11-9-9,0.0195,False,network,19,1,5,-75.695759,28.54956
graded,random_09,10-9-9-11-12-11-9-9,0.02,False,network,19,1,5,-75.695759,28.5438
graded,random_09,10-9-9-11-12-11-9-9,0.0205,False,network,18,1,5,-75.535213,28.5438
graded,random_09,10-9-9-11-12-11-9-9,0.021,False,network,18,1,5,-75.535213,28.5438
graded,random_09,10-9-9-11-12-11-9-9,0.0215,False,network,18,1,5,-75.535213,28.5438
graded,random_09,10-9-9-11-12-11-9-9,0.022,False,network,18,1,5,-75.535213,28.5438
graded,random_10,14-10-5-10-7-14-10-10,0.006,True,,204,1,5,190.835093,32.63836
graded,random_10,14-10-5-10-7-14-10-10,0.0065,False,network,163,1,5,-100.521067,32.92858
graded,random_10,14-10-5-10-7-14-10-10,0.007,False,network,162,1,5,-100.355707,33.15706
graded,random_10,14-10-5-10-7-14-10-10,0.0075,False,network,159,1,5,-99.792715,33.15034
graded,random_10,14-10-5-10-7-14-10-10,0.008,False,network,110,1,5,-71.219329,31.8643
graded,random_10,14-10-5-10-7-14-10-10,0.0085,False,network,108,1,5,-70.859833,31.8643
graded,random_10,14-10-5-10-7-14-10-10,0.009,False,network,70,1,5,-59.14413,31.68958
graded,random_10,14-10-5-10-7-14-10-10,0.0095,False,network,69,1,5,-58.959578,31.68286
graded,random_10,14-10-5-10-7-14-10-10,0.01,False,network,68,1,5,-58.794218,32.34814
graded,random_10,14-10-5-10-7-14-10-10,0.0105,False,network,68,1,5,-58.794218,32.34814
graded,random_10,14-10-5-10-7-14-10-10,0.011,False,network,66,1,5,-58.444343,32.34142
graded,random_10,14-10-5-10-7-14-10-10,0.0115,False,network,66,1,5,-58.444343,32.34142
graded,random_10,14-10-5-10-7-14-10-10,0.012,False,network,66,1,5,-58.444343,32.34142
graded,random_10,14-10-5-10-7-14-10-10,0.0125,False,network,58,1,5,-75.325249,32.34142
graded,random_10,14-10-5-10-7-14-10-10,0.013,False,network,23,1,5,-90.975579,32.3347
graded,random_10,14-10-5-10-7-14-10-10,0.0135,False,network,21,1,5,-90.634126,32.31454
graded,random_10,14-10-5-10-7-14-10-10,0.014,False,network,21,1,5,-90.634126,32.31454
graded,random_10,14-10-5-10-7-14-10-10,0.0145,False,network,21,1,5,-90.634126,32.31454
graded,random_10,14-10-5-10-7-14-10-10,0.015,False,network,21,1,5,-90.634126,32.31454
graded,random_10,14-10-5-10-7-14-10-10,0.0155,False,network,21,1,5,-90.634126,32.31454
graded,random_10,14-10-5-10-7-14-10-10,0.016,False,network,21,1,5,-90.634126,32.31454
graded,random_10,14-10-5-10-7-14-10-10,0.0165,False,network,20,1,5,-90.458054,32.31454
graded,random_10,14-10-5-10-7-14-10-10,0.017,False,network,20,1,5,-90.458054,32.31454
graded,random_10,14-10-5-10-7-14-10-10,0.0175,False,network,19,1,5,-90.274502,32.31454
graded,random_10,14-10-5-10-7-14-10-10,0.018,False,network,19,1,5,-90.274502,32.30782
graded,random_10,14-10-5-10-7-14-10-10,0.0185,False,network,19,1,5,-90.274502,32.30782
graded,random_10,14-10-5-10-7-14-10-10,0.019,False,network,19,1,5,-90.274502,32.30782
graded,random_10,14-10-5-10-7-14-10-10,0.0195,False,network,19,1,5,-90.274502,32.30782
graded,random_10,14-10-5-10-7-14-10-10,0.02,False,network,18,1,5,-90.109567,32.3011
graded,random_10,14-10-5-10-7-14-10-10,0.0205,False,network,18,1,5,-90.109567,32.3011
graded,random_10,14-10-5-10-7-14-10-10,0.021,False,network,18,1,5,-90.109567,32.3011
graded,random_10,14-10-5-10-7-14-10-10,0.0215,False,network,18,1,5,-90.109567,32.3011
graded,random_10,14-10-5-10-7-14-10-10,0.022,False,network,17,1,5,-89.933729,32.3011
graded,random_11,10-8-11-11-9-14-8-9,0.006,True,,204,1,5,202.632535,32.63836
graded,random_11,10-8-11-11-9-14-8-9,0.0065,False,network,163,1,5,-84.958919,32.9353
graded,random_11,10-8-11-11-9-14-8-9,0.007,False,network,162,1,5,-84.798174,33.15706
graded,random_11,10-8-11-11-9-14-8-9,0.0075,False,network,160,1,5,-84.438631,33.15706
graded,random_11,10-8-11-11-9-14-8-9,0.008,False,network,110,1,5,-56.495828,31.8643
graded,random_11,10-8-11-11-9-14-8-9,0.0085,False,network,108,1,5,-56.146902,31.8643
graded,random_11,10-8-11-11-9-14-8-9,0.009,False,network,70,1,5,-44.787105,31.68958
graded,random_11,10-8-11-11-9-14-8-9,0.0095,False,network,69,1,5,-44.608053,31.68286
graded,random_11,10-8-11-11-9-14-8-9,0.01,False,network,68,1,5,-44.447307,32.34814
graded,random_11,10-8-11-11-9-14-8-9,0.0105,False,network,68,1,5,-44.447307,32.34814
graded,random_11,10-8-11-11-9-14-8-9,0.011,False,network,66,1,5,-44.107545,32.34142
graded,random_11,10-8-11-11-9-14-8-9,0.0115,False,network,66,1,5,-44.107545,32.34142
graded,random_11,10-8-11-11-9-14-8-9,0.012,False,network,66,1,5,-44.107545,32.34142
graded,random_11,10-8-11-11-9-14-8-9,0.0125,False,network,57,1,5,-60.300468,32.34142
graded,random_11,10-8-11-11-9-14-8-9,0.013,False,network,23,1,5,-75.684691,32.34142
graded,random_11,10-8-11-11-9-14-8-9,0.0135,False,network,21,1,5,-75.352956,32.31454
graded,random_11,10-8-11-11-9-14-8-9,0.014,False,network,21,1,5,-75.352956,32.31454
graded,random_11,10-8-11-11-9-14-8-9,0.0145,False,network,21,1,5,-75.352956,32.31454
graded,random_11,10-8-11-11-9-14-8-9,0.015,False,network,21,1,5,-75.352956,32.31454
graded,random_11,10-8-11-11-9-14-8-9,0.0155,False,network,21,1,5,-75.352956,32.31454
graded,random_11,10-8-11-11-9-14-8-9,0.016,False,network,21,1,5,-75.352956,32.31454
graded,random_11,10-8-11-11-9-14-8-9,0.0165,False,network,21,1,5,-75.352956,32.31454
graded,random_11,10-8-11-11-9-14-8-9,0.017,False,network,20,1,5,-75.181987,32.31454
graded,random_11,10-8-11-11-9-14-8-9,0.0175,False,network,19,1,5,-75.003887,32.31454
graded,random_11,10-8-11-11-9-14-8-9,0.018,False,network,19,1,5,-75.003887,32.31454
graded,random_11,10-8-11-11-9-14-8-9,0.0185,False,network,19,1,5,-75.003887,32.30782
graded,random_11,10-8-11-11-9-14-8-9,0.019,False,network,19,1,5,-75.003887,32.30782
graded,random_11,10-8-11-11-9-14-8-9,0.0195,False,network,19,1,5,-75.003887,32.30782
graded,random_11,10-8-11-11-9-14-8-9,0.02,False,network,19,1,5,-75.003887,32.3011
graded,random_11,10-8-11-11-9-14-8-9,0.0205,False,network,18,1,5,-74.843548,32.3011
graded,random_11,10-8-11-11-9-14-8-9,0.021,False,network,18,1,5,-74.843548,32.3011
graded,random_11,10-8-11-11-9-14-8-9,0.0215,False,network,18,1,5,-74.843548,32.3011
graded,random_11,10-8-11-11-9-14-8-9,0.022,False,network,18,1,5,-74.843548,32.3011
graded,random_12,13-11-9-12-8-10-8-9,0.006,True,,204,1,5,242.760863,30.74186
graded,random_12,13-11-9-12-8-10-8-9,0.0065,True,,204,1,5,243.065395,31.11119
graded,random_12,13-11-9-12-8-10-8-9,0.007,False,network,162,1,5,-31.773757,31.22351
graded,random_12,13-11-9-12-8-10-8-9,0.0075,False,network,160,1,5,-31.450742,31.21727
graded,random_12,13-11-9-12-8-10-8-9,0.008,False,network,111,1,5,-6.374558,30.01685
graded,random_12,13-11-9-12-8-10-8-9,0.0085,False,network,109,1,5,-6.06158,30.01685
graded,random_12,13-11-9-12-8-10-8-9,0.009,False,network,98,1,5,-11.791472,30.00437
graded,random_12,13-11-9-12-8-10-8-9,0.0095,False,network,96,1,6,-11.478225,30.11045
graded,random_12,13-11-9-12-8-10-8-9,0.01,False,network,86,1,6,-12.967912,30.46613
graded,random_12,13-11-9-12-8-10-8-9,0.0105,False,network,77,1,6,-12.475461,30.46613
graded,random_12,13-11-9-12-8-10-8-9,0.011,False,network,76,1,6,-12.32986,30.46613
graded,random_12,13-11-9-12-8-10-8-9,0.0115,False,network,74,1,6,-290.002562,30.45989
graded,random_12,13-11-9-12-8-10-8-9,0.012,False,network,74,1,6,-290.002562,30.45989
graded,random_12,13-11-9-12-8-10-8-9,0.0125,False,network,73,1,6,-289.825931,30.45989
graded,random_12,13-11-9-12-8-10-8-9,0.013,False,network,57,1,5,-9.64632,30.45989
graded,random_12,13-11-9-12-8-10-8-9,0.0135,False,network,23,1,5,-23.53908,30.45365
graded,random_12,13-11-9-12-8-10-8-9,0.014,False,network,21,1,5,-23.239542,30.43493
graded,random_12,13-11-9-12-8-10-8-9,0.0145,False,network,21,1,5,-23.239542,30.43493
graded,random_12,13-11-9-12-8-10-8-9,0.015,False,network,21,1,5,-23.239542,30.43493
graded,random_12,13-11-9-12-8-10-8-9,0.0155,False,network,21,1,5,-23.239542,30.43493
graded,random_12,13-11-9-12-8-10-8-9,0.016,False,network,21,1,5,-23.239542,30.43493
graded,random_12,13-11-9-12-8-10-8-9,0.0165,False,network,21,1,5,-23.239542,30.43493
graded,random_12,13-11-9-12-8-10-8-9,0.017,False,network,20,1,5,-23.085447,30.43493
graded,random_12,13-11-9-12-8-10-8-9,0.0175,False,network,20,1,5,-23.085447,30.43493
graded,random_12,13-11-9-12-8-10-8-9,0.018,False,network,19,1,5,-22.925336,30.43493
graded,random_12,13-11-9-12-8-10-8-9,0.0185,False,network,19,1,5,-22.925336,30.43493
graded,random_12,13-11-9-12-8-10-8-9,0.019,False,network,19,1,5,-22.925336,30.42869
graded,random_12,13-11-9-12-8-10-8-9,0.0195,False,network,19,1,5,-22.925336,30.42869
graded,random_12,13-11-9-12-8-10-8-9,0.02,False,network,19,1,5,-22.925336,30.42869
graded,random_12,13-11-9-12-8-10-8-9,0.0205,False,network,18,1,5,-22.780254,30.42245
graded,random_12,13-11-9-12-8-10-8-9,0.021,False,network,18,1,5,-22.780254,30.42245
graded,random_12,13-11-9-12-8-10-8-9,0.0215,False,network,18,1,5,-22.780254,30.42245
graded,random_12,13-11-9-12-8-10-8-9,0.022,False,network,18,1,5,-22.780254,30.42245
graded,random_13,14-11-13-11-8-8-6-9,0.006,True,,204,1,5,277.156231,32.64508
graded,random_13,14-11-13-11-8-8-6-9,0.0065,True,,204,1,5,277.290225,32.63836
graded,random_13,14-11-13-11-8-8-6-9,0.007,True,,204,1,6,13.38619,33.53338
graded,random_13,14-11-13-11-8-8-6-9,0.0075,True,,204,1,6,13.527687,33.52666
graded,random_13,14-11-13-11-8-8-6-9,0.008,True,,204,1,6,13.831148,33.51322
graded,random_13,14-11-13-11-8-8-6-9,0.0085,True,,204,1,6,13.578184,33.52666
graded,random_13,14-11-13-11-8-8-6-9,0.009,False,network,166,1,6,-270.674629,33.51994
graded,random_13,14-11-13-11-8-8-6-9,0.0095,False,network,116,1,6,-232.328906,32.2339
graded,random_13,14-11-13-11-8-8-6-9,0.01,False,network,115,1,6,-232.18764,32.22046
graded,random_13,14-11-13-11-8-8-6-9,0.0105,False,network,103,1,6,-241.56134,32.34814
graded,random_13,14-11-13-11-8-8-6-9,0.011,False,network,101,1,6,-241.264973,32.34814
graded,random_13,14-11-13-11-8-8-6-9,0.0115,False,network,101,1,6,-241.264973,32.34142
graded,random_13,14-11-13-11-8-8-6-9,0.012,False,network,74,1,6,-235.451472,32.34142
graded,random_13,14-11-13-11-8-8-6-9,0.0125,False,network,73,1,6,-235.291736,32.34142
graded,random_13,14-11-13-11-8-8-6-9,0.013,False,network,73,1,6,-235.291736,32.34142
graded,random_13,14-11-13-11-8-8-6-9,0.0135,False,network,71,1,6,-234.994826,32.46238
graded,random_13,14-11-13-11-8-8-6-9,0.014,False,network,68,1,6,-234.574468,32.45566
graded,random_13,14-11-13-11-8-8-6-9,0.0145,False,network,68,1,6,-234.574468,32.45566
graded,random_13,14-11-13-11-8-8-6-9,0.015,False,network,68,1,6,-234.574468,32.45566
graded,random_13,14-11-13-11-8-8-6-9,0.0155,False,network,60,1,6,-235.196593,32.45566
graded,random_13,14-11-13-11-8-8-6-9,0.016,False,network,60,1,6,-235.196593,32.45566
graded,random_13,14-11-13-11-8-8-6-9,0.0165,False,network,59,1,6,-235.042485,32.45566
graded,random_13,14-11-13-11-8-8-6-9,0.017,False,network,26,1,6,-246.234293,32.44894
graded,random_13,14-11-13-11-8-8-6-9,0.0175,False,network,26,1,6,-246.234293,32.44222
graded,random_13,14-11-13-11-8-8-6-9,0.018,False,network,26,1,6,-246.234293,32.44222
graded,random_13,14-11-13-11-8-8-6-9,0.0185,False,network,26,1,6,-246.234293,32.4355
graded,random_13,14-11-13-11-8-8-6-9,0.019,False,network,25,1,6,-246.094337,32.4355
graded,random_13,14-11-13-11-8-8-6-9,0.0195,False,network,25,1,6,-246.094337,32.4355
graded,random_13,14-11-13-11-8-8-6-9,0.02,False,network,25,1,6,-246.094337,32.4355
graded,random_13,14-11-13-11-8-8-6-9,0.0205,False,network,24,1,6,-245.946419,32.4355
graded,random_13,14-11-13-11-8-8-6-9,0.021,False,network,23,1,6,-245.798148,32.4355
graded,random_13,14-11-13-11-8-8-6-9,0.0215,False,network,23,1,6,-245.798148,32.42878
graded,random_13,14-11-13-11-8-8-6-9,0.022,False,network,23,1,6,-245.798148,32.42878
graded,random_14,12-10-11-9-10-11-10-7,0.006,True,,204,1,5,238.882452,28.83864
graded,random_14,12-10-11-9-10-11-10-7,0.0065,True,,204,1,5,239.296415,29.17956
graded,random_14,12-10-11-9-10-11-10-7,0.007,False,network,162,1,5,-36.872082,29.28324
graded,random_14,12-10-11-9-10-11-10-7,0.0075,False,network,160,1,5,-36.545638,29.27748
graded,random_14,12-10-11-9-10-11-10-7,0.008,False,network,111,1,5,-11.214917,28.1694
graded,random_14,12-10-11-9-10-11-10-7,0.0085,False,network,110,1,5,-11.067869,28.1694
graded,random_14,12-10-11-9-10-11-10-7,0.009,False,network,97,1,5,-16.539618,28.15788
graded,random_14,12-10-11-9-10-11-10-7,0.0095,False,network,69,1,5,-0.293169,28.01388
graded,random_14,12-10-11-9-10-11-10-7,0.01,False,network,69,1,5,-0.293169,28.58412
graded,random_14,12-10-11-9-10-11-10-7,0.0105,False,network,68,1,5,-0.146296,28.58412
graded,random_14,12-10-11-9-10-11-10-7,0.011,False,network,76,1,6,-17.232397,28.58412
graded,random_14,12-10-11-9-10-11-10-7,0.0115,False,network,74,1,6,-296.162213,28.57836
graded,random_14,12-10-11-9-10-11-10-7,0.012,False,network,74,1,6,-296.162213,28.57836
graded,random_14,12-10-11-9-10-11-10-7,0.0125,False,network,73,1,6,-295.983618,28.57836
graded,random_14,12-10-11-9-10-11-10-7,0.013,False,network,57,1,5,-14.521588,28.57836
graded,random_14,12-10-11-9-10-11-10-7,0.0135,False,network,23,1,5,-28.554919,28.5726
graded,random_14,12-10-11-9-10-11-10-7,0.014,False,network,21,1,5,-28.252347,28.55532
graded,random_14,12-10-11-9-10-11-10-7,0.0145,False,network,21,1,5,-28.252347,28.55532
graded,random_14,12-10-11-9-10-11-10-7,0.015,False,network,21,1,5,-28.252347,28.55532
graded,random_14,12-10-11-9-10-11-10-7,0.0155,False,network,21,1,5,-28.252347,28.55532
graded,random_14,12-10-11-9-10-11-10-7,0.016,False,network,21,1,5,-28.252347,28.55532
graded,random_14,12-10-11-9-10-11-10-7,0.0165,False,network,21,1,5,-28.252347,28.55532
graded,random_14,12-10-11-9-10-11-10-7,0.017,False,network,20,1,5,-28.096664,28.55532
graded,random_14,12-10-11-9-10-11-10-7,0.0175,False,network,20,1,5,-28.096664,28.55532
graded,random_14,12-10-11-9-10-11-10-7,0.018,False,network,19,1,5,-27.934863,28.55532
graded,random_14,12-10-11-9-10-11-10-7,0.0185,False,network,19,1,5,-27.934863,28.54956
graded,random_14,12-10-11-9-10-11-10-7,0.019,False,network,19,1,5,-27.934863,28.54956
graded,random_14,12-10-11-9-10-11-10-7,0.0195,False,network,19,1,5,-27.934863,28.54956
graded,random_14,12-10-11-9-10-11-10-7,0.02,False,network,19,1,5,-27.934863,28.54956
graded,random_14,12-10-11-9-10-11-10-7,0.0205,False,network,18,1,5,-27.788342,28.5438
graded,random_14,12-10-11-9-10-11-10-7,0.021,False,network,18,1,5,-27.788342,28.5438
graded,random_14,12-10-11-9-10-11-10-7,0.0215,False,network,18,1,5,-27.788342,28.5438
graded,random_14,12-10-11-9-10-11-10-7,0.022,False,network,18,1,5,-27.788342,28.5438
graded,random_15,12-6-11-11-9-9-10-12,0.006,True,,204,1,5,172.577926,28.83288
graded,random_15,12-6-11-11-9-9-10-12,0.0065,False,network,163,1,5,-124.627312,29.28324
graded,random_15,12-6-11-11-9-9-10-12,0.007,False,network,161,1,5,-124.268815,29.27748
graded,random_15,12-6-11-11-9-9-10-12,0.0075,False,network,159,1,5,-123.864929,29.27172
graded,random_15,12-6-11-11-9-9-10-12,0.008,False,network,110,1,5,-94.004087,28.1694
graded,random_15,12-6-11-11-9-9-10-12,0.0085,False,network,99,1,5,-100.819027,28.16364
graded,random_15,12-6-11-11-9-9-10-12,0.009,False,network,70,1,5,-81.351068,28.01388
graded,random_15,12-6-11-11-9-9-10-12,0.0095,False,network,69,1,5,-81.157836,28.01388
graded,random_15,12-6-11-11-9-9-10-12,0.01,False,network,68,1,5,-80.985221,28.58412
graded,random_15,12-6-11-11-9-9-10-12,0.0105,False,network,67,1,5,-80.812377,28.58412
graded,random_15,12-6-11-11-9-9-10-12,0.011,False,network,66,1,5,-80.619416,28.57836
graded,random_15,12-6-11-11-9-9-10-12,0.0115,False,network,66,1,5,-80.619416,28.57836
graded,random_15,12-6-11-11-9-9-10-12,0.012,False,network,66,1,5,-80.619416,28.57836
graded,random_15,12-6-11-11-9-9-10-12,0.0125,False,network,57,1,5,-98.111635,28.57836
graded,random_15,12-6-11-11-9-9-10-12,0.013,False,network,23,1,5,-114.653619,28.5726
graded,random_15,12-6-11-11-9-9-10-12,0.0135,False,network,21,1,5,-114.29687,28.55532
graded,random_15,12-6-11-11-9-9-10-12,0.014,False,network,21,1,5,-114.29687,28.55532
graded,random_15,12-6-11-11-9-9-10-12,0.0145,False,network,21,1,5,-114.29687,28.55532
graded,random_15,12-6-11-11-9-9-10-12,0.015,False,network,21,1,5,-114.29687,28.55532
graded,random_15,12-6-11-11-9-9-10-12,0.0155,False,network,21,1,5,-114.29687,28.55532
graded,random_15,12-6-11-11-9-9-10-12,0.016,False,network,21,1,5,-114.29687,28.55532
graded,random_15,12-6-11-11-9-9-10-12,0.0165,False,network,20,1,5,-114.11276,28.55532
graded,random_15,12-6-11-11-9-9-10-12,0.017,False,network,19,1,5,-113.920605,28.55532
graded,random_15,12-6-11-11-9-9-10-12,0.0175,False,network,19,1,5,-113.920605,28.55532
graded,random_15,12-6-11-11-9-9-10-12,0.018,False,network,19,1,5,-113.920605,28.54956
graded,random_15,12-6-11-11-9-9-10-12,0.0185,False,network,19,1,5,-113.920605,28.54956
graded,random_15,12-6-11-11-9-9-10-12,0.019,False,network,19,1,5,-113.920605,28.54956
graded,random_15,12-6-11-11-9-9-10-12,0.0195,False,network,19,1,5,-113.920605,28.54956
graded,random_15,12-6-11-11-9-9-10-12,0.02,False,network,18,1,5,-113.748445,28.5438
graded,random_15,12-6-11-11-9-9-10-12,0.0205,False,network,18,1,5,-113.748445,28.5438
graded,random_15,12-6-11-11-9-9-10-12,0.021,False,network,18,1,5,-113.748445,28.5438
graded,random_15,12-6-11-11-9-9-10-12,0.0215,False,network,18,1,5,-113.748445,28.5438
graded,random_15,12-6-11-11-9-9-10-12,0.022,False,network,17,1,5,-113.564586,28.5438
graded,random_16,7-10-12-13-10-10-8-10,0.006,True,,204,1,5,201.726355,30.73562
graded,random_16,7-10-12-13-10-10-8-10,0.0065,False,network,163,1,5,-86.153859,31.01135
graded,random_16,7-10-12-13-10-10-8-10,0.007,False,network,162,1,5,-85.992761,31.21727
graded,random_16,7-10-12-13-10-10-8-10,0.0075,False,network,160,1,5,-85.632373,31.21727
graded,random_16,7-10-12-13-10-10-8-10,0.008,False,network,110,1,5,-57.626774,30.01685
graded,random_16,7-10-12-13-10-10-8-10,0.0085,False,network,108,1,5,-57.277043,30.01685
graded,random_16,7-10-12-13-10-10-8-10,0.009,False,network,70,1,5,-45.890094,29.85461
graded,random_16,7-10-12-13-10-10-8-10,0.0095,False,network,69,1,5,-45.710622,29.84837
graded,random_16,7-10-12-13-10-10-8-10,0.01,False,network,68,1,5,-45.549524,30.46613
graded,random_16,7-10-12-13-10-10-8-10,0.0105,False,network,68,1,5,-45.549524,30.46613
graded,random_16,7-10-12-13-10-10-8-10,0.011,False,network,66,1,5,-45.208991,30.45989
graded,random_16,7-10-12-13-10-10-8-10,0.0115,False,network,66,1,5,-45.208991,30.45989
graded,random_16,7-10-12-13-10-10-8-10,0.012,False,network,66,1,5,-45.208991,30.45989
graded,random_16,7-10-12-13-10-10-8-10,0.0125,False,network,57,1,5,-61.440373,30.45989
graded,random_16,7-10-12-13-10-10-8-10,0.013,False,network,23,1,5,-76.858946,30.45365
graded,random_16,7-10-12-13-10-10-8-10,0.0135,False,network,21,1,5,-76.526469,30.43493
graded,random_16,7-10-12-13-10-10-8-10,0.014,False,network,21,1,5,-76.526469,30.43493
graded,random_16,7-10-12-13-10-10-8-10,0.0145,False,network,21,1,5,-76.526469,30.43493
graded,random_16,7-10-12-13-10-10-8-10,0.015,False,network,21,1,5,-76.526469,30.43493
graded,random_16,7-10-12-13-10-10-8-10,0.0155,False,network,21,1,5,-76.526469,30.43493
graded,random_16,7-10-12-13-10-10-8-10,0.016,False,network,21,1,5,-76.526469,30.43493
graded,random_16,7-10-12-13-10-10-8-10,0.0165,False,network,21,1,5,-76.526469,30.43493
graded,random_16,7-10-12-13-10-10-8-10,0.017,False,network,20,1,5,-76.35511,30.43493
graded,random_16,7-10-12-13-10-10-8-10,0.0175,False,network,19,1,5,-76.176595,30.43493
graded,random_16,7-10-12-13-10-10-8-10,0.018,False,network,19,1,5,-76.176595,30.43493
graded,random_16,7-10-12-13-10-10-8-10,0.0185,False,network,19,1,5,-76.176595,30.42869
graded,random_16,7-10-12-13-10-10-8-10,0.019,False,network,19,1,5,-76.176595,30.42869
graded,random_16,7-10-12-13-10-10-8-10,0.0195,False,network,19,1,5,-76.176595,30.42869
graded,random_16,7-10-12-13-10-10-8-10,0.02,False,network,18,1,5,-76.015904,30.42245
graded,random_16,7-10-12-13-10-10-8-10,0.0205,False,network,18,1,5,-76.015904,30.42245
graded,random_16,7-10-12-13-10-10-8-10,0.021,False,network,18,1,5,-76.015904,30.42245
graded,random_16,7-10-12-13-10-10-8-10,0.0215,False,network,18,1,5,-76.015904,30.42245
graded,random_16,7-10-12-13-10-10-8-10,0.022,False,network,18,1,5,-76.015904,30.42245
graded,random_17,7-15-8-10-10-10-8-12,0.006,True,,204,1,5,184.354159,34.5411
graded,random_17,7-15-8-10-10-10-8-12,0.0065,False,network,163,1,5,-109.075108,35.10405
graded,random_17,7-15-8-10-10-10-8-12,0.007,False,network,161,1,5,-108.726591,35.09685
graded,random_17,7-15-8-10-10-10-8-12,0.0075,False,network,159,1,5,-108.334765,35.08965
graded,random_17,7-15-8-10-10-10-8-12,0.008,False,network,110,1,5,-79.307558,33.71175
graded,random_17,7-15-8-10-10-10-8-12,0.0085,False,network,99,1,5,-85.930124,33.70455
graded,random_17,7-15-8-10-10-10-8-12,0.009,False,network,70,1,5,-67.02873,33.51735
graded,random_17,7-15-8-10-10-10-8-12,0.0095,False,network,69,1,5,-66.84112,33.51735
graded,random_17,7-15-8-10-10-10-8-12,0.01,False,network,68,1,5,-66.6732,34.23015
graded,random_17,7-15-8-10-10-10-8-12,0.0105,False,network,67,1,5,-66.505062,34.23015
graded,random_17,7-15-8-10-10-10-8-12,0.011,False,network,66,1,5,-66.31771,34.22295
graded,random_17,7-15-8-10-10-10-8-12,0.0115,False,network,66,1,5,-66.31771,34.22295
graded,random_17,7-15-8-10-10-10-8-12,0.012,False,network,66,1,5,-66.31771,34.22295
graded,random_17,7-15-8-10-10-10-8-12,0.0125,False,network,58,1,5,-83.481833,34.22295
graded,random_17,7-15-8-10-10-10-8-12,0.013,False,network,23,1,5,-99.378789,34.22295
graded,random_17,7-15-8-10-10-10-8-12,0.0135,False,network,21,1,5,-99.031941,34.19415
graded,random_17,7-15-8-10-10-10-8-12,0.014,False,network,21,1,5,-99.031941,34.19415
graded,random_17,7-15-8-10-10-10-8-12,0.0145,False,network,21,1,5,-99.031941,34.19415
graded,random_17,7-15-8-10-10-10-8-12,0.015,False,network,21,1,5,-99.031941,34.19415
graded,random_17,7-15-8-10-10-10-8-12,0.0155,False,network,21,1,5,-99.031941,34.19415
graded,random_17,7-15-8-10-10-10-8-12,0.016,False,network,21,1,5,-99.031941,34.19415
graded,random_17,7-15-8-10-10-10-8-12,0.0165,False,network,20,1,5,-98.853036,34.19415
graded,random_17,7-15-8-10-10-10-8-12,0.017,False,network,20,1,5,-98.853036,34.19415
graded,random_17,7-15-8-10-10-10-8-12,0.0175,False,network,19,1,5,-98.666453,34.19415
graded,random_17,7-15-8-10-10-10-8-12,0.018,False,network,19,1,5,-98.666453,34.18695
graded,random_17,7-15-8-10-10-10-8-12,0.0185,False,network,19,1,5,-98.666453,34.18695
graded,random_17,7-15-8-10-10-10-8-12,0.019,False,network,19,1,5,-98.666453,34.18695
graded,random_17,7-15-8-10-10-10-8-12,0.0195,False,network,19,1,5,-98.666453,34.18695
graded,random_17,7-15-8-10-10-10-8-12,0.02,False,network,18,1,5,-98.498968,34.17975
graded,random_17,7-15-8-10-10-10-8-12,0.0205,False,network,18,1,5,-98.498968,34.17975
graded,random_17,7-15-8-10-10-10-8-12,0.021,False,network,18,1,5,-98.498968,34.17975
graded,random_17,7-15-8-10-10-10-8-12,0.0215,False,network,18,1,5,-98.498968,34.17975
graded,random_17,7-15-8-10-10-10-8-12,0.022,False,network,17,1,5,-98.320303,34.17975
shuffled_severe,uniform,10-10-10-10-10-10-10-10,0.006,True,,204,1,5,182.944263,25.0274
shuffled_severe,uniform,10-10-10-10-10-10-10-10,0.0065,False,network,163,1,5,-110.936465,25.4027
shuffled_severe,uniform,10-10-10-10-10-10-10-10,0.007,False,network,161,1,5,-110.58676,25.3979
shuffled_severe,uniform,10-10-10-10-10-10-10-10,0.0075,False,network,159,1,5,-110.193501,25.3931
shuffled_severe,uniform,10-10-10-10-10-10-10-10,0.008,False,network,110,1,5,-81.0671,24.4745
shuffled_severe,uniform,10-10-10-10-10-10-10-10,0.0085,False,network,99,1,5,-87.712549,24.4697
shuffled_severe,uniform,10-10-10-10-10-10-10-10,0.009,False,network,70,1,5,-68.743757,24.3449
shuffled_severe,uniform,10-10-10-10-10-10-10-10,0.0095,False,network,69,1,5,-68.555479,24.3449
shuffled_severe,uniform,10-10-10-10-10-10-10-10,0.01,False,network,68,1,5,-68.387,24.8201
shuffled_severe,uniform,10-10-10-10-10-10-10-10,0.0105,False,network,67,1,5,-68.218301,24.8201
shuffled_severe,uniform,10-10-10-10-10-10-10-10,0.011,False,network,66,1,5,-68.030282,24.8153
shuffled_severe,uniform,10-10-10-10-10-10-10-10,0.0115,False,network,66,1,5,-68.030282,24.8153
shuffled_severe,uniform,10-10-10-10-10-10-10-10,0.012,False,network,66,1,5,-68.030282,24.8153
shuffled_severe,uniform,10-10-10-10-10-10-10-10,0.0125,False,network,58,1,5,-85.256323,24.8153
shuffled_severe,uniform,10-10-10-10-10-10-10-10,0.013,False,network,23,1,5,-101.207162,24.8153
shuffled_severe,uniform,10-10-10-10-10-10-10-10,0.0135,False,network,21,1,5,-100.859136,24.7961
shuffled_severe,uniform,10-10-10-10-10-10-10-10,0.014,False,network,21,1,5,-100.859136,24.7961
shuffled_severe,uniform,10-10-10-10-10-10-10-10,0.0145,False,network,21,1,5,-100.859136,24.7961
shuffled_severe,uniform,10-10-10-10-10-10-10-10,0.015,False,network,21,1,5,-100.859136,24.7961
shuffled_severe,uniform,10-10-10-10-10-10-10-10,0.0155,False,network,21,1,5,-100.859136,24.7961
shuffled_severe,uniform,10-10-10-10-10-10-10-10,0.016,False,network,21,1,5,-100.859136,24.7961
shuffled_severe,uniform,10-10-10-10-10-10-10-10,0.0165,False,network,20,1,5,-100.679612,24.7961
shuffled_severe,uniform,10-10-10-10-10-10-10-10,0.017,False,network,20,1,5,-100.679612,24.7961
shuffled_severe,uniform,10-10-10-10-10-10-10-10,0.0175,False,network,19,1,5,-100.492366,24.7961
shuffled_severe,uniform,10-10-10-10-10-10-10-10,0.018,False,network,19,1,5,-100.492366,24.7913
shuffled_severe,uniform,10-10-10-10-10-10-10-10,0.0185,False,network,19,1,5,-100.492366,24.7913
shuffled_severe,uniform,10-10-10-10-10-10-10-10,0.019,False,network,19,1,5,-100.492366,24.7913
shuffled_severe,uniform,10-10-10-10-10-10-10-10,0.0195,False,network,19,1,5,-100.492366,24.7913
shuffled_severe,uniform,10-10-10-10-10-10-10-10,0.02,False,network,18,1,5,-100.324325,24.7865
shuffled_severe,uniform,10-10-10-10-10-10-10-10,0.0205,False,network,18,1,5,-100.324325,24.7865
shuffled_severe,uniform,10-10-10-10-10-10-10-10,0.021,False,network,18,1,5,-100.324325,24.7865
shuffled_severe,uniform,10-10-10-10-10-10-10-10,0.0215,False,network,18,1,5,-100.324325,24.7865
shuffled_severe,uniform,10-10-10-10-10-10-10-10,0.022,False,network,17,1,5,-100.145041,24.7865
shuffled_severe,compute_balanced,6-14-8-12-7-11-9-13,0.006,True,,204,1,5,310.363765,32.64508
shuffled_severe,compute_balanced,6-14-8-12-7-11-9-13,0.0065,True,,204,1,5,310.485878,32.63836
shuffled_severe,compute_balanced,6-14-8-12-7-11-9-13,0.007,True,,204,1,6,56.773186,33.5401
shuffled_severe,compute_balanced,6-14-8-12-7-11-9-13,0.0075,True,,204,1,6,56.894439,33.53338
shuffled_severe,compute_balanced,6-14-8-12-7-11-9-13,0.008,True,,204,1,6,57.16063,33.51994
shuffled_severe,compute_balanced,6-14-8-12-7-11-9-13,0.0085,True,,204,1,6,56.944882,33.53338
shuffled_severe,compute_balanced,6-14-8-12-7-11-9-13,0.009,False,network,167,1,6,-215.041157,33.51994
shuffled_severe,compute_balanced,6-14-8-12-7-11-9-13,0.0095,False,network,117,1,6,-180.275821,32.2339
shuffled_severe,compute_balanced,6-14-8-12-7-11-9-13,0.01,False,network,116,1,6,-180.130502,32.2339
shuffled_severe,compute_balanced,6-14-8-12-7-11-9-13,0.0105,False,network,104,1,6,-188.609681,32.34814
shuffled_severe,compute_balanced,6-14-8-12-7-11-9-13,0.011,False,network,102,1,6,-188.336433,32.34814
shuffled_severe,compute_balanced,6-14-8-12-7-11-9-13,0.0115,False,network,101,1,6,-188.195786,32.34814
shuffled_severe,compute_balanced,6-14-8-12-7-11-9-13,0.012,False,network,74,1,6,-182.912253,32.34142
shuffled_severe,compute_balanced,6-14-8-12-7-11-9-13,0.0125,False,network,74,1,6,-182.912253,32.34142
shuffled_severe,compute_balanced,6-14-8-12-7-11-9-13,0.013,False,network,73,1,6,-182.767948,32.34142
shuffled_severe,compute_balanced,6-14-8-12-7-11-9-13,0.0135,False,network,73,1,6,-182.767948,32.34142
shuffled_severe,compute_balanced,6-14-8-12-7-11-9-13,0.014,False,network,68,1,6,-182.115862,32.46238
shuffled_severe,compute_balanced,6-14-8-12-7-11-9-13,0.0145,False,network,68,1,6,-182.115862,32.45566
shuffled_severe,compute_balanced,6-14-8-12-7-11-9-13,0.015,False,network,68,1,6,-182.115862,32.45566
shuffled_severe,compute_balanced,6-14-8-12-7-11-9-13,0.0155,False,network,68,1,6,-182.115862,32.45566
shuffled_severe,compute_balanced,6-14-8-12-7-11-9-13,0.016,False,network,60,1,6,-182.7223,32.45566
shuffled_severe,compute_balanced,6-14-8-12-7-11-9-13,0.0165,False,network,60,1,6,-182.7223,32.45566
shuffled_severe,compute_balanced,6-14-8-12-7-11-9-13,0.017,False,network,59,1,6,-182.582778,32.45566
shuffled_severe,compute_balanced,6-14-8-12-7-11-9-13,0.0175,False,network,26,1,6,-192.743457,32.44894
shuffled_severe,compute_balanced,6-14-8-12-7-11-9-13,0.018,False,network,26,1,6,-192.743457,32.44222
shuffled_severe,compute_balanced,6-14-8-12-7-11-9-13,0.0185,False,network,26,1,6,-192.743457,32.44222
shuffled_severe,compute_balanced,6-14-8-12-7-11-9-13,0.019,False,network,25,1,6,-192.616031,32.4355
shuffled_severe,compute_balanced,6-14-8-12-7-11-9-13,0.0195,False,network,25,1,6,-192.616031,32.4355
shuffled_severe,compute_balanced,6-14-8-12-7-11-9-13,0.02,False,network,25,1,6,-192.616031,32.4355
shuffled_severe,compute_balanced,6-14-8-12-7-11-9-13,0.0205,False,network,25,1,6,-192.616031,32.4355
shuffled_severe,compute_balanced,6-14-8-12-7-11-9-13,0.021,False,network,24,1,6,-192.481787,32.4355
shuffled_severe,compute_balanced,6-14-8-12-7-11-9-13,0.0215,False,network,23,1,6,-192.347241,32.4355
shuffled_severe,compute_balanced,6-14-8-12-7-11-9-13,0.022,False,network,23,1,6,-192.347241,32.42878
shuffled_severe,random_00,8-12-8-9-10-9-13-11,0.006,True,,204,1,5,219.880306,30.74186
shuffled_severe,random_00,8-12-8-9-10-9-13-11,0.0065,True,,204,1,5,220.329176,31.11119
shuffled_severe,random_00,8-12-8-9-10-9-13-11,0.007,False,network,162,1,5,-61.869072,31.22351
shuffled_severe,random_00,8-12-8-9-10-9-13-11,0.0075,False,network,160,1,5,-61.52556,31.21727
shuffled_severe,random_00,8-12-8-9-10-9-13-11,0.008,False,network,110,1,5,-34.775317,30.01685
shuffled_severe,random_00,8-12-8-9-10-9-13-11,0.0085,False,network,108,1,5,-34.441698,30.01685
shuffled_severe,random_00,8-12-8-9-10-9-13-11,0.009,False,network,70,1,5,-23.597347,29.85461
shuffled_severe,random_00,8-12-8-9-10-9-13-11,0.0095,False,network,69,1,5,-23.426254,29.84837
shuffled_severe,random_00,8-12-8-9-10-9-13-11,0.01,False,network,69,1,5,-23.426254,30.46613
shuffled_severe,random_00,8-12-8-9-10-9-13-11,0.0105,False,network,68,1,5,-23.27221,30.46613
shuffled_severe,random_00,8-12-8-9-10-9-13-11,0.011,False,network,66,1,5,-22.947106,30.45989
shuffled_severe,random_00,8-12-8-9-10-9-13-11,0.0115,False,network,66,1,5,-22.947106,30.45989
shuffled_severe,random_00,8-12-8-9-10-9-13-11,0.012,False,network,66,1,5,-22.947106,30.45989
shuffled_severe,random_00,8-12-8-9-10-9-13-11,0.0125,False,network,66,1,5,-22.947106,30.45989
shuffled_severe,random_00,8-12-8-9-10-9-13-11,0.013,False,network,23,1,5,-53.14129,30.45365
shuffled_severe,random_00,8-12-8-9-10-9-13-11,0.0135,False,network,22,1,5,-52.977508,30.44741
shuffled_severe,random_00,8-12-8-9-10-9-13-11,0.014,False,network,21,1,5,-52.823654,30.43493
shuffled_severe,random_00,8-12-8-9-10-9-13-11,0.0145,False,network,21,1,5,-52.823654,30.43493
shuffled_severe,random_00,8-12-8-9-10-9-13-11,0.015,False,network,21,1,5,-52.823654,30.43493
shuffled_severe,random_00,8-12-8-9-10-9-13-11,0.0155,False,network,21,1,5,-52.823654,30.43493
shuffled_severe,random_00,8-12-8-9-10-9-13-11,0.016,False,network,21,1,5,-52.823654,30.43493
shuffled_severe,random_00,8-12-8-9-10-9-13-11,0.0165,False,network,21,1,5,-52.823654,30.43493
shuffled_severe,random_00,8-12-8-9-10-9-13-11,0.017,False,network,20,1,5,-52.66008,30.43493
shuffled_severe,random_00,8-12-8-9-10-9-13-11,0.0175,False,network,19,1,5,-52.489872,30.43493
shuffled_severe,random_00,8-12-8-9-10-9-13-11,0.018,False,network,19,1,5,-52.489872,30.43493
shuffled_severe,random_00,8-12-8-9-10-9-13-11,0.0185,False,network,19,1,5,-52.489872,30.42869
shuffled_severe,random_00,8-12-8-9-10-9-13-11,0.019,False,network,19,1,5,-52.489872,30.42869
shuffled_severe,random_00,8-12-8-9-10-9-13-11,0.0195,False,network,19,1,5,-52.489872,30.42869
shuffled_severe,random_00,8-12-8-9-10-9-13-11,0.02,False,network,19,1,5,-52.489872,30.42869
shuffled_severe,random_00,8-12-8-9-10-9-13-11,0.0205,False,network,18,1,5,-52.336208,30.42245
shuffled_severe,random_00,8-12-8-9-10-9-13-11,0.021,False,network,18,1,5,-52.336208,30.42245
shuffled_severe,random_00,8-12-8-9-10-9-13-11,0.0215,False,network,18,1,5,-52.336208,30.42245
shuffled_severe,random_00,8-12-8-9-10-9-13-11,0.022,False,network,18,1,5,-52.336208,30.42245
shuffled_severe,random_01,9-14-9-8-9-10-12-9,0.006,True,,204,1,5,214.131596,32.64508
shuffled_severe,random_01,9-14-9-8-9-10-12-9,0.0065,False,network,163,1,5,-69.593509,32.9353
shuffled_severe,random_01,9-14-9-8-9-10-12-9,0.007,False,network,162,1,5,-69.437267,33.15706
shuffled_severe,random_01,9-14-9-8-9-10-12-9,0.0075,False,network,160,1,5,-69.088502,33.15706
shuffled_severe,random_01,9-14-9-8-9-10-12-9,0.008,False,network,110,1,5,-41.947312,31.8643
shuffled_severe,random_01,9-14-9-8-9-10-12-9,0.0085,False,network,108,1,5,-41.608677,31.8643
shuffled_severe,random_01,9-14-9-8-9-10-12-9,0.009,False,network,70,1,5,-30.595392,31.68958
shuffled_severe,random_01,9-14-9-8-9-10-12-9,0.0095,False,network,69,1,5,-30.421691,31.68286
shuffled_severe,random_01,9-14-9-8-9-10-12-9,0.01,False,network,69,1,5,-30.421691,32.34814
shuffled_severe,random_01,9-14-9-8-9-10-12-9,0.0105,False,network,68,1,5,-30.265449,32.34814
shuffled_severe,random_01,9-14-9-8-9-10-12-9,0.011,False,network,66,1,5,-29.935539,32.34142
shuffled_severe,random_01,9-14-9-8-9-10-12-9,0.0115,False,network,66,1,5,-29.935539,32.34142
shuffled_severe,random_01,9-14-9-8-9-10-12-9,0.012,False,network,66,1,5,-29.935539,32.34142
shuffled_severe,random_01,9-14-9-8-9-10-12-9,0.0125,False,network,58,1,5,-45.810693,32.34142
shuffled_severe,random_01,9-14-9-8-9-10-12-9,0.013,False,network,57,1,5,-45.637674,32.34142
shuffled_severe,random_01,9-14-9-8-9-10-12-9,0.0135,False,network,21,1,5,-60.260876,32.32126
shuffled_severe,random_01,9-14-9-8-9-10-12-9,0.014,False,network,21,1,5,-60.260876,32.31454
shuffled_severe,random_01,9-14-9-8-9-10-12-9,0.0145,False,network,21,1,5,-60.260876,32.31454
shuffled_severe,random_01,9-14-9-8-9-10-12-9,0.015,False,network,21,1,5,-60.260876,32.31454
shuffled_severe,random_01,9-14-9-8-9-10-12-9,0.0155,False,network,21,1,5,-60.260876,32.31454
shuffled_severe,random_01,9-14-9-8-9-10-12-9,0.016,False,network,21,1,5,-60.260876,32.31454
shuffled_severe,random_01,9-14-9-8-9-10-12-9,0.0165,False,network,21,1,5,-60.260876,32.31454
shuffled_severe,random_01,9-14-9-8-9-10-12-9,0.017,False,network,20,1,5,-60.094877,32.31454
shuffled_severe,random_01,9-14-9-8-9-10-12-9,0.0175,False,network,19,1,5,-59.922083,32.31454
shuffled_severe,random_01,9-14-9-8-9-10-12-9,0.018,False,network,19,1,5,-59.922083,32.31454
shuffled_severe,random_01,9-14-9-8-9-10-12-9,0.0185,False,network,19,1,5,-59.922083,32.30782
shuffled_severe,random_01,9-14-9-8-9-10-12-9,0.019,False,network,19,1,5,-59.922083,32.30782
shuffled_severe,random_01,9-14-9-8-9-10-12-9,0.0195,False,network,19,1,5,-59.922083,32.30782
shuffled_severe,random_01,9-14-9-8-9-10-12-9,0.02,False,network,19,1,5,-59.922083,32.30782
shuffled_severe,random_01,9-14-9-8-9-10-12-9,0.0205,False,network,18,1,5,-59.766228,32.3011
shuffled_severe,random_01,9-14-9-8-9-10-12-9,0.021,False,network,18,1,5,-59.766228,32.3011
shuffled_severe,random_01,9-14-9-8-9-10-12-9,0.0215,False,network,18,1,5,-59.766228,32.3011
shuffled_severe,random_01,9-14-9-8-9-10-12-9,0.022,False,network,18,1,5,-59.766228,32.3011
shuffled_severe,random_02,10-8-13-7-14-13-9-6,0.006,True,,204,1,5,83.139143,33.04282
shuffled_severe,random_02,10-8-13-7-14-13-9-6,0.0065,False,network,162,1,5,-243.534964,33.16378
shuffled_severe,random_02,10-8-13-7-14-13-9-6,0.007,False,network,160,1,5,-243.054583,33.15706
shuffled_severe,random_02,10-8-13-7-14-13-9-6,0.0075,False,network,110,1,5,-206.194217,31.8643
shuffled_severe,random_02,10-8-13-7-14-13-9-6,0.008,False,network,108,1,5,-205.730397,31.8643
shuffled_severe,random_02,10-8-13-7-14-13-9-6,0.0085,False,network,70,1,5,-190.50555,31.68958
shuffled_severe,random_02,10-8-13-7-14-13-9-6,0.009,False,network,69,1,5,-190.266569,31.68286
shuffled_severe,random_02,10-8-13-7-14-13-9-6,0.0095,False,network,68,1,5,-190.056238,32.34814
shuffled_severe,random_02,10-8-13-7-14-13-9-6,0.01,False,network,67,1,5,-189.845594,32.34814
shuffled_severe,random_02,10-8-13-7-14-13-9-6,0.0105,False,network,66,1,5,-189.606992,32.34142
shuffled_severe,random_02,10-8-13-7-14-13-9-6,0.011,False,network,66,1,5,-189.606992,32.34142
shuffled_severe,random_02,10-8-13-7-14-13-9-6,0.0115,False,network,66,1,5,-189.606992,32.34142
shuffled_severe,random_02,10-8-13-7-14-13-9-6,0.012,False,network,57,1,5,-211.279816,32.34142
shuffled_severe,random_02,10-8-13-7-14-13-9-6,0.0125,False,network,23,1,5,-231.511822,32.3347
shuffled_severe,random_02,10-8-13-7-14-13-9-6,0.013,False,network,21,1,5,-231.075228,32.31454
shuffled_severe,random_02,10-8-13-7-14-13-9-6,0.0135,False,network,21,1,5,-231.075228,32.31454
shuffled_severe,random_02,10-8-13-7-14-13-9-6,0.014,False,network,21,1,5,-231.075228,32.31454
shuffled_severe,random_02,10-8-13-7-14-13-9-6,0.0145,False,network,21,1,5,-231.075228,32.31454
shuffled_severe,random_02,10-8-13-7-14-13-9-6,0.015,False,network,21,1,5,-231.075228,32.31454
shuffled_severe,random_02,10-8-13-7-14-13-9-6,0.0155,False,network,21,1,5,-231.075228,32.31454
shuffled_severe,random_02,10-8-13-7-14-13-9-6,0.016,False,network,20,1,5,-230.849002,32.31454
shuffled_severe,random_02,10-8-13-7-14-13-9-6,0.0165,False,network,19,1,5,-230.611533,32.31454
shuffled_severe,random_02,10-8-13-7-14-13-9-6,0.017,False,network,19,1,5,-230.611533,32.31454
shuffled_severe,random_02,10-8-13-7-14-13-9-6,0.0175,False,network,19,1,5,-230.611533,32.30782
shuffled_severe,random_02,10-8-13-7-14-13-9-6,0.018,False,network,19,1,5,-230.611533,32.30782
shuffled_severe,random_02,10-8-13-7-14-13-9-6,0.0185,False,network,19,1,5,-230.611533,32.30782
shuffled_severe,random_02,10-8-13-7-14-13-9-6,0.019,False,network,18,1,5,-230.401828,32.3011
shuffled_severe,random_02,10-8-13-7-14-13-9-6,0.0195,False,network,18,1,5,-230.401828,32.3011
shuffled_severe,random_02,10-8-13-7-14-13-9-6,0.02,False,network,18,1,5,-230.401828,32.3011
shuffled_severe,random_02,10-8-13-7-14-13-9-6,0.0205,False,network,18,1,5,-230.401828,32.3011
shuffled_severe,random_02,10-8-13-7-14-13-9-6,0.021,False,network,17,1,5,-230.175951,32.3011
shuffled_severe,random_02,10-8-13-7-14-13-9-6,0.0215,False,network,17,1,5,-230.175951,32.3011
shuffled_severe,random_02,10-8-13-7-14-13-9-6,0.022,False,network,17,1,5,-230.175951,32.3011
shuffled_severe,random_03,12-12-11-7-8-10-11-9,0.006,True,,204,1,5,161.932686,28.83288
shuffled_severe,random_03,12-12-11-7-8-10-11-9,0.0065,False,network,162,1,5,-138.518987,29.28324
shuffled_severe,random_03,12-12-11-7-8-10-11-9,0.007,False,network,161,1,5,-138.328263,29.27748
shuffled_severe,random_03,12-12-11-7-8-10-11-9,0.0075,False,network,159,1,5,-137.913305,29.27172
shuffled_severe,random_03,12-12-11-7-8-10-11-9,0.008,False,network,110,1,5,-107.288878,28.1694
shuffled_severe,random_03,12-12-11-7-8-10-11-9,0.0085,False,network,99,1,5,-114.280148,28.15788
shuffled_severe,random_03,12-12-11-7-8-10-11-9,0.009,False,network,69,1,5,-94.094564,28.01388
shuffled_severe,random_03,12-12-11-7-8-10-11-9,0.0095,False,network,69,1,5,-94.094564,28.01388
shuffled_severe,random_03,12-12-11-7-8-10-11-9,0.01,False,network,68,1,5,-93.917655,28.58412
shuffled_severe,random_03,12-12-11-7-8-10-11-9,0.0105,False,network,66,1,5,-93.542404,28.58412
shuffled_severe,random_03,12-12-11-7-8-10-11-9,0.011,False,network,66,1,5,-93.542404,28.57836
shuffled_severe,random_03,12-12-11-7-8-10-11-9,0.0115,False,network,66,1,5,-93.542404,28.57836
shuffled_severe,random_03,12-12-11-7-8-10-11-9,0.012,False,network,66,1,5,-93.542404,28.57836
shuffled_severe,random_03,12-12-11-7-8-10-11-9,0.0125,False,network,57,1,5,-111.506586,28.57836
shuffled_severe,random_03,12-12-11-7-8-10-11-9,0.013,False,network,22,1,5,-128.278648,28.56684
shuffled_severe,random_03,12-12-11-7-8-10-11-9,0.0135,False,network,21,1,5,-128.101977,28.55532
shuffled_severe,random_03,12-12-11-7-8-10-11-9,0.014,False,network,21,1,5,-128.101977,28.55532
shuffled_severe,random_03,12-12-11-7-8-10-11-9,0.0145,False,network,21,1,5,-128.101977,28.55532
shuffled_severe,random_03,12-12-11-7-8-10-11-9,0.015,False,network,21,1,5,-128.101977,28.55532
shuffled_severe,random_03,12-12-11-7-8-10-11-9,0.0155,False,network,21,1,5,-128.101977,28.55532
shuffled_severe,random_03,12-12-11-7-8-10-11-9,0.016,False,network,21,1,5,-128.101977,28.55532
shuffled_severe,random_03,12-12-11-7-8-10-11-9,0.0165,False,network,20,1,5,-127.9131,28.55532
shuffled_severe,random_03,12-12-11-7-8-10-11-9,0.017,False,network,19,1,5,-127.715835,28.55532
shuffled_severe,random_03,12-12-11-7-8-10-11-9,0.0175,False,network,19,1,5,-127.715835,28.55532
shuffled_severe,random_03,12-12-11-7-8-10-11-9,0.018,False,network,19,1,5,-127.715835,28.54956
shuffled_severe,random_03,12-12-11-7-8-10-11-9,0.0185,False,network,19,1,5,-127.715835,28.54956
shuffled_severe,random_03,12-12-11-7-8-10-11-9,0.019,False,network,19,1,5,-127.715835,28.54956
shuffled_severe,random_03,12-12-11-7-8-10-11-9,0.0195,False,network,19,1,5,-127.715835,28.5438
shuffled_severe,random_03,12-12-11-7-8-10-11-9,0.02,False,network,18,1,5,-127.5394,28.5438
shuffled_severe,random_03,12-12-11-7-8-10-11-9,0.0205,False,network,18,1,5,-127.5394,28.5438
shuffled_severe,random_03,12-12-11-7-8-10-11-9,0.021,False,network,18,1,5,-127.5394,28.5438
shuffled_severe,random_03,12-12-11-7-8-10-11-9,0.0215,False,network,18,1,5,-127.5394,28.5438
shuffled_severe,random_03,12-12-11-7-8-10-11-9,0.022,False,network,17,1,5,-127.350785,28.5438
shuffled_severe,random_04,10-9-12-7-14-6-11-11,0.006,True,,204,1,5,96.631152,33.04282
shuffled_severe,random_04,10-9-12-7-14-6-11-11,0.0065,False,network,162,1,5,-225.001861,33.16378
shuffled_severe,random_04,10-9-12-7-14-6-11-11,0.007,False,network,160,1,5,-224.536481,33.15706
shuffled_severe,random_04,10-9-12-7-14-6-11-11,0.0075,False,network,110,1,5,-188.77661,31.8643
shuffled_severe,random_04,10-9-12-7-14-6-11-11,0.008,False,network,108,1,5,-188.32701,31.8643
shuffled_severe,random_04,10-9-12-7-14-6-11-11,0.0085,False,network,70,1,5,-173.580088,31.68958
shuffled_severe,random_04,10-9-12-7-14-6-11-11,0.009,False,network,69,1,5,-173.34854,31.68286
shuffled_severe,random_04,10-9-12-7-14-6-11-11,0.0095,False,network,68,1,5,-173.144281,32.34814
shuffled_severe,random_04,10-9-12-7-14-6-11-11,0.01,False,network,68,1,5,-173.144281,32.34814
shuffled_severe,random_04,10-9-12-7-14-6-11-11,0.0105,False,network,66,1,5,-172.708535,32.34142
shuffled_severe,random_04,10-9-12-7-14-6-11-11,0.011,False,network,66,1,5,-172.708535,32.34142
shuffled_severe,random_04,10-9-12-7-14-6-11-11,0.0115,False,network,66,1,5,-172.708535,32.34142
shuffled_severe,random_04,10-9-12-7-14-6-11-11,0.012,False,network,58,1,5,-193.933692,32.34142
shuffled_severe,random_04,10-9-12-7-14-6-11-11,0.0125,False,network,23,1,5,-213.340148,32.3347
shuffled_severe,random_04,10-9-12-7-14-6-11-11,0.013,False,network,21,1,5,-212.916443,32.31454
shuffled_severe,random_04,10-9-12-7-14-6-11-11,0.0135,False,network,21,1,5,-212.916443,32.31454
shuffled_severe,random_04,10-9-12-7-14-6-11-11,0.014,False,network,21,1,5,-212.916443,32.31454
shuffled_severe,random_04,10-9-12-7-14-6-11-11,0.0145,False,network,21,1,5,-212.916443,32.31454
shuffled_severe,random_04,10-9-12-7-14-6-11-11,0.015,False,network,21,1,5,-212.916443,32.31454
shuffled_severe,random_04,10-9-12-7-14-6-11-11,0.0155,False,network,21,1,5,-212.916443,32.31454
shuffled_severe,random_04,10-9-12-7-14-6-11-11,0.016,False,network,20,1,5,-212.697032,32.31454
shuffled_severe,random_04,10-9-12-7-14-6-11-11,0.0165,False,network,19,1,5,-212.466922,32.31454
shuffled_severe,random_04,10-9-12-7-14-6-11-11,0.017,False,network,19,1,5,-212.466922,32.31454
shuffled_severe,random_04,10-9-12-7-14-6-11-11,0.0175,False,network,19,1,5,-212.466922,32.30782
shuffled_severe,random_04,10-9-12-7-14-6-11-11,0.018,False,network,19,1,5,-212.466922,32.30782
shuffled_severe,random_04,10-9-12-7-14-6-11-11,0.0185,False,network,19,1,5,-212.466922,32.30782
shuffled_severe,random_04,10-9-12-7-14-6-11-11,0.019,False,network,18,1,5,-212.263259,32.3011
shuffled_severe,random_04,10-9-12-7-14-6-11-11,0.0195,False,network,18,1,5,-212.263259,32.3011
shuffled_severe,random_04,10-9-12-7-14-6-11-11,0.02,False,network,18,1,5,-212.263259,32.3011
shuffled_severe,random_04,10-9-12-7-14-6-11-11,0.0205,False,network,18,1,5,-212.263259,32.3011
shuffled_severe,random_04,10-9-12-7-14-6-11-11,0.021,False,network,17,1,5,-212.044181,32.3011
shuffled_severe,random_04,10-9-12-7-14-6-11-11,0.0215,False,network,17,1,5,-212.044181,32.3011
shuffled_severe,random_04,10-9-12-7-14-6-11-11,0.022,False,network,17,1,5,-212.044181,32.3011
shuffled_severe,random_05,10-5-14-10-7-10-12-12,0.006,True,,204,1,5,165.757082,32.63836
shuffled_severe,random_05,10-5-14-10-7-10-12-12,0.0065,False,network,162,1,5,-133.465177,33.16378
shuffled_severe,random_05,10-5-14-10-7-10-12-12,0.007,False,network,161,1,5,-133.276199,33.15706
shuffled_severe,random_05,10-5-14-10-7-10-12-12,0.0075,False,network,159,1,5,-132.865237,33.15034
shuffled_severe,random_05,10-5-14-10-7-10-12-12,0.008,False,network,110,1,5,-102.51623,31.8643
shuffled_severe,random_05,10-5-14-10-7-10-12-12,0.0085,False,network,99,1,5,-109.443886,31.85086
shuffled_severe,random_05,10-5-14-10-7-10-12-12,0.009,False,network,70,1,5,-89.644005,31.68286
shuffled_severe,random_05,10-5-14-10-7-10-12-12,0.0095,False,network,69,1,5,-89.447478,31.68286
shuffled_severe,random_05,10-5-14-10-7-10-12-12,0.01,False,network,68,1,5,-89.272117,32.34814
shuffled_severe,random_05,10-5-14-10-7-10-12-12,0.0105,False,network,66,1,5,-88.900272,32.34814
shuffled_severe,random_05,10-5-14-10-7-10-12-12,0.011,False,network,66,1,5,-88.900272,32.34142
shuffled_severe,random_05,10-5-14-10-7-10-12-12,0.0115,False,network,66,1,5,-88.900272,32.34142
shuffled_severe,random_05,10-5-14-10-7-10-12-12,0.012,False,network,66,1,5,-88.900272,32.34142
shuffled_severe,random_05,10-5-14-10-7-10-12-12,0.0125,False,network,57,1,5,-106.694189,32.34142
shuffled_severe,random_05,10-5-14-10-7-10-12-12,0.013,False,network,23,1,5,-123.504234,32.3347
shuffled_severe,random_05,10-5-14-10-7-10-12-12,0.0135,False,network,21,1,5,-123.14169,32.31454
shuffled_severe,random_05,10-5-14-10-7-10-12-12,0.014,False,network,21,1,5,-123.14169,32.31454
shuffled_severe,random_05,10-5-14-10-7-10-12-12,0.0145,False,network,21,1,5,-123.14169,32.31454
shuffled_severe,random_05,10-5-14-10-7-10-12-12,0.015,False,network,21,1,5,-123.14169,32.31454
shuffled_severe,random_05,10-5-14-10-7-10-12-12,0.0155,False,network,21,1,5,-123.14169,32.31454
shuffled_severe,random_05,10-5-14-10-7-10-12-12,0.016,False,network,21,1,5,-123.14169,32.31454
shuffled_severe,random_05,10-5-14-10-7-10-12-12,0.0165,False,network,20,1,5,-122.954532,32.31454
shuffled_severe,random_05,10-5-14-10-7-10-12-12,0.017,False,network,19,1,5,-122.759111,32.31454
shuffled_severe,random_05,10-5-14-10-7-10-12-12,0.0175,False,network,19,1,5,-122.759111,32.31454
shuffled_severe,random_05,10-5-14-10-7-10-12-12,0.018,False,network,19,1,5,-122.759111,32.30782
shuffled_severe,random_05,10-5-14-10-7-10-12-12,0.0185,False,network,19,1,5,-122.759111,32.30782
shuffled_severe,random_05,10-5-14-10-7-10-12-12,0.019,False,network,19,1,5,-122.759111,32.30782
shuffled_severe,random_05,10-5-14-10-7-10-12-12,0.0195,False,network,19,1,5,-122.759111,32.30782
shuffled_severe,random_05,10-5-14-10-7-10-12-12,0.02,False,network,18,1,5,-122.584218,32.3011
shuffled_severe,random_05,10-5-14-10-7-10-12-12,0.0205,False,network,18,1,5,-122.584218,32.3011
shuffled_severe,random_05,10-5-14-10-7-10-12-12,0.021,False,network,18,1,5,-122.584218,32.3011
shuffled_severe,random_05,10-5-14-10-7-10-12-12,0.0215,False,network,18,1,5,-122.584218,32.3011
shuffled_severe,random_05,10-5-14-10-7-10-12-12,0.022,False,network,17,1,5,-122.397317,32.3011
shuffled_severe,random_06,8-13-10-11-12-10-6-10,0.006,True,,204,1,5,218.861543,30.74186
shuffled_severe,random_06,8-13-10-11-12-10-6-10,0.0065,True,,204,1,5,219.312307,31.11119
shuffled_severe,random_06,8-13-10-11-12-10-6-10,0.007,False,network,162,1,5,-63.210078,31.22351
shuffled_severe,random_06,8-13-10-11-12-10-6-10,0.0075,False,network,160,1,5,-62.865638,31.21727
shuffled_severe,random_06,8-13-10-11-12-10-6-10,0.008,False,network,110,1,5,-36.046316,30.01685
shuffled_severe,random_06,8-13-10-11-12-10-6-10,0.0085,False,network,108,1,5,-35.711811,30.01685
shuffled_severe,random_06,8-13-10-11-12-10-6-10,0.009,False,network,70,1,5,-24.837612,29.85461
shuffled_severe,random_06,8-13-10-11-12-10-6-10,0.0095,False,network,69,1,5,-24.666059,29.84837
shuffled_severe,random_06,8-13-10-11-12-10-6-10,0.01,False,network,69,1,5,-24.666059,30.46613
shuffled_severe,random_06,8-13-10-11-12-10-6-10,0.0105,False,network,68,1,5,-24.511627,30.46613
shuffled_severe,random_06,8-13-10-11-12-10-6-10,0.011,False,network,66,1,5,-24.185673,30.45989
shuffled_severe,random_06,8-13-10-11-12-10-6-10,0.0115,False,network,66,1,5,-24.185673,30.45989
shuffled_severe,random_06,8-13-10-11-12-10-6-10,0.012,False,network,66,1,5,-24.185673,30.45989
shuffled_severe,random_06,8-13-10-11-12-10-6-10,0.0125,False,network,66,1,5,-24.185673,30.45989
shuffled_severe,random_06,8-13-10-11-12-10-6-10,0.013,False,network,23,1,5,-54.459977,30.45365
shuffled_severe,random_06,8-13-10-11-12-10-6-10,0.0135,False,network,22,1,5,-54.295766,30.44741
shuffled_severe,random_06,8-13-10-11-12-10-6-10,0.014,False,network,21,1,5,-54.141524,30.43493
shuffled_severe,random_06,8-13-10-11-12-10-6-10,0.0145,False,network,21,1,5,-54.141524,30.43493
shuffled_severe,random_06,8-13-10-11-12-10-6-10,0.015,False,network,21,1,5,-54.141524,30.43493
shuffled_severe,random_06,8-13-10-11-12-10-6-10,0.0155,False,network,21,1,5,-54.141524,30.43493
shuffled_severe,random_06,8-13-10-11-12-10-6-10,0.016,False,network,21,1,5,-54.141524,30.43493
shuffled_severe,random_06,8-13-10-11-12-10-6-10,0.0165,False,network,21,1,5,-54.141524,30.43493
shuffled_severe,random_06,8-13-10-11-12-10-6-10,0.017,False,network,20,1,5,-53.977521,30.43493
shuffled_severe,random_06,8-13-10-11-12-10-6-10,0.0175,False,network,19,1,5,-53.806857,30.43493
shuffled_severe,random_06,8-13-10-11-12-10-6-10,0.018,False,network,19,1,5,-53.806857,30.43493
shuffled_severe,random_06,8-13-10-11-12-10-6-10,0.0185,False,network,19,1,5,-53.806857,30.42869
shuffled_severe,random_06,8-13-10-11-12-10-6-10,0.019,False,network,19,1,5,-53.806857,30.42869
shuffled_severe,random_06,8-13-10-11-12-10-6-10,0.0195,False,network,19,1,5,-53.806857,30.42869
shuffled_severe,random_06,8-13-10-11-12-10-6-10,0.02,False,network,19,1,5,-53.806857,30.42869
shuffled_severe,random_06,8-13-10-11-12-10-6-10,0.0205,False,network,18,1,5,-53.652805,30.42245
shuffled_severe,random_06,8-13-10-11-12-10-6-10,0.021,False,network,18,1,5,-53.652805,30.42245
shuffled_severe,random_06,8-13-10-11-12-10-6-10,0.0215,False,network,18,1,5,-53.652805,30.42245
shuffled_severe,random_06,8-13-10-11-12-10-6-10,0.022,False,network,18,1,5,-53.652805,30.42245
shuffled_severe,random_07,10-9-9-9-15-13-8-7,0.006,True,,204,1,5,123.815044,34.5411
shuffled_severe,random_07,10-9-9-9-15-13-8-7,0.0065,False,network,162,1,5,-188.957077,35.10405
shuffled_severe,random_07,10-9-9-9-15-13-8-7,0.007,False,network,160,1,5,-188.520194,35.09685
shuffled_severe,random_07,10-9-9-9-15-13-8-7,0.0075,False,network,111,1,5,-155.048805,33.71175
shuffled_severe,random_07,10-9-9-9-15-13-8-7,0.008,False,network,109,1,5,-154.627898,33.71175
shuffled_severe,random_07,10-9-9-9-15-13-8-7,0.0085,False,network,97,1,5,-162.111094,33.69015
shuffled_severe,random_07,10-9-9-9-15-13-8-7,0.009,False,network,69,1,5,-140.378323,33.51735
shuffled_severe,random_07,10-9-9-9-15-13-8-7,0.0095,False,network,69,1,5,-140.378323,34.23015
shuffled_severe,random_07,10-9-9-9-15-13-8-7,0.01,False,network,68,1,5,-140.185659,34.23015
shuffled_severe,random_07,10-9-9-9-15-13-8-7,0.0105,False,network,66,1,5,-139.775629,34.22295
shuffled_severe,random_07,10-9-9-9-15-13-8-7,0.011,False,network,66,1,5,-139.775629,34.22295
shuffled_severe,random_07,10-9-9-9-15-13-8-7,0.0115,False,network,66,1,5,-139.775629,34.22295
shuffled_severe,random_07,10-9-9-9-15-13-8-7,0.012,False,network,57,1,5,-159.480424,34.22295
shuffled_severe,random_07,10-9-9-9-15-13-8-7,0.0125,False,network,23,1,5,-177.981796,34.21575
shuffled_severe,random_07,10-9-9-9-15-13-8-7,0.013,False,network,21,1,5,-177.582672,34.19415
shuffled_severe,random_07,10-9-9-9-15-13-8-7,0.0135,False,network,21,1,5,-177.582672,34.19415
shuffled_severe,random_07,10-9-9-9-15-13-8-7,0.014,False,network,21,1,5,-177.582672,34.19415
shuffled_severe,random_07,10-9-9-9-15-13-8-7,0.0145,False,network,21,1,5,-177.582672,34.19415
shuffled_severe,random_07,10-9-9-9-15-13-8-7,0.015,False,network,21,1,5,-177.582672,34.19415
shuffled_severe,random_07,10-9-9-9-15-13-8-7,0.0155,False,network,21,1,5,-177.582672,34.19415
shuffled_severe,random_07,10-9-9-9-15-13-8-7,0.016,False,network,20,1,5,-177.376241,34.19415
shuffled_severe,random_07,10-9-9-9-15-13-8-7,0.0165,False,network,20,1,5,-177.376241,34.19415
shuffled_severe,random_07,10-9-9-9-15-13-8-7,0.017,False,network,19,1,5,-177.16012,34.19415
shuffled_severe,random_07,10-9-9-9-15-13-8-7,0.0175,False,network,19,1,5,-177.16012,34.18695
shuffled_severe,random_07,10-9-9-9-15-13-8-7,0.018,False,network,19,1,5,-177.16012,34.18695
shuffled_severe,random_07,10-9-9-9-15-13-8-7,0.0185,False,network,19,1,5,-177.16012,34.18695
shuffled_severe,random_07,10-9-9-9-15-13-8-7,0.019,False,network,19,1,5,-177.16012,34.18695
shuffled_severe,random_07,10-9-9-9-15-13-8-7,0.0195,False,network,18,1,5,-176.968,34.17975
shuffled_severe,random_07,10-9-9-9-15-13-8-7,0.02,False,network,18,1,5,-176.968,34.17975
shuffled_severe,random_07,10-9-9-9-15-13-8-7,0.0205,False,network,18,1,5,-176.968,34.17975
shuffled_severe,random_07,10-9-9-9-15-13-8-7,0.021,False,network,18,1,5,-176.968,34.17975
shuffled_severe,random_07,10-9-9-9-15-13-8-7,0.0215,False,network,17,1,5,-176.761872,34.17975
shuffled_severe,random_07,10-9-9-9-15-13-8-7,0.022,False,network,17,1,5,-176.761872,34.17975
shuffled_severe,random_08,12-10-8-15-9-10-5-11,0.006,True,,204,1,5,218.214521,34.5483
shuffled_severe,random_08,12-10-8-15-9-10-5-11,0.0065,True,,204,1,5,218.666488,34.97445
shuffled_severe,random_08,12-10-8-15-9-10-5-11,0.007,False,network,162,1,5,-64.061803,35.10405
shuffled_severe,random_08,12-10-8-15-9-10-5-11,0.0075,False,network,160,1,5,-63.716773,35.09685
shuffled_severe,random_08,12-10-8-15-9-10-5-11,0.008,False,network,110,1,5,-36.853533,33.71175
shuffled_severe,random_08,12-10-8-15-9-10-5-11,0.0085,False,network,108,1,5,-36.518465,33.71175
shuffled_severe,random_08,12-10-8-15-9-10-5-11,0.009,False,network,70,1,5,-25.62529,33.52455
shuffled_severe,random_08,12-10-8-15-9-10-5-11,0.0095,False,network,69,1,5,-25.453443,33.51735
shuffled_severe,random_08,12-10-8-15-9-10-5-11,0.01,False,network,69,1,5,-25.453443,34.23015
shuffled_severe,random_08,12-10-8-15-9-10-5-11,0.0105,False,network,68,1,5,-25.298764,34.23015
shuffled_severe,random_08,12-10-8-15-9-10-5-11,0.011,False,network,66,1,5,-24.972271,34.22295
shuffled_severe,random_08,12-10-8-15-9-10-5-11,0.0115,False,network,66,1,5,-24.972271,34.22295
shuffled_severe,random_08,12-10-8-15-9-10-5-11,0.012,False,network,66,1,5,-24.972271,34.22295
shuffled_severe,random_08,12-10-8-15-9-10-5-11,0.0125,False,network,66,1,5,-24.972271,34.22295
shuffled_severe,random_08,12-10-8-15-9-10-5-11,0.013,False,network,23,1,5,-55.297511,34.21575
shuffled_severe,random_08,12-10-8-15-9-10-5-11,0.0135,False,network,21,1,5,-54.978539,34.20855
shuffled_severe,random_08,12-10-8-15-9-10-5-11,0.014,False,network,21,1,5,-54.978539,34.19415
shuffled_severe,random_08,12-10-8-15-9-10-5-11,0.0145,False,network,21,1,5,-54.978539,34.19415
shuffled_severe,random_08,12-10-8-15-9-10-5-11,0.015,False,network,21,1,5,-54.978539,34.19415
shuffled_severe,random_08,12-10-8-15-9-10-5-11,0.0155,False,network,21,1,5,-54.978539,34.19415
shuffled_severe,random_08,12-10-8-15-9-10-5-11,0.016,False,network,21,1,5,-54.978539,34.19415
shuffled_severe,random_08,12-10-8-15-9-10-5-11,0.0165,False,network,21,1,5,-54.978539,34.19415
shuffled_severe,random_08,12-10-8-15-9-10-5-11,0.017,False,network,20,1,5,-54.814264,34.19415
shuffled_severe,random_08,12-10-8-15-9-10-5-11,0.0175,False,network,19,1,5,-54.643308,34.19415
shuffled_severe,random_08,12-10-8-15-9-10-5-11,0.018,False,network,19,1,5,-54.643308,34.19415
shuffled_severe,random_08,12-10-8-15-9-10-5-11,0.0185,False,network,19,1,5,-54.643308,34.18695
shuffled_severe,random_08,12-10-8-15-9-10-5-11,0.019,False,network,19,1,5,-54.643308,34.18695
shuffled_severe,random_08,12-10-8-15-9-10-5-11,0.0195,False,network,19,1,5,-54.643308,34.18695
shuffled_severe,random_08,12-10-8-15-9-10-5-11,0.02,False,network,19,1,5,-54.643308,34.18695
shuffled_severe,random_08,12-10-8-15-9-10-5-11,0.0205,False,network,18,1,5,-54.489011,34.17975
shuffled_severe,random_08,12-10-8-15-9-10-5-11,0.021,False,network,18,1,5,-54.489011,34.17975
shuffled_severe,random_08,12-10-8-15-9-10-5-11,0.0215,False,network,18,1,5,-54.489011,34.17975
shuffled_severe,random_08,12-10-8-15-9-10-5-11,0.022,False,network,18,1,5,-54.489011,34.17975
shuffled_severe,random_09,10-9-9-11-12-11-9-9,0.006,True,,204,1,5,167.542063,28.83288
shuffled_severe,random_09,10-9-9-11-12-11-9-9,0.0065,False,network,162,1,5,-131.106803,29.28324
shuffled_severe,random_09,10-9-9-11-12-11-9-9,0.007,False,network,161,1,5,-130.918638,29.27748
shuffled_severe,random_09,10-9-9-11-12-11-9-9,0.0075,False,network,159,1,5,-130.509534,29.27172
shuffled_severe,random_09,10-9-9-11-12-11-9-9,0.008,False,network,110,1,5,-100.288654,28.1694
shuffled_severe,random_09,10-9-9-11-12-11-9-9,0.0085,False,network,99,1,5,-107.186722,28.16364
shuffled_severe,random_09,10-9-9-11-12-11-9-9,0.009,False,network,70,1,5,-87.47397,28.01388
shuffled_severe,random_09,10-9-9-11-12-11-9-9,0.0095,False,network,69,1,5,-87.278308,28.01388
shuffled_severe,random_09,10-9-9-11-12-11-9-9,0.01,False,network,68,1,5,-87.103668,28.58412
shuffled_severe,random_09,10-9-9-11-12-11-9-9,0.0105,False,network,66,1,5,-86.733408,28.58412
shuffled_severe,random_09,10-9-9-11-12-11-9-9,0.011,False,network,66,1,5,-86.733408,28.57836
shuffled_severe,random_09,10-9-9-11-12-11-9-9,0.0115,False,network,66,1,5,-86.733408,28.57836
shuffled_severe,random_09,10-9-9-11-12-11-9-9,0.012,False,network,66,1,5,-86.733408,28.57836
shuffled_severe,random_09,10-9-9-11-12-11-9-9,0.0125,False,network,57,1,5,-104.448127,28.57836
shuffled_severe,random_09,10-9-9-11-12-11-9-9,0.013,False,network,23,1,5,-121.187833,28.5726
shuffled_severe,random_09,10-9-9-11-12-11-9-9,0.0135,False,network,21,1,5,-120.82681,28.55532
shuffled_severe,random_09,10-9-9-11-12-11-9-9,0.014,False,network,21,1,5,-120.82681,28.55532
shuffled_severe,random_09,10-9-9-11-12-11-9-9,0.0145,False,network,21,1,5,-120.82681,28.55532
shuffled_severe,random_09,10-9-9-11-12-11-9-9,0.015,False,network,21,1,5,-120.82681,28.55532
shuffled_severe,random_09,10-9-9-11-12-11-9-9,0.0155,False,network,21,1,5,-120.82681,28.55532
shuffled_severe,random_09,10-9-9-11-12-11-9-9,0.016,False,network,21,1,5,-120.82681,28.55532
shuffled_severe,random_09,10-9-9-11-12-11-9-9,0.0165,False,network,20,1,5,-120.640452,28.55532
shuffled_severe,random_09,10-9-9-11-12-11-9-9,0.017,False,network,19,1,5,-120.445888,28.55532
shuffled_severe,random_09,10-9-9-11-12-11-9-9,0.0175,False,network,19,1,5,-120.445888,28.55532
shuffled_severe,random_09,10-9-9-11-12-11-9-9,0.018,False,network,19,1,5,-120.445888,28.54956
shuffled_severe,random_09,10-9-9-11-12-11-9-9,0.0185,False,network,19,1,5,-120.445888,28.54956
shuffled_severe,random_09,10-9-9-11-12-11-9-9,0.019,False,network,19,1,5,-120.445888,28.54956
shuffled_severe,random_09,10-9-9-11-12-11-9-9,0.0195,False,network,19,1,5,-120.445888,28.54956
shuffled_severe,random_09,10-9-9-11-12-11-9-9,0.02,False,network,18,1,5,-120.271712,28.5438
shuffled_severe,random_09,10-9-9-11-12-11-9-9,0.0205,False,network,18,1,5,-120.271712,28.5438
shuffled_severe,random_09,10-9-9-11-12-11-9-9,0.021,False,network,18,1,5,-120.271712,28.5438
shuffled_severe,random_09,10-9-9-11-12-11-9-9,0.0215,False,network,18,1,5,-120.271712,28.5438
shuffled_severe,random_09,10-9-9-11-12-11-9-9,0.022,False,network,17,1,5,-120.08561,28.5438
shuffled_severe,random_10,14-10-5-10-7-14-10-10,0.006,True,,204,1,5,202.646269,32.63836
shuffled_severe,random_10,14-10-5-10-7-14-10-10,0.0065,False,network,163,1,5,-84.94081,32.9353
shuffled_severe,random_10,14-10-5-10-7-14-10-10,0.007,False,network,162,1,5,-84.78007,33.15706
shuffled_severe,random_10,14-10-5-10-7-14-10-10,0.0075,False,network,160,1,5,-84.42054,33.15706
shuffled_severe,random_10,14-10-5-10-7-14-10-10,0.008,False,network,110,1,5,-56.478688,31.8643
shuffled_severe,random_10,14-10-5-10-7-14-10-10,0.0085,False,network,108,1,5,-56.129775,31.8643
shuffled_severe,random_10,14-10-5-10-7-14-10-10,0.009,False,network,70,1,5,-44.770388,31.68958
shuffled_severe,random_10,14-10-5-10-7-14-10-10,0.0095,False,network,69,1,5,-44.591343,31.68286
shuffled_severe,random_10,14-10-5-10-7-14-10-10,0.01,False,network,68,1,5,-44.430602,32.34814
shuffled_severe,random_10,14-10-5-10-7-14-10-10,0.0105,False,network,68,1,5,-44.430602,32.34814
shuffled_severe,random_10,14-10-5-10-7-14-10-10,0.011,False,network,66,1,5,-44.090852,32.34142
shuffled_severe,random_10,14-10-5-10-7-14-10-10,0.0115,False,network,66,1,5,-44.090852,32.34142
shuffled_severe,random_10,14-10-5-10-7-14-10-10,0.012,False,network,66,1,5,-44.090852,32.34142
shuffled_severe,random_10,14-10-5-10-7-14-10-10,0.0125,False,network,57,1,5,-60.283192,32.34142
shuffled_severe,random_10,14-10-5-10-7-14-10-10,0.013,False,network,23,1,5,-75.666895,32.34142
shuffled_severe,random_10,14-10-5-10-7-14-10-10,0.0135,False,network,21,1,5,-75.335172,32.31454
shuffled_severe,random_10,14-10-5-10-7-14-10-10,0.014,False,network,21,1,5,-75.335172,32.31454
shuffled_severe,random_10,14-10-5-10-7-14-10-10,0.0145,False,network,21,1,5,-75.335172,32.31454
shuffled_severe,random_10,14-10-5-10-7-14-10-10,0.015,False,network,21,1,5,-75.335172,32.31454
shuffled_severe,random_10,14-10-5-10-7-14-10-10,0.0155,False,network,21,1,5,-75.335172,32.31454
shuffled_severe,random_10,14-10-5-10-7-14-10-10,0.016,False,network,21,1,5,-75.335172,32.31454
shuffled_severe,random_10,14-10-5-10-7-14-10-10,0.0165,False,network,21,1,5,-75.335172,32.31454
shuffled_severe,random_10,14-10-5-10-7-14-10-10,0.017,False,network,20,1,5,-75.164208,32.31454
shuffled_severe,random_10,14-10-5-10-7-14-10-10,0.0175,False,network,19,1,5,-74.986115,32.31454
shuffled_severe,random_10,14-10-5-10-7-14-10-10,0.018,False,network,19,1,5,-74.986115,32.31454
shuffled_severe,random_10,14-10-5-10-7-14-10-10,0.0185,False,network,19,1,5,-74.986115,32.30782
shuffled_severe,random_10,14-10-5-10-7-14-10-10,0.019,False,network,19,1,5,-74.986115,32.30782
shuffled_severe,random_10,14-10-5-10-7-14-10-10,0.0195,False,network,19,1,5,-74.986115,32.30782
shuffled_severe,random_10,14-10-5-10-7-14-10-10,0.02,False,network,19,1,5,-74.986115,32.3011
shuffled_severe,random_10,14-10-5-10-7-14-10-10,0.0205,False,network,18,1,5,-74.825781,32.3011
shuffled_severe,random_10,14-10-5-10-7-14-10-10,0.021,False,network,18,1,5,-74.825781,32.3011
shuffled_severe,random_10,14-10-5-10-7-14-10-10,0.0215,False,network,18,1,5,-74.825781,32.3011
shuffled_severe,random_10,14-10-5-10-7-14-10-10,0.022,False,network,18,1,5,-74.825781,32.3011
shuffled_severe,random_11,10-8-11-11-9-14-8-9,0.006,True,,204,1,5,191.625178,32.63836
shuffled_severe,random_11,10-8-11-11-9-14-8-9,0.0065,False,network,163,1,5,-99.478492,32.92858
shuffled_severe,random_11,10-8-11-11-9-14-8-9,0.007,False,network,162,1,5,-99.313443,33.15706
shuffled_severe,random_11,10-8-11-11-9-14-8-9,0.0075,False,network,159,1,5,-98.751595,33.15706
shuffled_severe,random_11,10-8-11-11-9-14-8-9,0.008,False,network,110,1,5,-70.233294,31.8643
shuffled_severe,random_11,10-8-11-11-9-14-8-9,0.0085,False,network,108,1,5,-69.874511,31.8643
shuffled_severe,random_11,10-8-11-11-9-14-8-9,0.009,False,network,70,1,5,-58.182807,31.68958
shuffled_severe,random_11,10-8-11-11-9-14-8-9,0.0095,False,network,69,1,5,-57.998626,31.68286
shuffled_severe,random_11,10-8-11-11-9-14-8-9,0.01,False,network,68,1,5,-57.833577,32.34814
shuffled_severe,random_11,10-8-11-11-9-14-8-9,0.0105,False,network,68,1,5,-57.833577,32.34814
shuffled_severe,random_11,10-8-11-11-9-14-8-9,0.011,False,network,66,1,5,-57.484384,32.34142
shuffled_severe,random_11,10-8-11-11-9-14-8-9,0.0115,False,network,66,1,5,-57.484384,32.34142
shuffled_severe,random_11,10-8-11-11-9-14-8-9,0.012,False,network,66,1,5,-57.484384,32.34142
shuffled_severe,random_11,10-8-11-11-9-14-8-9,0.0125,False,network,58,1,5,-74.33092,32.34142
shuffled_severe,random_11,10-8-11-11-9-14-8-9,0.013,False,network,23,1,5,-89.951304,32.3347
shuffled_severe,random_11,10-8-11-11-9-14-8-9,0.0135,False,network,21,1,5,-89.610506,32.31454
shuffled_severe,random_11,10-8-11-11-9-14-8-9,0.014,False,network,21,1,5,-89.610506,32.31454
shuffled_severe,random_11,10-8-11-11-9-14-8-9,0.0145,False,network,21,1,5,-89.610506,32.31454
shuffled_severe,random_11,10-8-11-11-9-14-8-9,0.015,False,network,21,1,5,-89.610506,32.31454
shuffled_severe,random_11,10-8-11-11-9-14-8-9,0.0155,False,network,21,1,5,-89.610506,32.31454
shuffled_severe,random_11,10-8-11-11-9-14-8-9,0.016,False,network,21,1,5,-89.610506,32.31454
shuffled_severe,random_11,10-8-11-11-9-14-8-9,0.0165,False,network,20,1,5,-89.434778,32.31454
shuffled_severe,random_11,10-8-11-11-9-14-8-9,0.017,False,network,20,1,5,-89.434778,32.31454
shuffled_severe,random_11,10-8-11-11-9-14-8-9,0.0175,False,network,19,1,5,-89.251594,32.31454
shuffled_severe,random_11,10-8-11-11-9-14-8-9,0.018,False,network,19,1,5,-89.251594,32.30782
shuffled_severe,random_11,10-8-11-11-9-14-8-9,0.0185,False,network,19,1,5,-89.251594,32.30782
shuffled_severe,random_11,10-8-11-11-9-14-8-9,0.019,False,network,19,1,5,-89.251594,32.30782
shuffled_severe,random_11,10-8-11-11-9-14-8-9,0.0195,False,network,19,1,5,-89.251594,32.30782
shuffled_severe,random_11,10-8-11-11-9-14-8-9,0.02,False,network,18,1,5,-89.086968,32.3011
shuffled_severe,random_11,10-8-11-11-9-14-8-9,0.0205,False,network,18,1,5,-89.086968,32.3011
shuffled_severe,random_11,10-8-11-11-9-14-8-9,0.021,False,network,18,1,5,-89.086968,32.3011
shuffled_severe,random_11,10-8-11-11-9-14-8-9,0.0215,False,network,18,1,5,-89.086968,32.3011
shuffled_severe,random_11,10-8-11-11-9-14-8-9,0.022,False,network,17,1,5,-88.911473,32.3011
shuffled_severe,random_12,13-11-9-12-8-10-8-9,0.006,True,,204,1,5,185.548286,30.73562
shuffled_severe,random_12,13-11-9-12-8-10-8-9,0.0065,False,network,163,1,5,-107.498742,31.22351
shuffled_severe,random_12,13-11-9-12-8-10-8-9,0.007,False,network,162,1,5,-107.331295,31.21727
shuffled_severe,random_12,13-11-9-12-8-10-8-9,0.0075,False,network,159,1,5,-106.760616,31.21727
shuffled_severe,random_12,13-11-9-12-8-10-8-9,0.008,False,network,110,1,5,-77.817291,30.01685
shuffled_severe,random_12,13-11-9-12-8-10-8-9,0.0085,False,network,99,1,5,-84.420507,30.01061
shuffled_severe,random_12,13-11-9-12-8-10-8-9,0.009,False,network,70,1,5,-65.576105,29.85461
shuffled_severe,random_12,13-11-9-12-8-10-8-9,0.0095,False,network,69,1,5,-65.389061,29.84837
shuffled_severe,random_12,13-11-9-12-8-10-8-9,0.01,False,network,68,1,5,-65.221614,30.46613
shuffled_severe,random_12,13-11-9-12-8-10-8-9,0.0105,False,network,67,1,5,-65.053949,30.46613
shuffled_severe,random_12,13-11-9-12-8-10-8-9,0.011,False,network,66,1,5,-64.867161,30.45989
shuffled_severe,random_12,13-11-9-12-8-10-8-9,0.0115,False,network,66,1,5,-64.867161,30.45989
shuffled_severe,random_12,13-11-9-12-8-10-8-9,0.012,False,network,66,1,5,-64.867161,30.45989
shuffled_severe,random_12,13-11-9-12-8-10-8-9,0.0125,False,network,58,1,5,-81.978928,30.45989
shuffled_severe,random_12,13-11-9-12-8-10-8-9,0.013,False,network,23,1,5,-97.830311,30.45989
shuffled_severe,random_12,13-11-9-12-8-10-8-9,0.0135,False,network,21,1,5,-97.48446,30.43493
shuffled_severe,random_12,13-11-9-12-8-10-8-9,0.014,False,network,21,1,5,-97.48446,30.43493
shuffled_severe,random_12,13-11-9-12-8-10-8-9,0.0145,False,network,21,1,5,-97.48446,30.43493
shuffled_severe,random_12,13-11-9-12-8-10-8-9,0.015,False,network,21,1,5,-97.48446,30.43493
shuffled_severe,random_12,13-11-9-12-8-10-8-9,0.0155,False,network,21,1,5,-97.48446,30.43493
shuffled_severe,random_12,13-11-9-12-8-10-8-9,0.016,False,network,21,1,5,-97.48446,30.43493
shuffled_severe,random_12,13-11-9-12-8-10-8-9,0.0165,False,network,20,1,5,-97.306078,30.43493
shuffled_severe,random_12,13-11-9-12-8-10-8-9,0.017,False,network,20,1,5,-97.306078,30.43493
shuffled_severe,random_12,13-11-9-12-8-10-8-9,0.0175,False,network,19,1,5,-97.120056,30.43493
shuffled_severe,random_12,13-11-9-12-8-10-8-9,0.018,False,network,19,1,5,-97.120056,30.42869
shuffled_severe,random_12,13-11-9-12-8-10-8-9,0.0185,False,network,19,1,5,-97.120056,30.42869
shuffled_severe,random_12,13-11-9-12-8-10-8-9,0.019,False,network,19,1,5,-97.120056,30.42869
shuffled_severe,random_12,13-11-9-12-8-10-8-9,0.0195,False,network,19,1,5,-97.120056,30.42869
shuffled_severe,random_12,13-11-9-12-8-10-8-9,0.02,False,network,18,1,5,-96.953042,30.42245
shuffled_severe,random_12,13-11-9-12-8-10-8-9,0.0205,False,network,18,1,5,-96.953042,30.42245
shuffled_severe,random_12,13-11-9-12-8-10-8-9,0.021,False,network,18,1,5,-96.953042,30.42245
shuffled_severe,random_12,13-11-9-12-8-10-8-9,0.0215,False,network,18,1,5,-96.953042,30.42245
shuffled_severe,random_12,13-11-9-12-8-10-8-9,0.022,False,network,17,1,5,-96.774899,30.42245
shuffled_severe,random_13,14-11-13-11-8-8-6-9,0.006,True,,204,1,5,143.193137,32.63836
shuffled_severe,random_13,14-11-13-11-8-8-6-9,0.0065,False,network,162,1,5,-163.300354,33.16378
shuffled_severe,random_13,14-11-13-11-8-8-6-9,0.007,False,network,160,1,5,-162.883211,33.15706
shuffled_severe,random_13,14-11-13-11-8-8-6-9,0.0075,False,network,111,1,5,-130.859207,31.87102
shuffled_severe,random_13,14-11-13-11-8-8-6-9,0.008,False,network,110,1,5,-130.674372,31.8643
shuffled_severe,random_13,14-11-13-11-8-8-6-9,0.0085,False,network,98,1,5,-137.79734,31.85086
shuffled_severe,random_13,14-11-13-11-8-8-6-9,0.009,False,network,69,1,5,-116.856412,31.68286
shuffled_severe,random_13,14-11-13-11-8-8-6-9,0.0095,False,network,69,1,5,-116.856412,32.34814
shuffled_severe,random_13,14-11-13-11-8-8-6-9,0.01,False,network,68,1,5,-116.671832,32.34814
shuffled_severe,random_13,14-11-13-11-8-8-6-9,0.0105,False,network,66,1,5,-116.279668,32.34142
shuffled_severe,random_13,14-11-13-11-8-8-6-9,0.011,False,network,66,1,5,-116.279668,32.34142
shuffled_severe,random_13,14-11-13-11-8-8-6-9,0.0115,False,network,66,1,5,-116.279668,32.34142
shuffled_severe,random_13,14-11-13-11-8-8-6-9,0.012,False,network,66,1,5,-116.279668,32.34142
shuffled_severe,random_13,14-11-13-11-8-8-6-9,0.0125,False,network,57,1,5,-135.089668,32.34142
shuffled_severe,random_13,14-11-13-11-8-8-6-9,0.013,False,network,21,1,5,-152.418413,32.32126
shuffled_severe,random_13,14-11-13-11-8-8-6-9,0.0135,False,network,21,1,5,-152.418413,32.31454
shuffled_severe,random_13,14-11-13-11-8-8-6-9,0.014,False,network,21,1,5,-152.418413,32.31454
shuffled_severe,random_13,14-11-13-11-8-8-6-9,0.0145,False,network,21,1,5,-152.418413,32.31454
shuffled_severe,random_13,14-11-13-11-8-8-6-9,0.015,False,network,21,1,5,-152.418413,32.31454
shuffled_severe,random_13,14-11-13-11-8-8-6-9,0.0155,False,network,21,1,5,-152.418413,32.31454
shuffled_severe,random_13,14-11-13-11-8-8-6-9,0.016,False,network,21,1,5,-152.418413,32.31454
shuffled_severe,random_13,14-11-13-11-8-8-6-9,0.0165,False,network,20,1,5,-152.221001,32.31454
shuffled_severe,random_13,14-11-13-11-8-8-6-9,0.017,False,network,19,1,5,-152.014577,32.31454
shuffled_severe,random_13,14-11-13-11-8-8-6-9,0.0175,False,network,19,1,5,-152.014577,32.31454
shuffled_severe,random_13,14-11-13-11-8-8-6-9,0.018,False,network,19,1,5,-152.014577,32.30782
shuffled_severe,random_13,14-11-13-11-8-8-6-9,0.0185,False,network,19,1,5,-152.014577,32.30782
shuffled_severe,random_13,14-11-13-11-8-8-6-9,0.019,False,network,19,1,5,-152.014577,32.30782
shuffled_severe,random_13,14-11-13-11-8-8-6-9,0.0195,False,network,18,1,5,-151.830504,32.3011
shuffled_severe,random_13,14-11-13-11-8-8-6-9,0.02,False,network,18,1,5,-151.830504,32.3011
shuffled_severe,random_13,14-11-13-11-8-8-6-9,0.0205,False,network,18,1,5,-151.830504,32.3011
shuffled_severe,random_13,14-11-13-11-8-8-6-9,0.021,False,network,18,1,5,-151.830504,32.3011
shuffled_severe,random_13,14-11-13-11-8-8-6-9,0.0215,False,network,17,1,5,-151.633373,32.3011
shuffled_severe,random_13,14-11-13-11-8-8-6-9,0.022,False,network,17,1,5,-151.633373,32.3011
shuffled_severe,random_14,12-10-11-9-10-11-10-7,0.006,True,,204,1,5,132.623609,28.83288
shuffled_severe,random_14,12-10-11-9-10-11-10-7,0.0065,False,network,162,1,5,-177.290576,29.28324
shuffled_severe,random_14,12-10-11-9-10-11-10-7,0.007,False,network,160,1,5,-176.862725,29.27748
shuffled_severe,random_14,12-10-11-9-10-11-10-7,0.0075,False,network,111,1,5,-144.053195,28.1694
shuffled_severe,random_14,12-10-11-9-10-11-10-7,0.008,False,network,109,1,5,-143.640819,28.1694
shuffled_severe,random_14,12-10-11-9-10-11-10-7,0.0085,False,network,97,1,5,-150.973666,28.15788
shuffled_severe,random_14,12-10-11-9-10-11-10-7,0.009,False,network,69,1,5,-129.688092,28.01388
shuffled_severe,random_14,12-10-11-9-10-11-10-7,0.0095,False,network,69,1,5,-129.688092,28.58412
shuffled_severe,random_14,12-10-11-9-10-11-10-7,0.01,False,network,68,1,5,-129.499122,28.58412
shuffled_severe,random_14,12-10-11-9-10-11-10-7,0.0105,False,network,66,1,5,-129.097261,28.57836
shuffled_severe,random_14,12-10-11-9-10-11-10-7,0.011,False,network,66,1,5,-129.097261,28.57836
shuffled_severe,random_14,12-10-11-9-10-11-10-7,0.0115,False,network,66,1,5,-129.097261,28.57836
shuffled_severe,random_14,12-10-11-9-10-11-10-7,0.012,False,network,58,1,5,-148.604769,28.57836
shuffled_severe,random_14,12-10-11-9-10-11-10-7,0.0125,False,network,23,1,5,-166.532811,28.57836
shuffled_severe,random_14,12-10-11-9-10-11-10-7,0.013,False,network,21,1,5,-166.141505,28.55532
shuffled_severe,random_14,12-10-11-9-10-11-10-7,0.0135,False,network,21,1,5,-166.141505,28.55532
shuffled_severe,random_14,12-10-11-9-10-11-10-7,0.014,False,network,21,1,5,-166.141505,28.55532
shuffled_severe,random_14,12-10-11-9-10-11-10-7,0.0145,False,network,21,1,5,-166.141505,28.55532
shuffled_severe,random_14,12-10-11-9-10-11-10-7,0.015,False,network,21,1,5,-166.141505,28.55532
shuffled_severe,random_14,12-10-11-9-10-11-10-7,0.0155,False,network,21,1,5,-166.141505,28.55532
shuffled_severe,random_14,12-10-11-9-10-11-10-7,0.016,False,network,20,1,5,-165.939198,28.55532
shuffled_severe,random_14,12-10-11-9-10-11-10-7,0.0165,False,network,20,1,5,-165.939198,28.55532
shuffled_severe,random_14,12-10-11-9-10-11-10-7,0.017,False,network,19,1,5,-165.727513,28.55532
shuffled_severe,random_14,12-10-11-9-10-11-10-7,0.0175,False,network,19,1,5,-165.727513,28.54956
shuffled_severe,random_14,12-10-11-9-10-11-10-7,0.018,False,network,19,1,5,-165.727513,28.54956
shuffled_severe,random_14,12-10-11-9-10-11-10-7,0.0185,False,network,19,1,5,-165.727513,28.54956
shuffled_severe,random_14,12-10-11-9-10-11-10-7,0.019,False,network,19,1,5,-165.727513,28.54956
shuffled_severe,random_14,12-10-11-9-10-11-10-7,0.0195,False,network,18,1,5,-165.53907,28.5438
shuffled_severe,random_14,12-10-11-9-10-11-10-7,0.02,False,network,18,1,5,-165.53907,28.5438
shuffled_severe,random_14,12-10-11-9-10-11-10-7,0.0205,False,network,18,1,5,-165.53907,28.5438
shuffled_severe,random_14,12-10-11-9-10-11-10-7,0.021,False,network,18,1,5,-165.53907,28.5438
shuffled_severe,random_14,12-10-11-9-10-11-10-7,0.0215,False,network,17,1,5,-165.337055,28.5438
shuffled_severe,random_14,12-10-11-9-10-11-10-7,0.022,False,network,17,1,5,-165.337055,28.5438
shuffled_severe,random_15,12-6-11-11-9-9-10-12,0.006,True,,204,1,5,149.617739,28.83288
shuffled_severe,random_15,12-6-11-11-9-9-10-12,0.0065,False,network,162,1,5,-154.801085,29.28324
shuffled_severe,random_15,12-6-11-11-9-9-10-12,0.007,False,network,160,1,5,-154.390382,29.27748
shuffled_severe,random_15,12-6-11-11-9-9-10-12,0.0075,False,network,158,1,5,-153.98059,29.27172
shuffled_severe,random_15,12-6-11-11-9-9-10-12,0.008,False,network,110,1,5,-122.657062,28.1694
shuffled_severe,random_15,12-6-11-11-9-9-10-12,0.0085,False,network,98,1,5,-129.673517,28.15788
shuffled_severe,random_15,12-6-11-11-9-9-10-12,0.009,False,network,69,1,5,-109.054482,28.01388
shuffled_severe,random_15,12-6-11-11-9-9-10-12,0.0095,False,network,69,1,5,-109.054482,28.58412
shuffled_severe,random_15,12-6-11-11-9-9-10-12,0.01,False,network,68,1,5,-108.872548,28.58412
shuffled_severe,random_15,12-6-11-11-9-9-10-12,0.0105,False,network,66,1,5,-108.486223,28.57836
shuffled_severe,random_15,12-6-11-11-9-9-10-12,0.011,False,network,66,1,5,-108.486223,28.57836
shuffled_severe,random_15,12-6-11-11-9-9-10-12,0.0115,False,network,66,1,5,-108.486223,28.57836
shuffled_severe,random_15,12-6-11-11-9-9-10-12,0.012,False,network,66,1,5,-108.486223,28.57836
shuffled_severe,random_15,12-6-11-11-9-9-10-12,0.0125,False,network,23,1,5,-144.456214,28.57836
shuffled_severe,random_15,12-6-11-11-9-9-10-12,0.013,False,network,22,1,5,-144.261474,28.56684
shuffled_severe,random_15,12-6-11-11-9-9-10-12,0.0135,False,network,21,1,5,-144.079788,28.55532
shuffled_severe,random_15,12-6-11-11-9-9-10-12,0.014,False,network,21,1,5,-144.079788,28.55532
shuffled_severe,random_15,12-6-11-11-9-9-10-12,0.0145,False,network,21,1,5,-144.079788,28.55532
shuffled_severe,random_15,12-6-11-11-9-9-10-12,0.015,False,network,21,1,5,-144.079788,28.55532
shuffled_severe,random_15,12-6-11-11-9-9-10-12,0.0155,False,network,21,1,5,-144.079788,28.55532
shuffled_severe,random_15,12-6-11-11-9-9-10-12,0.016,False,network,21,1,5,-144.079788,28.55532
shuffled_severe,random_15,12-6-11-11-9-9-10-12,0.0165,False,network,20,1,5,-143.885323,28.55532
shuffled_severe,random_15,12-6-11-11-9-9-10-12,0.017,False,network,19,1,5,-143.682063,28.55532
shuffled_severe,random_15,12-6-11-11-9-9-10-12,0.0175,False,network,19,1,5,-143.682063,28.55532
shuffled_severe,random_15,12-6-11-11-9-9-10-12,0.018,False,network,19,1,5,-143.682063,28.54956
shuffled_severe,random_15,12-6-11-11-9-9-10-12,0.0185,False,network,19,1,5,-143.682063,28.54956
shuffled_severe,random_15,12-6-11-11-9-9-10-12,0.019,False,network,19,1,5,-143.682063,28.54956
shuffled_severe,random_15,12-6-11-11-9-9-10-12,0.0195,False,network,18,1,5,-143.500625,28.5438
shuffled_severe,random_15,12-6-11-11-9-9-10-12,0.02,False,network,18,1,5,-143.500625,28.5438
shuffled_severe,random_15,12-6-11-11-9-9-10-12,0.0205,False,network,18,1,5,-143.500625,28.5438
shuffled_severe,random_15,12-6-11-11-9-9-10-12,0.021,False,network,18,1,5,-143.500625,28.5438
shuffled_severe,random_15,12-6-11-11-9-9-10-12,0.0215,False,network,17,1,5,-143.306433,28.5438
shuffled_severe,random_15,12-6-11-11-9-9-10-12,0.022,False,network,17,1,5,-143.306433,28.5438
shuffled_severe,random_16,7-10-12-13-10-10-8-10,0.006,True,,204,1,5,225.799833,30.74186
shuffled_severe,random_16,7-10-12-13-10-10-8-10,0.0065,True,,204,1,5,226.237743,31.11119
shuffled_severe,random_16,7-10-12-13-10-10-8-10,0.007,False,network,162,1,5,-54.078847,31.22351
shuffled_severe,random_16,7-10-12-13-10-10-8-10,0.0075,False,network,160,1,5,-53.740699,31.21727
shuffled_severe,random_16,7-10-12-13-10-10-8-10,0.008,False,network,111,1,5,-27.542093,30.01685
shuffled_severe,random_16,7-10-12-13-10-10-8-10,0.0085,False,network,109,1,5,-27.21472,30.01685
shuffled_severe,random_16,7-10-12-13-10-10-8-10,0.009,False,network,97,1,5,-33.051313,29.99813
shuffled_severe,random_16,7-10-12-13-10-10-8-10,0.0095,False,network,69,1,5,-16.221496,29.84837
shuffled_severe,random_16,7-10-12-13-10-10-8-10,0.01,False,network,69,1,5,-16.221496,30.46613
shuffled_severe,random_16,7-10-12-13-10-10-8-10,0.0105,False,network,68,1,5,-16.069703,30.46613
shuffled_severe,random_16,7-10-12-13-10-10-8-10,0.011,False,network,66,1,5,-15.749512,30.45989
shuffled_severe,random_16,7-10-12-13-10-10-8-10,0.0115,False,network,66,1,5,-15.749512,30.45989
shuffled_severe,random_16,7-10-12-13-10-10-8-10,0.012,False,network,66,1,5,-15.749512,30.45989
shuffled_severe,random_16,7-10-12-13-10-10-8-10,0.0125,False,network,66,1,5,-15.749512,30.45989
shuffled_severe,random_16,7-10-12-13-10-10-8-10,0.013,False,network,23,1,5,-45.480135,30.45989
shuffled_severe,random_16,7-10-12-13-10-10-8-10,0.0135,False,network,22,1,5,-45.318837,30.45365
shuffled_severe,random_16,7-10-12-13-10-10-8-10,0.014,False,network,21,1,5,-45.167228,30.43493
shuffled_severe,random_16,7-10-12-13-10-10-8-10,0.0145,False,network,21,1,5,-45.167228,30.43493
shuffled_severe,random_16,7-10-12-13-10-10-8-10,0.015,False,network,21,1,5,-45.167228,30.43493
shuffled_severe,random_16,7-10-12-13-10-10-8-10,0.0155,False,network,21,1,5,-45.167228,30.43493
shuffled_severe,random_16,7-10-12-13-10-10-8-10,0.016,False,network,21,1,5,-45.167228,30.43493
shuffled_severe,random_16,7-10-12-13-10-10-8-10,0.0165,False,network,21,1,5,-45.167228,30.43493
shuffled_severe,random_16,7-10-12-13-10-10-8-10,0.017,False,network,20,1,5,-45.006133,30.43493
shuffled_severe,random_16,7-10-12-13-10-10-8-10,0.0175,False,network,19,1,5,-44.838567,30.43493
shuffled_severe,random_16,7-10-12-13-10-10-8-10,0.018,False,network,19,1,5,-44.838567,30.43493
shuffled_severe,random_16,7-10-12-13-10-10-8-10,0.0185,False,network,19,1,5,-44.838567,30.42869
shuffled_severe,random_16,7-10-12-13-10-10-8-10,0.019,False,network,19,1,5,-44.838567,30.42869
shuffled_severe,random_16,7-10-12-13-10-10-8-10,0.0195,False,network,19,1,5,-44.838567,30.42869
shuffled_severe,random_16,7-10-12-13-10-10-8-10,0.02,False,network,19,1,5,-44.838567,30.42869
shuffled_severe,random_16,7-10-12-13-10-10-8-10,0.0205,False,network,18,1,5,-44.687143,30.42245
shuffled_severe,random_16,7-10-12-13-10-10-8-10,0.021,False,network,18,1,5,-44.687143,30.42245
shuffled_severe,random_16,7-10-12-13-10-10-8-10,0.0215,False,network,18,1,5,-44.687143,30.42245
shuffled_severe,random_16,7-10-12-13-10-10-8-10,0.022,False,network,18,1,5,-44.687143,30.42245
shuffled_severe,random_17,7-15-8-10-10-10-8-12,0.006,True,,204,1,5,268.952371,34.5483
shuffled_severe,random_17,7-15-8-10-10-10-8-12,0.0065,True,,204,1,5,269.089377,34.5411
shuffled_severe,random_17,7-15-8-10-10-10-8-12,0.007,True,,204,1,6,2.623629,35.50005
shuffled_severe,random_17,7-15-8-10-10-10-8-12,0.0075,True,,204,1,6,2.76839,35.49285
shuffled_severe,random_17,7-15-8-10-10-10-8-12,0.008,True,,204,1,6,3.079169,35.47845
shuffled_severe,random_17,7-15-8-10-10-10-8-12,0.0085,True,,204,1,6,2.820815,35.49285
shuffled_severe,random_17,7-15-8-10-10-10-8-12,0.009,False,network,146,1,6,-6.381057,35.07525
shuffled_severe,random_17,7-15-8-10-10-10-8-12,0.0095,False,network,116,1,6,-245.241027,34.10775
shuffled_severe,random_17,7-15-8-10-10-10-8-12,0.01,False,network,105,1,6,-255.010057,34.09335
shuffled_severe,random_17,7-15-8-10-10-10-8-12,0.0105,False,network,103,1,6,-254.702244,34.23015
shuffled_severe,random_17,7-15-8-10-10-10-8-12,0.011,False,network,101,1,6,-254.398888,34.23015
shuffled_severe,random_17,7-15-8-10-10-10-8-12,0.0115,False,network,74,1,6,-248.450532,34.22295
shuffled_severe,random_17,7-15-8-10-10-10-8-12,0.012,False,network,74,1,6,-248.450532,34.22295
shuffled_severe,random_17,7-15-8-10-10-10-8-12,0.0125,False,network,73,1,6,-248.286851,34.22295
shuffled_severe,random_17,7-15-8-10-10-10-8-12,0.013,False,network,73,1,6,-248.286851,34.22295
shuffled_severe,random_17,7-15-8-10-10-10-8-12,0.0135,False,network,70,1,6,-247.839798,34.35255
shuffled_severe,random_17,7-15-8-10-10-10-8-12,0.014,False,network,68,1,6,-247.553019,34.34535
shuffled_severe,random_17,7-15-8-10-10-10-8-12,0.0145,False,network,68,1,6,-247.553019,34.34535
shuffled_severe,random_17,7-15-8-10-10-10-8-12,0.015,False,network,68,1,6,-247.553019,34.34535
shuffled_severe,random_17,7-15-8-10-10-10-8-12,0.0155,False,network,60,1,6,-248.179194,34.34535
shuffled_severe,random_17,7-15-8-10-10-10-8-12,0.016,False,network,60,1,6,-248.179194,34.34535
shuffled_severe,random_17,7-15-8-10-10-10-8-12,0.0165,False,network,59,1,6,-248.021366,34.34535
shuffled_severe,random_17,7-15-8-10-10-10-8-12,0.017,False,network,26,1,6,-259.475208,34.33815
shuffled_severe,random_17,7-15-8-10-10-10-8-12,0.0175,False,network,26,1,6,-259.475208,34.33095
shuffled_severe,random_17,7-15-8-10-10-10-8-12,0.018,False,network,26,1,6,-259.475208,34.33095
shuffled_severe,random_17,7-15-8-10-10-10-8-12,0.0185,False,network,25,1,6,-259.332072,34.32375
shuffled_severe,random_17,7-15-8-10-10-10-8-12,0.019,False,network,25,1,6,-259.332072,34.32375
shuffled_severe,random_17,7-15-8-10-10-10-8-12,0.0195,False,network,25,1,6,-259.332072,34.32375
shuffled_severe,random_17,7-15-8-10-10-10-8-12,0.02,False,network,24,1,6,-259.180675,34.32375
shuffled_severe,random_17,7-15-8-10-10-10-8-12,0.0205,False,network,24,1,6,-259.180675,34.32375
shuffled_severe,random_17,7-15-8-10-10-10-8-12,0.021,False,network,23,1,6,-259.02891,34.31655
shuffled_severe,random_17,7-15-8-10-10-10-8-12,0.0215,False,network,23,1,6,-259.02891,34.31655
shuffled_severe,random_17,7-15-8-10-10-10-8-12,0.022,False,network,23,1,6,-259.02891,34.31655
